13-Apr-2026 00:06:35.389 INFO [main] org.apache.catalina.startup.VersionLoggerListener.log Server version name:   Apache Tomcat/9.0.85
13-Apr-2026 00:06:35.401 INFO [main] org.apache.catalina.startup.VersionLoggerListener.log Server built:          Jan 5 2024 08:28:07 UTC
13-Apr-2026 00:06:35.402 INFO [main] org.apache.catalina.startup.VersionLoggerListener.log Server version number: 9.0.85.0
13-Apr-2026 00:06:35.402 INFO [main] org.apache.catalina.startup.VersionLoggerListener.log OS Name:               Linux
13-Apr-2026 00:06:35.403 INFO [main] org.apache.catalina.startup.VersionLoggerListener.log OS Version:            5.15.0-139-generic
13-Apr-2026 00:06:35.404 INFO [main] org.apache.catalina.startup.VersionLoggerListener.log Architecture:          amd64
13-Apr-2026 00:06:35.404 INFO [main] org.apache.catalina.startup.VersionLoggerListener.log Java Home:             /usr/lib/jvm/java-17-openjdk-amd64
13-Apr-2026 00:06:35.405 INFO [main] org.apache.catalina.startup.VersionLoggerListener.log JVM Version:           17.0.15+6-Ubuntu-0ubuntu120.04
13-Apr-2026 00:06:35.405 INFO [main] org.apache.catalina.startup.VersionLoggerListener.log JVM Vendor:            Ubuntu
13-Apr-2026 00:06:35.405 INFO [main] org.apache.catalina.startup.VersionLoggerListener.log CATALINA_BASE:         /home/moni/Desktop/apache-tomcat-9.0.85
13-Apr-2026 00:06:35.406 INFO [main] org.apache.catalina.startup.VersionLoggerListener.log CATALINA_HOME:         /home/moni/Desktop/apache-tomcat-9.0.85
13-Apr-2026 00:06:35.443 INFO [main] org.apache.catalina.startup.VersionLoggerListener.log Command line argument: --add-opens=java.base/java.lang=ALL-UNNAMED
13-Apr-2026 00:06:35.444 INFO [main] org.apache.catalina.startup.VersionLoggerListener.log Command line argument: --add-opens=java.base/java.io=ALL-UNNAMED
13-Apr-2026 00:06:35.445 INFO [main] org.apache.catalina.startup.VersionLoggerListener.log Command line argument: --add-opens=java.base/java.util=ALL-UNNAMED
13-Apr-2026 00:06:35.445 INFO [main] org.apache.catalina.startup.VersionLoggerListener.log Command line argument: --add-opens=java.base/java.util.concurrent=ALL-UNNAMED
13-Apr-2026 00:06:35.446 INFO [main] org.apache.catalina.startup.VersionLoggerListener.log Command line argument: --add-opens=java.rmi/sun.rmi.transport=ALL-UNNAMED
13-Apr-2026 00:06:35.446 INFO [main] org.apache.catalina.startup.VersionLoggerListener.log Command line argument: -Djava.util.logging.config.file=/home/moni/Desktop/apache-tomcat-9.0.85/conf/logging.properties
13-Apr-2026 00:06:35.447 INFO [main] org.apache.catalina.startup.VersionLoggerListener.log Command line argument: -Djava.util.logging.manager=org.apache.juli.ClassLoaderLogManager
13-Apr-2026 00:06:35.447 INFO [main] org.apache.catalina.startup.VersionLoggerListener.log Command line argument: -Djdk.tls.ephemeralDHKeySize=2048
13-Apr-2026 00:06:35.447 INFO [main] org.apache.catalina.startup.VersionLoggerListener.log Command line argument: -Djava.protocol.handler.pkgs=org.apache.catalina.webresources
13-Apr-2026 00:06:35.448 INFO [main] org.apache.catalina.startup.VersionLoggerListener.log Command line argument: -Dorg.apache.catalina.security.SecurityListener.UMASK=0027
13-Apr-2026 00:06:35.448 INFO [main] org.apache.catalina.startup.VersionLoggerListener.log Command line argument: -Dignore.endorsed.dirs=
13-Apr-2026 00:06:35.449 INFO [main] org.apache.catalina.startup.VersionLoggerListener.log Command line argument: -Dcatalina.base=/home/moni/Desktop/apache-tomcat-9.0.85
13-Apr-2026 00:06:35.449 INFO [main] org.apache.catalina.startup.VersionLoggerListener.log Command line argument: -Dcatalina.home=/home/moni/Desktop/apache-tomcat-9.0.85
13-Apr-2026 00:06:35.449 INFO [main] org.apache.catalina.startup.VersionLoggerListener.log Command line argument: -Djava.io.tmpdir=/home/moni/Desktop/apache-tomcat-9.0.85/temp
13-Apr-2026 00:06:35.455 INFO [main] org.apache.catalina.core.AprLifecycleListener.lifecycleEvent The Apache Tomcat Native library which allows using OpenSSL was not found on the java.library.path: [/usr/java/packages/lib:/usr/lib/x86_64-linux-gnu/jni:/lib/x86_64-linux-gnu:/usr/lib/x86_64-linux-gnu:/usr/lib/jni:/lib:/usr/lib]
13-Apr-2026 00:06:36.402 INFO [main] org.apache.coyote.AbstractProtocol.init Initializing ProtocolHandler ["http-nio-8080"]
13-Apr-2026 00:06:36.450 INFO [main] org.apache.catalina.startup.Catalina.load Server initialization in [1681] milliseconds
13-Apr-2026 00:06:36.545 INFO [main] org.apache.catalina.core.StandardService.startInternal Starting service [Catalina]
13-Apr-2026 00:06:36.545 INFO [main] org.apache.catalina.core.StandardEngine.startInternal Starting Servlet engine: [Apache Tomcat/9.0.85]
13-Apr-2026 00:06:36.579 INFO [main] org.apache.catalina.startup.HostConfig.deployWAR Deploying web application archive [/home/moni/Desktop/apache-tomcat-9.0.85/webapps/Amazon.war]
13-Apr-2026 00:06:44.232 INFO [main] org.apache.jasper.servlet.TldScanner.scanJars At least one JAR was scanned for TLDs yet contained no TLDs. Enable debug logging for this logger for a complete list of JARs that were scanned but no TLDs were found in them. Skipping unneeded JARs during scanning can improve startup time and JSP compilation time.
13-Apr-2026 00:06:44.305 INFO [main] org.apache.catalina.startup.HostConfig.deployWAR Deployment of web application archive [/home/moni/Desktop/apache-tomcat-9.0.85/webapps/Amazon.war] has finished in [7,725] ms
13-Apr-2026 00:06:44.307 INFO [main] org.apache.catalina.startup.HostConfig.deployDirectory Deploying web application directory [/home/moni/Desktop/apache-tomcat-9.0.85/webapps/examples]
13-Apr-2026 00:06:44.715 INFO [main] org.apache.catalina.startup.HostConfig.deployDirectory Deployment of web application directory [/home/moni/Desktop/apache-tomcat-9.0.85/webapps/examples] has finished in [407] ms
13-Apr-2026 00:06:44.716 INFO [main] org.apache.catalina.startup.HostConfig.deployDirectory Deploying web application directory [/home/moni/Desktop/apache-tomcat-9.0.85/webapps/ROOT]
13-Apr-2026 00:06:44.746 INFO [main] org.apache.catalina.startup.HostConfig.deployDirectory Deployment of web application directory [/home/moni/Desktop/apache-tomcat-9.0.85/webapps/ROOT] has finished in [30] ms
13-Apr-2026 00:06:44.746 INFO [main] org.apache.catalina.startup.HostConfig.deployDirectory Deploying web application directory [/home/moni/Desktop/apache-tomcat-9.0.85/webapps/host-manager]
13-Apr-2026 00:06:44.796 INFO [main] org.apache.catalina.startup.HostConfig.deployDirectory Deployment of web application directory [/home/moni/Desktop/apache-tomcat-9.0.85/webapps/host-manager] has finished in [49] ms
13-Apr-2026 00:06:44.796 INFO [main] org.apache.catalina.startup.HostConfig.deployDirectory Deploying web application directory [/home/moni/Desktop/apache-tomcat-9.0.85/webapps/manager]
13-Apr-2026 00:06:44.842 INFO [main] org.apache.catalina.startup.HostConfig.deployDirectory Deployment of web application directory [/home/moni/Desktop/apache-tomcat-9.0.85/webapps/manager] has finished in [45] ms
13-Apr-2026 00:06:44.842 INFO [main] org.apache.catalina.startup.HostConfig.deployDirectory Deploying web application directory [/home/moni/Desktop/apache-tomcat-9.0.85/webapps/docs]
13-Apr-2026 00:06:44.876 INFO [main] org.apache.catalina.startup.HostConfig.deployDirectory Deployment of web application directory [/home/moni/Desktop/apache-tomcat-9.0.85/webapps/docs] has finished in [34] ms
13-Apr-2026 00:06:44.885 INFO [main] org.apache.coyote.AbstractProtocol.start Starting ProtocolHandler ["http-nio-8080"]
13-Apr-2026 00:06:44.929 INFO [main] org.apache.catalina.startup.Catalina.start Server startup in [8478] milliseconds
13-Apr-2026 00:06:47.088 INFO [main] org.apache.catalina.startup.VersionLoggerListener.log Server version name:   Apache Tomcat/9.0.85
13-Apr-2026 00:06:47.101 INFO [main] org.apache.catalina.startup.VersionLoggerListener.log Server built:          Jan 5 2024 08:28:07 UTC
13-Apr-2026 00:06:47.101 INFO [main] org.apache.catalina.startup.VersionLoggerListener.log Server version number: 9.0.85.0
13-Apr-2026 00:06:47.101 INFO [main] org.apache.catalina.startup.VersionLoggerListener.log OS Name:               Linux
13-Apr-2026 00:06:47.101 INFO [main] org.apache.catalina.startup.VersionLoggerListener.log OS Version:            5.15.0-139-generic
13-Apr-2026 00:06:47.101 INFO [main] org.apache.catalina.startup.VersionLoggerListener.log Architecture:          amd64
13-Apr-2026 00:06:47.101 INFO [main] org.apache.catalina.startup.VersionLoggerListener.log Java Home:             /usr/lib/jvm/java-17-openjdk-amd64
13-Apr-2026 00:06:47.102 INFO [main] org.apache.catalina.startup.VersionLoggerListener.log JVM Version:           17.0.15+6-Ubuntu-0ubuntu120.04
13-Apr-2026 00:06:47.102 INFO [main] org.apache.catalina.startup.VersionLoggerListener.log JVM Vendor:            Ubuntu
13-Apr-2026 00:06:47.103 INFO [main] org.apache.catalina.startup.VersionLoggerListener.log CATALINA_BASE:         /home/moni/Desktop/apache-tomcat-9.0.85
13-Apr-2026 00:06:47.104 INFO [main] org.apache.catalina.startup.VersionLoggerListener.log CATALINA_HOME:         /home/moni/Desktop/apache-tomcat-9.0.85
13-Apr-2026 00:06:47.134 INFO [main] org.apache.catalina.startup.VersionLoggerListener.log Command line argument: --add-opens=java.base/java.lang=ALL-UNNAMED
13-Apr-2026 00:06:47.135 INFO [main] org.apache.catalina.startup.VersionLoggerListener.log Command line argument: --add-opens=java.base/java.io=ALL-UNNAMED
13-Apr-2026 00:06:47.135 INFO [main] org.apache.catalina.startup.VersionLoggerListener.log Command line argument: --add-opens=java.base/java.util=ALL-UNNAMED
13-Apr-2026 00:06:47.136 INFO [main] org.apache.catalina.startup.VersionLoggerListener.log Command line argument: --add-opens=java.base/java.util.concurrent=ALL-UNNAMED
13-Apr-2026 00:06:47.136 INFO [main] org.apache.catalina.startup.VersionLoggerListener.log Command line argument: --add-opens=java.rmi/sun.rmi.transport=ALL-UNNAMED
13-Apr-2026 00:06:47.136 INFO [main] org.apache.catalina.startup.VersionLoggerListener.log Command line argument: -Djava.util.logging.config.file=/home/moni/Desktop/apache-tomcat-9.0.85/conf/logging.properties
13-Apr-2026 00:06:47.138 INFO [main] org.apache.catalina.startup.VersionLoggerListener.log Command line argument: -Djava.util.logging.manager=org.apache.juli.ClassLoaderLogManager
13-Apr-2026 00:06:47.138 INFO [main] org.apache.catalina.startup.VersionLoggerListener.log Command line argument: -Djdk.tls.ephemeralDHKeySize=2048
13-Apr-2026 00:06:47.139 INFO [main] org.apache.catalina.startup.VersionLoggerListener.log Command line argument: -Djava.protocol.handler.pkgs=org.apache.catalina.webresources
13-Apr-2026 00:06:47.139 INFO [main] org.apache.catalina.startup.VersionLoggerListener.log Command line argument: -Dorg.apache.catalina.security.SecurityListener.UMASK=0027
13-Apr-2026 00:06:47.139 INFO [main] org.apache.catalina.startup.VersionLoggerListener.log Command line argument: -Dignore.endorsed.dirs=
13-Apr-2026 00:06:47.140 INFO [main] org.apache.catalina.startup.VersionLoggerListener.log Command line argument: -Dcatalina.base=/home/moni/Desktop/apache-tomcat-9.0.85
13-Apr-2026 00:06:47.140 INFO [main] org.apache.catalina.startup.VersionLoggerListener.log Command line argument: -Dcatalina.home=/home/moni/Desktop/apache-tomcat-9.0.85
13-Apr-2026 00:06:47.140 INFO [main] org.apache.catalina.startup.VersionLoggerListener.log Command line argument: -Djava.io.tmpdir=/home/moni/Desktop/apache-tomcat-9.0.85/temp
13-Apr-2026 00:06:47.149 INFO [main] org.apache.catalina.core.AprLifecycleListener.lifecycleEvent The Apache Tomcat Native library which allows using OpenSSL was not found on the java.library.path: [/usr/java/packages/lib:/usr/lib/x86_64-linux-gnu/jni:/lib/x86_64-linux-gnu:/usr/lib/x86_64-linux-gnu:/usr/lib/jni:/lib:/usr/lib]
13-Apr-2026 00:06:47.884 INFO [main] org.apache.coyote.AbstractProtocol.init Initializing ProtocolHandler ["http-nio-8080"]
13-Apr-2026 00:06:47.915 SEVERE [main] org.apache.catalina.util.LifecycleBase.handleSubClassException Failed to initialize component [Connector["http-nio-8080"]]
	org.apache.catalina.LifecycleException: Protocol handler initialization failed
		at org.apache.catalina.connector.Connector.initInternal(Connector.java:1011)
		at org.apache.catalina.util.LifecycleBase.init(LifecycleBase.java:127)
		at org.apache.catalina.core.StandardService.initInternal(StandardService.java:554)
		at org.apache.catalina.util.LifecycleBase.init(LifecycleBase.java:127)
		at org.apache.catalina.core.StandardServer.initInternal(StandardServer.java:1039)
		at org.apache.catalina.util.LifecycleBase.init(LifecycleBase.java:127)
		at org.apache.catalina.startup.Catalina.load(Catalina.java:724)
		at org.apache.catalina.startup.Catalina.load(Catalina.java:746)
		at java.base/jdk.internal.reflect.NativeMethodAccessorImpl.invoke0(Native Method)
		at java.base/jdk.internal.reflect.NativeMethodAccessorImpl.invoke(NativeMethodAccessorImpl.java:77)
		at java.base/jdk.internal.reflect.DelegatingMethodAccessorImpl.invoke(DelegatingMethodAccessorImpl.java:43)
		at java.base/java.lang.reflect.Method.invoke(Method.java:569)
		at org.apache.catalina.startup.Bootstrap.load(Bootstrap.java:307)
		at org.apache.catalina.startup.Bootstrap.main(Bootstrap.java:477)
	Caused by: java.net.BindException: Address already in use
		at java.base/sun.nio.ch.Net.bind0(Native Method)
		at java.base/sun.nio.ch.Net.bind(Net.java:555)
		at java.base/sun.nio.ch.ServerSocketChannelImpl.netBind(ServerSocketChannelImpl.java:337)
		at java.base/sun.nio.ch.ServerSocketChannelImpl.bind(ServerSocketChannelImpl.java:294)
		at org.apache.tomcat.util.net.NioEndpoint.initServerSocket(NioEndpoint.java:276)
		at org.apache.tomcat.util.net.NioEndpoint.bind(NioEndpoint.java:231)
		at org.apache.tomcat.util.net.AbstractEndpoint.bindWithCleanup(AbstractEndpoint.java:1332)
		at org.apache.tomcat.util.net.AbstractEndpoint.init(AbstractEndpoint.java:1345)
		at org.apache.coyote.AbstractProtocol.init(AbstractProtocol.java:654)
		at org.apache.coyote.http11.AbstractHttp11Protocol.init(AbstractHttp11Protocol.java:75)
		at org.apache.catalina.connector.Connector.initInternal(Connector.java:1009)
		... 13 more
13-Apr-2026 00:06:47.919 INFO [main] org.apache.catalina.startup.Catalina.load Server initialization in [1300] milliseconds
13-Apr-2026 00:06:48.005 INFO [main] org.apache.catalina.core.StandardService.startInternal Starting service [Catalina]
13-Apr-2026 00:06:48.005 INFO [main] org.apache.catalina.core.StandardEngine.startInternal Starting Servlet engine: [Apache Tomcat/9.0.85]
13-Apr-2026 00:06:48.036 INFO [main] org.apache.catalina.startup.HostConfig.deployWAR Deploying web application archive [/home/moni/Desktop/apache-tomcat-9.0.85/webapps/Amazon.war]
13-Apr-2026 00:06:54.652 INFO [main] org.apache.jasper.servlet.TldScanner.scanJars At least one JAR was scanned for TLDs yet contained no TLDs. Enable debug logging for this logger for a complete list of JARs that were scanned but no TLDs were found in them. Skipping unneeded JARs during scanning can improve startup time and JSP compilation time.
13-Apr-2026 00:06:54.725 INFO [main] org.apache.catalina.startup.HostConfig.deployWAR Deployment of web application archive [/home/moni/Desktop/apache-tomcat-9.0.85/webapps/Amazon.war] has finished in [6,688] ms
13-Apr-2026 00:06:54.726 INFO [main] org.apache.catalina.startup.HostConfig.deployDirectory Deploying web application directory [/home/moni/Desktop/apache-tomcat-9.0.85/webapps/examples]
13-Apr-2026 00:06:55.107 INFO [main] org.apache.catalina.startup.HostConfig.deployDirectory Deployment of web application directory [/home/moni/Desktop/apache-tomcat-9.0.85/webapps/examples] has finished in [381] ms
13-Apr-2026 00:06:55.108 INFO [main] org.apache.catalina.startup.HostConfig.deployDirectory Deploying web application directory [/home/moni/Desktop/apache-tomcat-9.0.85/webapps/ROOT]
13-Apr-2026 00:06:55.147 INFO [main] org.apache.catalina.startup.HostConfig.deployDirectory Deployment of web application directory [/home/moni/Desktop/apache-tomcat-9.0.85/webapps/ROOT] has finished in [38] ms
13-Apr-2026 00:06:55.148 INFO [main] org.apache.catalina.startup.HostConfig.deployDirectory Deploying web application directory [/home/moni/Desktop/apache-tomcat-9.0.85/webapps/host-manager]
13-Apr-2026 00:06:55.206 INFO [main] org.apache.catalina.startup.HostConfig.deployDirectory Deployment of web application directory [/home/moni/Desktop/apache-tomcat-9.0.85/webapps/host-manager] has finished in [58] ms
13-Apr-2026 00:06:55.206 INFO [main] org.apache.catalina.startup.HostConfig.deployDirectory Deploying web application directory [/home/moni/Desktop/apache-tomcat-9.0.85/webapps/manager]
13-Apr-2026 00:06:55.251 INFO [main] org.apache.catalina.startup.HostConfig.deployDirectory Deployment of web application directory [/home/moni/Desktop/apache-tomcat-9.0.85/webapps/manager] has finished in [45] ms
13-Apr-2026 00:06:55.252 INFO [main] org.apache.catalina.startup.HostConfig.deployDirectory Deploying web application directory [/home/moni/Desktop/apache-tomcat-9.0.85/webapps/docs]
13-Apr-2026 00:06:55.296 INFO [main] org.apache.catalina.startup.HostConfig.deployDirectory Deployment of web application directory [/home/moni/Desktop/apache-tomcat-9.0.85/webapps/docs] has finished in [44] ms
13-Apr-2026 00:06:55.317 INFO [main] org.apache.catalina.startup.Catalina.start Server startup in [7397] milliseconds
13-Apr-2026 00:06:55.331 SEVERE [main] org.apache.catalina.core.StandardServer.await Failed to create server shutdown socket on address [localhost] and port [8005] (base port [8005] and offset [0])
	java.net.BindException: Address already in use
		at java.base/sun.nio.ch.Net.bind0(Native Method)
		at java.base/sun.nio.ch.Net.bind(Net.java:555)
		at java.base/sun.nio.ch.Net.bind(Net.java:544)
		at java.base/sun.nio.ch.NioSocketImpl.bind(NioSocketImpl.java:648)
		at java.base/java.net.ServerSocket.bind(ServerSocket.java:388)
		at java.base/java.net.ServerSocket.<init>(ServerSocket.java:274)
		at org.apache.catalina.core.StandardServer.await(StandardServer.java:581)
		at org.apache.catalina.startup.Catalina.await(Catalina.java:864)
		at org.apache.catalina.startup.Catalina.start(Catalina.java:810)
		at java.base/jdk.internal.reflect.NativeMethodAccessorImpl.invoke0(Native Method)
		at java.base/jdk.internal.reflect.NativeMethodAccessorImpl.invoke(NativeMethodAccessorImpl.java:77)
		at java.base/jdk.internal.reflect.DelegatingMethodAccessorImpl.invoke(DelegatingMethodAccessorImpl.java:43)
		at java.base/java.lang.reflect.Method.invoke(Method.java:569)
		at org.apache.catalina.startup.Bootstrap.start(Bootstrap.java:347)
		at org.apache.catalina.startup.Bootstrap.main(Bootstrap.java:478)
13-Apr-2026 00:06:55.333 INFO [main] org.apache.coyote.AbstractProtocol.pause Pausing ProtocolHandler ["http-nio-8080"]
13-Apr-2026 00:06:55.334 INFO [main] org.apache.catalina.core.StandardService.stopInternal Stopping service [Catalina]
13-Apr-2026 00:06:55.395 INFO [main] org.apache.coyote.AbstractProtocol.stop Stopping ProtocolHandler ["http-nio-8080"]
13-Apr-2026 00:06:55.400 INFO [main] org.apache.coyote.AbstractProtocol.destroy Destroying ProtocolHandler ["http-nio-8080"]
13-Apr-2026 00:40:06.186 INFO [main] org.apache.catalina.startup.VersionLoggerListener.log Server version name:   Apache Tomcat/9.0.85
13-Apr-2026 00:40:06.206 INFO [main] org.apache.catalina.startup.VersionLoggerListener.log Server built:          Jan 5 2024 08:28:07 UTC
13-Apr-2026 00:40:06.208 INFO [main] org.apache.catalina.startup.VersionLoggerListener.log Server version number: 9.0.85.0
13-Apr-2026 00:40:06.208 INFO [main] org.apache.catalina.startup.VersionLoggerListener.log OS Name:               Linux
13-Apr-2026 00:40:06.209 INFO [main] org.apache.catalina.startup.VersionLoggerListener.log OS Version:            5.15.0-139-generic
13-Apr-2026 00:40:06.209 INFO [main] org.apache.catalina.startup.VersionLoggerListener.log Architecture:          amd64
13-Apr-2026 00:40:06.210 INFO [main] org.apache.catalina.startup.VersionLoggerListener.log Java Home:             /usr/lib/jvm/java-17-openjdk-amd64
13-Apr-2026 00:40:06.210 INFO [main] org.apache.catalina.startup.VersionLoggerListener.log JVM Version:           17.0.15+6-Ubuntu-0ubuntu120.04
13-Apr-2026 00:40:06.211 INFO [main] org.apache.catalina.startup.VersionLoggerListener.log JVM Vendor:            Ubuntu
13-Apr-2026 00:40:06.211 INFO [main] org.apache.catalina.startup.VersionLoggerListener.log CATALINA_BASE:         /home/moni/Desktop/apache-tomcat-9.0.85
13-Apr-2026 00:40:06.212 INFO [main] org.apache.catalina.startup.VersionLoggerListener.log CATALINA_HOME:         /home/moni/Desktop/apache-tomcat-9.0.85
13-Apr-2026 00:40:06.257 INFO [main] org.apache.catalina.startup.VersionLoggerListener.log Command line argument: --add-opens=java.base/java.lang=ALL-UNNAMED
13-Apr-2026 00:40:06.257 INFO [main] org.apache.catalina.startup.VersionLoggerListener.log Command line argument: --add-opens=java.base/java.io=ALL-UNNAMED
13-Apr-2026 00:40:06.258 INFO [main] org.apache.catalina.startup.VersionLoggerListener.log Command line argument: --add-opens=java.base/java.util=ALL-UNNAMED
13-Apr-2026 00:40:06.258 INFO [main] org.apache.catalina.startup.VersionLoggerListener.log Command line argument: --add-opens=java.base/java.util.concurrent=ALL-UNNAMED
13-Apr-2026 00:40:06.259 INFO [main] org.apache.catalina.startup.VersionLoggerListener.log Command line argument: --add-opens=java.rmi/sun.rmi.transport=ALL-UNNAMED
13-Apr-2026 00:40:06.260 INFO [main] org.apache.catalina.startup.VersionLoggerListener.log Command line argument: -Djava.util.logging.config.file=/home/moni/Desktop/apache-tomcat-9.0.85/conf/logging.properties
13-Apr-2026 00:40:06.261 INFO [main] org.apache.catalina.startup.VersionLoggerListener.log Command line argument: -Djava.util.logging.manager=org.apache.juli.ClassLoaderLogManager
13-Apr-2026 00:40:06.261 INFO [main] org.apache.catalina.startup.VersionLoggerListener.log Command line argument: -Djdk.tls.ephemeralDHKeySize=2048
13-Apr-2026 00:40:06.261 INFO [main] org.apache.catalina.startup.VersionLoggerListener.log Command line argument: -Djava.protocol.handler.pkgs=org.apache.catalina.webresources
13-Apr-2026 00:40:06.262 INFO [main] org.apache.catalina.startup.VersionLoggerListener.log Command line argument: -Dorg.apache.catalina.security.SecurityListener.UMASK=0027
13-Apr-2026 00:40:06.262 INFO [main] org.apache.catalina.startup.VersionLoggerListener.log Command line argument: -Dignore.endorsed.dirs=
13-Apr-2026 00:40:06.263 INFO [main] org.apache.catalina.startup.VersionLoggerListener.log Command line argument: -Dcatalina.base=/home/moni/Desktop/apache-tomcat-9.0.85
13-Apr-2026 00:40:06.263 INFO [main] org.apache.catalina.startup.VersionLoggerListener.log Command line argument: -Dcatalina.home=/home/moni/Desktop/apache-tomcat-9.0.85
13-Apr-2026 00:40:06.263 INFO [main] org.apache.catalina.startup.VersionLoggerListener.log Command line argument: -Djava.io.tmpdir=/home/moni/Desktop/apache-tomcat-9.0.85/temp
13-Apr-2026 00:40:06.276 INFO [main] org.apache.catalina.core.AprLifecycleListener.lifecycleEvent The Apache Tomcat Native library which allows using OpenSSL was not found on the java.library.path: [/usr/java/packages/lib:/usr/lib/x86_64-linux-gnu/jni:/lib/x86_64-linux-gnu:/usr/lib/x86_64-linux-gnu:/usr/lib/jni:/lib:/usr/lib]
13-Apr-2026 00:40:07.679 INFO [main] org.apache.coyote.AbstractProtocol.init Initializing ProtocolHandler ["http-nio-8080"]
13-Apr-2026 00:40:07.753 SEVERE [main] org.apache.catalina.util.LifecycleBase.handleSubClassException Failed to initialize component [Connector["http-nio-8080"]]
	org.apache.catalina.LifecycleException: Protocol handler initialization failed
		at org.apache.catalina.connector.Connector.initInternal(Connector.java:1011)
		at org.apache.catalina.util.LifecycleBase.init(LifecycleBase.java:127)
		at org.apache.catalina.core.StandardService.initInternal(StandardService.java:554)
		at org.apache.catalina.util.LifecycleBase.init(LifecycleBase.java:127)
		at org.apache.catalina.core.StandardServer.initInternal(StandardServer.java:1039)
		at org.apache.catalina.util.LifecycleBase.init(LifecycleBase.java:127)
		at org.apache.catalina.startup.Catalina.load(Catalina.java:724)
		at org.apache.catalina.startup.Catalina.load(Catalina.java:746)
		at java.base/jdk.internal.reflect.NativeMethodAccessorImpl.invoke0(Native Method)
		at java.base/jdk.internal.reflect.NativeMethodAccessorImpl.invoke(NativeMethodAccessorImpl.java:77)
		at java.base/jdk.internal.reflect.DelegatingMethodAccessorImpl.invoke(DelegatingMethodAccessorImpl.java:43)
		at java.base/java.lang.reflect.Method.invoke(Method.java:569)
		at org.apache.catalina.startup.Bootstrap.load(Bootstrap.java:307)
		at org.apache.catalina.startup.Bootstrap.main(Bootstrap.java:477)
	Caused by: java.net.BindException: Address already in use
		at java.base/sun.nio.ch.Net.bind0(Native Method)
		at java.base/sun.nio.ch.Net.bind(Net.java:555)
		at java.base/sun.nio.ch.ServerSocketChannelImpl.netBind(ServerSocketChannelImpl.java:337)
		at java.base/sun.nio.ch.ServerSocketChannelImpl.bind(ServerSocketChannelImpl.java:294)
		at org.apache.tomcat.util.net.NioEndpoint.initServerSocket(NioEndpoint.java:276)
		at org.apache.tomcat.util.net.NioEndpoint.bind(NioEndpoint.java:231)
		at org.apache.tomcat.util.net.AbstractEndpoint.bindWithCleanup(AbstractEndpoint.java:1332)
		at org.apache.tomcat.util.net.AbstractEndpoint.init(AbstractEndpoint.java:1345)
		at org.apache.coyote.AbstractProtocol.init(AbstractProtocol.java:654)
		at org.apache.coyote.http11.AbstractHttp11Protocol.init(AbstractHttp11Protocol.java:75)
		at org.apache.catalina.connector.Connector.initInternal(Connector.java:1009)
		... 13 more
13-Apr-2026 00:40:07.756 INFO [main] org.apache.catalina.startup.Catalina.load Server initialization in [2597] milliseconds
13-Apr-2026 00:40:07.913 INFO [main] org.apache.catalina.core.StandardService.startInternal Starting service [Catalina]
13-Apr-2026 00:40:07.914 INFO [main] org.apache.catalina.core.StandardEngine.startInternal Starting Servlet engine: [Apache Tomcat/9.0.85]
13-Apr-2026 00:40:07.978 INFO [main] org.apache.catalina.startup.HostConfig.deployWAR Deploying web application archive [/home/moni/Desktop/apache-tomcat-9.0.85/webapps/Amazon.war]
13-Apr-2026 00:40:09.387 INFO [main] org.apache.catalina.startup.VersionLoggerListener.log Server version name:   Apache Tomcat/9.0.85
13-Apr-2026 00:40:09.430 INFO [main] org.apache.catalina.startup.VersionLoggerListener.log Server built:          Jan 5 2024 08:28:07 UTC
13-Apr-2026 00:40:09.431 INFO [main] org.apache.catalina.startup.VersionLoggerListener.log Server version number: 9.0.85.0
13-Apr-2026 00:40:09.432 INFO [main] org.apache.catalina.startup.VersionLoggerListener.log OS Name:               Linux
13-Apr-2026 00:40:09.433 INFO [main] org.apache.catalina.startup.VersionLoggerListener.log OS Version:            5.15.0-139-generic
13-Apr-2026 00:40:09.433 INFO [main] org.apache.catalina.startup.VersionLoggerListener.log Architecture:          amd64
13-Apr-2026 00:40:09.434 INFO [main] org.apache.catalina.startup.VersionLoggerListener.log Java Home:             /usr/lib/jvm/java-17-openjdk-amd64
13-Apr-2026 00:40:09.434 INFO [main] org.apache.catalina.startup.VersionLoggerListener.log JVM Version:           17.0.15+6-Ubuntu-0ubuntu120.04
13-Apr-2026 00:40:09.435 INFO [main] org.apache.catalina.startup.VersionLoggerListener.log JVM Vendor:            Ubuntu
13-Apr-2026 00:40:09.436 INFO [main] org.apache.catalina.startup.VersionLoggerListener.log CATALINA_BASE:         /home/moni/Desktop/apache-tomcat-9.0.85
13-Apr-2026 00:40:09.436 INFO [main] org.apache.catalina.startup.VersionLoggerListener.log CATALINA_HOME:         /home/moni/Desktop/apache-tomcat-9.0.85
13-Apr-2026 00:40:09.470 INFO [main] org.apache.catalina.startup.VersionLoggerListener.log Command line argument: --add-opens=java.base/java.lang=ALL-UNNAMED
13-Apr-2026 00:40:09.471 INFO [main] org.apache.catalina.startup.VersionLoggerListener.log Command line argument: --add-opens=java.base/java.io=ALL-UNNAMED
13-Apr-2026 00:40:09.472 INFO [main] org.apache.catalina.startup.VersionLoggerListener.log Command line argument: --add-opens=java.base/java.util=ALL-UNNAMED
13-Apr-2026 00:40:09.473 INFO [main] org.apache.catalina.startup.VersionLoggerListener.log Command line argument: --add-opens=java.base/java.util.concurrent=ALL-UNNAMED
13-Apr-2026 00:40:09.474 INFO [main] org.apache.catalina.startup.VersionLoggerListener.log Command line argument: --add-opens=java.rmi/sun.rmi.transport=ALL-UNNAMED
13-Apr-2026 00:40:09.475 INFO [main] org.apache.catalina.startup.VersionLoggerListener.log Command line argument: -Djava.util.logging.config.file=/home/moni/Desktop/apache-tomcat-9.0.85/conf/logging.properties
13-Apr-2026 00:40:09.476 INFO [main] org.apache.catalina.startup.VersionLoggerListener.log Command line argument: -Djava.util.logging.manager=org.apache.juli.ClassLoaderLogManager
13-Apr-2026 00:40:09.477 INFO [main] org.apache.catalina.startup.VersionLoggerListener.log Command line argument: -Djdk.tls.ephemeralDHKeySize=2048
13-Apr-2026 00:40:09.477 INFO [main] org.apache.catalina.startup.VersionLoggerListener.log Command line argument: -Djava.protocol.handler.pkgs=org.apache.catalina.webresources
13-Apr-2026 00:40:09.477 INFO [main] org.apache.catalina.startup.VersionLoggerListener.log Command line argument: -Dorg.apache.catalina.security.SecurityListener.UMASK=0027
13-Apr-2026 00:40:09.479 INFO [main] org.apache.catalina.startup.VersionLoggerListener.log Command line argument: -Dignore.endorsed.dirs=
13-Apr-2026 00:40:09.480 INFO [main] org.apache.catalina.startup.VersionLoggerListener.log Command line argument: -Dcatalina.base=/home/moni/Desktop/apache-tomcat-9.0.85
13-Apr-2026 00:40:09.480 INFO [main] org.apache.catalina.startup.VersionLoggerListener.log Command line argument: -Dcatalina.home=/home/moni/Desktop/apache-tomcat-9.0.85
13-Apr-2026 00:40:09.481 INFO [main] org.apache.catalina.startup.VersionLoggerListener.log Command line argument: -Djava.io.tmpdir=/home/moni/Desktop/apache-tomcat-9.0.85/temp
13-Apr-2026 00:40:09.490 INFO [main] org.apache.catalina.core.AprLifecycleListener.lifecycleEvent The Apache Tomcat Native library which allows using OpenSSL was not found on the java.library.path: [/usr/java/packages/lib:/usr/lib/x86_64-linux-gnu/jni:/lib/x86_64-linux-gnu:/usr/lib/x86_64-linux-gnu:/usr/lib/jni:/lib:/usr/lib]
13-Apr-2026 00:40:10.933 INFO [main] org.apache.coyote.AbstractProtocol.init Initializing ProtocolHandler ["http-nio-8080"]
13-Apr-2026 00:40:10.995 SEVERE [main] org.apache.catalina.util.LifecycleBase.handleSubClassException Failed to initialize component [Connector["http-nio-8080"]]
	org.apache.catalina.LifecycleException: Protocol handler initialization failed
		at org.apache.catalina.connector.Connector.initInternal(Connector.java:1011)
		at org.apache.catalina.util.LifecycleBase.init(LifecycleBase.java:127)
		at org.apache.catalina.core.StandardService.initInternal(StandardService.java:554)
		at org.apache.catalina.util.LifecycleBase.init(LifecycleBase.java:127)
		at org.apache.catalina.core.StandardServer.initInternal(StandardServer.java:1039)
		at org.apache.catalina.util.LifecycleBase.init(LifecycleBase.java:127)
		at org.apache.catalina.startup.Catalina.load(Catalina.java:724)
		at org.apache.catalina.startup.Catalina.load(Catalina.java:746)
		at java.base/jdk.internal.reflect.NativeMethodAccessorImpl.invoke0(Native Method)
		at java.base/jdk.internal.reflect.NativeMethodAccessorImpl.invoke(NativeMethodAccessorImpl.java:77)
		at java.base/jdk.internal.reflect.DelegatingMethodAccessorImpl.invoke(DelegatingMethodAccessorImpl.java:43)
		at java.base/java.lang.reflect.Method.invoke(Method.java:569)
		at org.apache.catalina.startup.Bootstrap.load(Bootstrap.java:307)
		at org.apache.catalina.startup.Bootstrap.main(Bootstrap.java:477)
	Caused by: java.net.BindException: Address already in use
		at java.base/sun.nio.ch.Net.bind0(Native Method)
		at java.base/sun.nio.ch.Net.bind(Net.java:555)
		at java.base/sun.nio.ch.ServerSocketChannelImpl.netBind(ServerSocketChannelImpl.java:337)
		at java.base/sun.nio.ch.ServerSocketChannelImpl.bind(ServerSocketChannelImpl.java:294)
		at org.apache.tomcat.util.net.NioEndpoint.initServerSocket(NioEndpoint.java:276)
		at org.apache.tomcat.util.net.NioEndpoint.bind(NioEndpoint.java:231)
		at org.apache.tomcat.util.net.AbstractEndpoint.bindWithCleanup(AbstractEndpoint.java:1332)
		at org.apache.tomcat.util.net.AbstractEndpoint.init(AbstractEndpoint.java:1345)
		at org.apache.coyote.AbstractProtocol.init(AbstractProtocol.java:654)
		at org.apache.coyote.http11.AbstractHttp11Protocol.init(AbstractHttp11Protocol.java:75)
		at org.apache.catalina.connector.Connector.initInternal(Connector.java:1009)
		... 13 more
13-Apr-2026 00:40:11.000 INFO [main] org.apache.catalina.startup.Catalina.load Server initialization in [2537] milliseconds
13-Apr-2026 00:40:11.127 INFO [main] org.apache.catalina.core.StandardService.startInternal Starting service [Catalina]
13-Apr-2026 00:40:11.128 INFO [main] org.apache.catalina.core.StandardEngine.startInternal Starting Servlet engine: [Apache Tomcat/9.0.85]
13-Apr-2026 00:40:11.168 INFO [main] org.apache.catalina.startup.HostConfig.deployWAR Deploying web application archive [/home/moni/Desktop/apache-tomcat-9.0.85/webapps/Amazon.war]
13-Apr-2026 00:40:19.438 INFO [main] org.apache.jasper.servlet.TldScanner.scanJars At least one JAR was scanned for TLDs yet contained no TLDs. Enable debug logging for this logger for a complete list of JARs that were scanned but no TLDs were found in them. Skipping unneeded JARs during scanning can improve startup time and JSP compilation time.
13-Apr-2026 00:40:19.533 INFO [main] org.apache.catalina.startup.HostConfig.deployWAR Deployment of web application archive [/home/moni/Desktop/apache-tomcat-9.0.85/webapps/Amazon.war] has finished in [11,553] ms
13-Apr-2026 00:40:19.534 INFO [main] org.apache.catalina.startup.HostConfig.deployDirectory Deploying web application directory [/home/moni/Desktop/apache-tomcat-9.0.85/webapps/examples]
13-Apr-2026 00:40:20.125 INFO [main] org.apache.catalina.startup.HostConfig.deployDirectory Deployment of web application directory [/home/moni/Desktop/apache-tomcat-9.0.85/webapps/examples] has finished in [591] ms
13-Apr-2026 00:40:20.126 INFO [main] org.apache.catalina.startup.HostConfig.deployDirectory Deploying web application directory [/home/moni/Desktop/apache-tomcat-9.0.85/webapps/ROOT]
13-Apr-2026 00:40:20.166 INFO [main] org.apache.catalina.startup.HostConfig.deployDirectory Deployment of web application directory [/home/moni/Desktop/apache-tomcat-9.0.85/webapps/ROOT] has finished in [40] ms
13-Apr-2026 00:40:20.167 INFO [main] org.apache.catalina.startup.HostConfig.deployDirectory Deploying web application directory [/home/moni/Desktop/apache-tomcat-9.0.85/webapps/host-manager]
13-Apr-2026 00:40:20.238 INFO [main] org.apache.catalina.startup.HostConfig.deployDirectory Deployment of web application directory [/home/moni/Desktop/apache-tomcat-9.0.85/webapps/host-manager] has finished in [71] ms
13-Apr-2026 00:40:20.240 INFO [main] org.apache.catalina.startup.HostConfig.deployDirectory Deploying web application directory [/home/moni/Desktop/apache-tomcat-9.0.85/webapps/manager]
13-Apr-2026 00:40:20.297 INFO [main] org.apache.catalina.startup.HostConfig.deployDirectory Deployment of web application directory [/home/moni/Desktop/apache-tomcat-9.0.85/webapps/manager] has finished in [57] ms
13-Apr-2026 00:40:20.298 INFO [main] org.apache.catalina.startup.HostConfig.deployDirectory Deploying web application directory [/home/moni/Desktop/apache-tomcat-9.0.85/webapps/docs]
13-Apr-2026 00:40:20.338 INFO [main] org.apache.catalina.startup.HostConfig.deployDirectory Deployment of web application directory [/home/moni/Desktop/apache-tomcat-9.0.85/webapps/docs] has finished in [40] ms
13-Apr-2026 00:40:20.355 INFO [main] org.apache.catalina.startup.Catalina.start Server startup in [12598] milliseconds
13-Apr-2026 00:40:20.377 SEVERE [main] org.apache.catalina.core.StandardServer.await Failed to create server shutdown socket on address [localhost] and port [8005] (base port [8005] and offset [0])
	java.net.BindException: Address already in use
		at java.base/sun.nio.ch.Net.bind0(Native Method)
		at java.base/sun.nio.ch.Net.bind(Net.java:555)
		at java.base/sun.nio.ch.Net.bind(Net.java:544)
		at java.base/sun.nio.ch.NioSocketImpl.bind(NioSocketImpl.java:648)
		at java.base/java.net.ServerSocket.bind(ServerSocket.java:388)
		at java.base/java.net.ServerSocket.<init>(ServerSocket.java:274)
		at org.apache.catalina.core.StandardServer.await(StandardServer.java:581)
		at org.apache.catalina.startup.Catalina.await(Catalina.java:864)
		at org.apache.catalina.startup.Catalina.start(Catalina.java:810)
		at java.base/jdk.internal.reflect.NativeMethodAccessorImpl.invoke0(Native Method)
		at java.base/jdk.internal.reflect.NativeMethodAccessorImpl.invoke(NativeMethodAccessorImpl.java:77)
		at java.base/jdk.internal.reflect.DelegatingMethodAccessorImpl.invoke(DelegatingMethodAccessorImpl.java:43)
		at java.base/java.lang.reflect.Method.invoke(Method.java:569)
		at org.apache.catalina.startup.Bootstrap.start(Bootstrap.java:347)
		at org.apache.catalina.startup.Bootstrap.main(Bootstrap.java:478)
13-Apr-2026 00:40:20.379 INFO [main] org.apache.coyote.AbstractProtocol.pause Pausing ProtocolHandler ["http-nio-8080"]
13-Apr-2026 00:40:20.380 INFO [main] org.apache.catalina.core.StandardService.stopInternal Stopping service [Catalina]
13-Apr-2026 00:40:20.453 INFO [main] org.apache.coyote.AbstractProtocol.stop Stopping ProtocolHandler ["http-nio-8080"]
13-Apr-2026 00:40:20.459 INFO [main] org.apache.coyote.AbstractProtocol.destroy Destroying ProtocolHandler ["http-nio-8080"]
13-Apr-2026 00:40:20.995 INFO [main] org.apache.jasper.servlet.TldScanner.scanJars At least one JAR was scanned for TLDs yet contained no TLDs. Enable debug logging for this logger for a complete list of JARs that were scanned but no TLDs were found in them. Skipping unneeded JARs during scanning can improve startup time and JSP compilation time.
13-Apr-2026 00:40:21.056 INFO [main] org.apache.catalina.startup.HostConfig.deployWAR Deployment of web application archive [/home/moni/Desktop/apache-tomcat-9.0.85/webapps/Amazon.war] has finished in [9,886] ms
13-Apr-2026 00:40:21.058 INFO [main] org.apache.catalina.startup.HostConfig.deployDirectory Deploying web application directory [/home/moni/Desktop/apache-tomcat-9.0.85/webapps/examples]
13-Apr-2026 00:40:21.424 INFO [main] org.apache.catalina.startup.HostConfig.deployDirectory Deployment of web application directory [/home/moni/Desktop/apache-tomcat-9.0.85/webapps/examples] has finished in [365] ms
13-Apr-2026 00:40:21.425 INFO [main] org.apache.catalina.startup.HostConfig.deployDirectory Deploying web application directory [/home/moni/Desktop/apache-tomcat-9.0.85/webapps/ROOT]
13-Apr-2026 00:40:21.458 INFO [main] org.apache.catalina.startup.HostConfig.deployDirectory Deployment of web application directory [/home/moni/Desktop/apache-tomcat-9.0.85/webapps/ROOT] has finished in [34] ms
13-Apr-2026 00:40:21.459 INFO [main] org.apache.catalina.startup.HostConfig.deployDirectory Deploying web application directory [/home/moni/Desktop/apache-tomcat-9.0.85/webapps/host-manager]
13-Apr-2026 00:40:21.513 INFO [main] org.apache.catalina.startup.HostConfig.deployDirectory Deployment of web application directory [/home/moni/Desktop/apache-tomcat-9.0.85/webapps/host-manager] has finished in [54] ms
13-Apr-2026 00:40:21.514 INFO [main] org.apache.catalina.startup.HostConfig.deployDirectory Deploying web application directory [/home/moni/Desktop/apache-tomcat-9.0.85/webapps/manager]
13-Apr-2026 00:40:21.561 INFO [main] org.apache.catalina.startup.HostConfig.deployDirectory Deployment of web application directory [/home/moni/Desktop/apache-tomcat-9.0.85/webapps/manager] has finished in [47] ms
13-Apr-2026 00:40:21.562 INFO [main] org.apache.catalina.startup.HostConfig.deployDirectory Deploying web application directory [/home/moni/Desktop/apache-tomcat-9.0.85/webapps/docs]
13-Apr-2026 00:40:21.607 INFO [main] org.apache.catalina.startup.HostConfig.deployDirectory Deployment of web application directory [/home/moni/Desktop/apache-tomcat-9.0.85/webapps/docs] has finished in [46] ms
13-Apr-2026 00:40:21.618 INFO [main] org.apache.catalina.startup.Catalina.start Server startup in [10617] milliseconds
13-Apr-2026 00:40:21.628 SEVERE [main] org.apache.catalina.core.StandardServer.await Failed to create server shutdown socket on address [localhost] and port [8005] (base port [8005] and offset [0])
	java.net.BindException: Address already in use
		at java.base/sun.nio.ch.Net.bind0(Native Method)
		at java.base/sun.nio.ch.Net.bind(Net.java:555)
		at java.base/sun.nio.ch.Net.bind(Net.java:544)
		at java.base/sun.nio.ch.NioSocketImpl.bind(NioSocketImpl.java:648)
		at java.base/java.net.ServerSocket.bind(ServerSocket.java:388)
		at java.base/java.net.ServerSocket.<init>(ServerSocket.java:274)
		at org.apache.catalina.core.StandardServer.await(StandardServer.java:581)
		at org.apache.catalina.startup.Catalina.await(Catalina.java:864)
		at org.apache.catalina.startup.Catalina.start(Catalina.java:810)
		at java.base/jdk.internal.reflect.NativeMethodAccessorImpl.invoke0(Native Method)
		at java.base/jdk.internal.reflect.NativeMethodAccessorImpl.invoke(NativeMethodAccessorImpl.java:77)
		at java.base/jdk.internal.reflect.DelegatingMethodAccessorImpl.invoke(DelegatingMethodAccessorImpl.java:43)
		at java.base/java.lang.reflect.Method.invoke(Method.java:569)
		at org.apache.catalina.startup.Bootstrap.start(Bootstrap.java:347)
		at org.apache.catalina.startup.Bootstrap.main(Bootstrap.java:478)
13-Apr-2026 00:40:21.630 INFO [main] org.apache.coyote.AbstractProtocol.pause Pausing ProtocolHandler ["http-nio-8080"]
13-Apr-2026 00:40:21.630 INFO [main] org.apache.catalina.core.StandardService.stopInternal Stopping service [Catalina]
13-Apr-2026 00:40:21.688 INFO [main] org.apache.coyote.AbstractProtocol.stop Stopping ProtocolHandler ["http-nio-8080"]
13-Apr-2026 00:40:21.691 INFO [main] org.apache.coyote.AbstractProtocol.destroy Destroying ProtocolHandler ["http-nio-8080"]
13-Apr-2026 00:51:45.360 INFO [main] org.apache.catalina.core.StandardServer.await A valid shutdown command was received via the shutdown port. Stopping the Server instance.
13-Apr-2026 00:51:45.490 INFO [main] org.apache.coyote.AbstractProtocol.pause Pausing ProtocolHandler ["http-nio-8080"]
13-Apr-2026 00:51:46.202 INFO [main] org.apache.catalina.core.StandardService.stopInternal Stopping service [Catalina]
13-Apr-2026 00:51:47.020 INFO [main] org.apache.coyote.AbstractProtocol.stop Stopping ProtocolHandler ["http-nio-8080"]
13-Apr-2026 00:51:47.107 INFO [main] org.apache.coyote.AbstractProtocol.destroy Destroying ProtocolHandler ["http-nio-8080"]
13-Apr-2026 02:40:38.836 INFO [main] org.apache.catalina.startup.VersionLoggerListener.log Server version name:   Apache Tomcat/9.0.85
13-Apr-2026 02:40:38.857 INFO [main] org.apache.catalina.startup.VersionLoggerListener.log Server built:          Jan 5 2024 08:28:07 UTC
13-Apr-2026 02:40:38.858 INFO [main] org.apache.catalina.startup.VersionLoggerListener.log Server version number: 9.0.85.0
13-Apr-2026 02:40:38.859 INFO [main] org.apache.catalina.startup.VersionLoggerListener.log OS Name:               Linux
13-Apr-2026 02:40:38.859 INFO [main] org.apache.catalina.startup.VersionLoggerListener.log OS Version:            5.15.0-139-generic
13-Apr-2026 02:40:38.859 INFO [main] org.apache.catalina.startup.VersionLoggerListener.log Architecture:          amd64
13-Apr-2026 02:40:38.860 INFO [main] org.apache.catalina.startup.VersionLoggerListener.log Java Home:             /usr/lib/jvm/java-17-openjdk-amd64
13-Apr-2026 02:40:38.860 INFO [main] org.apache.catalina.startup.VersionLoggerListener.log JVM Version:           17.0.15+6-Ubuntu-0ubuntu120.04
13-Apr-2026 02:40:38.861 INFO [main] org.apache.catalina.startup.VersionLoggerListener.log JVM Vendor:            Ubuntu
13-Apr-2026 02:40:38.862 INFO [main] org.apache.catalina.startup.VersionLoggerListener.log CATALINA_BASE:         /home/moni/Desktop/tomcat1
13-Apr-2026 02:40:38.862 INFO [main] org.apache.catalina.startup.VersionLoggerListener.log CATALINA_HOME:         /home/moni/Desktop/tomcat1
13-Apr-2026 02:40:38.902 INFO [main] org.apache.catalina.startup.VersionLoggerListener.log Command line argument: --add-opens=java.base/java.lang=ALL-UNNAMED
13-Apr-2026 02:40:38.903 INFO [main] org.apache.catalina.startup.VersionLoggerListener.log Command line argument: --add-opens=java.base/java.io=ALL-UNNAMED
13-Apr-2026 02:40:38.904 INFO [main] org.apache.catalina.startup.VersionLoggerListener.log Command line argument: --add-opens=java.base/java.util=ALL-UNNAMED
13-Apr-2026 02:40:38.905 INFO [main] org.apache.catalina.startup.VersionLoggerListener.log Command line argument: --add-opens=java.base/java.util.concurrent=ALL-UNNAMED
13-Apr-2026 02:40:38.905 INFO [main] org.apache.catalina.startup.VersionLoggerListener.log Command line argument: --add-opens=java.rmi/sun.rmi.transport=ALL-UNNAMED
13-Apr-2026 02:40:38.906 INFO [main] org.apache.catalina.startup.VersionLoggerListener.log Command line argument: -Djava.util.logging.config.file=/home/moni/Desktop/tomcat1/conf/logging.properties
13-Apr-2026 02:40:38.907 INFO [main] org.apache.catalina.startup.VersionLoggerListener.log Command line argument: -Djava.util.logging.manager=org.apache.juli.ClassLoaderLogManager
13-Apr-2026 02:40:38.907 INFO [main] org.apache.catalina.startup.VersionLoggerListener.log Command line argument: -Djdk.tls.ephemeralDHKeySize=2048
13-Apr-2026 02:40:38.907 INFO [main] org.apache.catalina.startup.VersionLoggerListener.log Command line argument: -Djava.protocol.handler.pkgs=org.apache.catalina.webresources
13-Apr-2026 02:40:38.909 INFO [main] org.apache.catalina.startup.VersionLoggerListener.log Command line argument: -Dorg.apache.catalina.security.SecurityListener.UMASK=0027
13-Apr-2026 02:40:38.909 INFO [main] org.apache.catalina.startup.VersionLoggerListener.log Command line argument: -Dignore.endorsed.dirs=
13-Apr-2026 02:40:38.910 INFO [main] org.apache.catalina.startup.VersionLoggerListener.log Command line argument: -Dcatalina.base=/home/moni/Desktop/tomcat1
13-Apr-2026 02:40:38.910 INFO [main] org.apache.catalina.startup.VersionLoggerListener.log Command line argument: -Dcatalina.home=/home/moni/Desktop/tomcat1
13-Apr-2026 02:40:38.911 INFO [main] org.apache.catalina.startup.VersionLoggerListener.log Command line argument: -Djava.io.tmpdir=/home/moni/Desktop/tomcat1/temp
13-Apr-2026 02:40:38.919 INFO [main] org.apache.catalina.core.AprLifecycleListener.lifecycleEvent The Apache Tomcat Native library which allows using OpenSSL was not found on the java.library.path: [/usr/java/packages/lib:/usr/lib/x86_64-linux-gnu/jni:/lib/x86_64-linux-gnu:/usr/lib/x86_64-linux-gnu:/usr/lib/jni:/lib:/usr/lib]
13-Apr-2026 02:40:40.276 INFO [main] org.apache.coyote.AbstractProtocol.init Initializing ProtocolHandler ["http-nio-8080"]
13-Apr-2026 02:40:40.354 INFO [main] org.apache.catalina.startup.Catalina.load Server initialization in [2299] milliseconds
13-Apr-2026 02:40:40.475 INFO [main] org.apache.catalina.core.StandardService.startInternal Starting service [Catalina]
13-Apr-2026 02:40:40.475 INFO [main] org.apache.catalina.core.StandardEngine.startInternal Starting Servlet engine: [Apache Tomcat/9.0.85]
13-Apr-2026 02:40:40.513 INFO [main] org.apache.catalina.startup.HostConfig.deployWAR Deploying web application archive [/home/moni/Desktop/tomcat1/webapps/Amazon.war]
13-Apr-2026 02:40:49.528 INFO [main] org.apache.catalina.startup.VersionLoggerListener.log Server version name:   Apache Tomcat/9.0.85
13-Apr-2026 02:40:49.542 INFO [main] org.apache.catalina.startup.VersionLoggerListener.log Server built:          Jan 5 2024 08:28:07 UTC
13-Apr-2026 02:40:49.543 INFO [main] org.apache.catalina.startup.VersionLoggerListener.log Server version number: 9.0.85.0
13-Apr-2026 02:40:49.543 INFO [main] org.apache.catalina.startup.VersionLoggerListener.log OS Name:               Linux
13-Apr-2026 02:40:49.544 INFO [main] org.apache.catalina.startup.VersionLoggerListener.log OS Version:            5.15.0-139-generic
13-Apr-2026 02:40:49.544 INFO [main] org.apache.catalina.startup.VersionLoggerListener.log Architecture:          amd64
13-Apr-2026 02:40:49.545 INFO [main] org.apache.catalina.startup.VersionLoggerListener.log Java Home:             /usr/lib/jvm/java-17-openjdk-amd64
13-Apr-2026 02:40:49.545 INFO [main] org.apache.catalina.startup.VersionLoggerListener.log JVM Version:           17.0.15+6-Ubuntu-0ubuntu120.04
13-Apr-2026 02:40:49.546 INFO [main] org.apache.catalina.startup.VersionLoggerListener.log JVM Vendor:            Ubuntu
13-Apr-2026 02:40:49.547 INFO [main] org.apache.catalina.startup.VersionLoggerListener.log CATALINA_BASE:         /home/moni/Desktop/tomcat1
13-Apr-2026 02:40:49.548 INFO [main] org.apache.catalina.startup.VersionLoggerListener.log CATALINA_HOME:         /home/moni/Desktop/tomcat1
13-Apr-2026 02:40:49.587 INFO [main] org.apache.catalina.startup.VersionLoggerListener.log Command line argument: --add-opens=java.base/java.lang=ALL-UNNAMED
13-Apr-2026 02:40:49.588 INFO [main] org.apache.catalina.startup.VersionLoggerListener.log Command line argument: --add-opens=java.base/java.io=ALL-UNNAMED
13-Apr-2026 02:40:49.589 INFO [main] org.apache.catalina.startup.VersionLoggerListener.log Command line argument: --add-opens=java.base/java.util=ALL-UNNAMED
13-Apr-2026 02:40:49.590 INFO [main] org.apache.catalina.startup.VersionLoggerListener.log Command line argument: --add-opens=java.base/java.util.concurrent=ALL-UNNAMED
13-Apr-2026 02:40:49.591 INFO [main] org.apache.catalina.startup.VersionLoggerListener.log Command line argument: --add-opens=java.rmi/sun.rmi.transport=ALL-UNNAMED
13-Apr-2026 02:40:49.592 INFO [main] org.apache.catalina.startup.VersionLoggerListener.log Command line argument: -Djava.util.logging.config.file=/home/moni/Desktop/tomcat1/conf/logging.properties
13-Apr-2026 02:40:49.593 INFO [main] org.apache.catalina.startup.VersionLoggerListener.log Command line argument: -Djava.util.logging.manager=org.apache.juli.ClassLoaderLogManager
13-Apr-2026 02:40:49.594 INFO [main] org.apache.catalina.startup.VersionLoggerListener.log Command line argument: -Djdk.tls.ephemeralDHKeySize=2048
13-Apr-2026 02:40:49.594 INFO [main] org.apache.catalina.startup.VersionLoggerListener.log Command line argument: -Djava.protocol.handler.pkgs=org.apache.catalina.webresources
13-Apr-2026 02:40:49.595 INFO [main] org.apache.catalina.startup.VersionLoggerListener.log Command line argument: -Dorg.apache.catalina.security.SecurityListener.UMASK=0027
13-Apr-2026 02:40:49.596 INFO [main] org.apache.catalina.startup.VersionLoggerListener.log Command line argument: -Dignore.endorsed.dirs=
13-Apr-2026 02:40:49.597 INFO [main] org.apache.catalina.startup.VersionLoggerListener.log Command line argument: -Dcatalina.base=/home/moni/Desktop/tomcat1
13-Apr-2026 02:40:49.598 INFO [main] org.apache.catalina.startup.VersionLoggerListener.log Command line argument: -Dcatalina.home=/home/moni/Desktop/tomcat1
13-Apr-2026 02:40:49.598 INFO [main] org.apache.catalina.startup.VersionLoggerListener.log Command line argument: -Djava.io.tmpdir=/home/moni/Desktop/tomcat1/temp
13-Apr-2026 02:40:49.606 INFO [main] org.apache.catalina.core.AprLifecycleListener.lifecycleEvent The Apache Tomcat Native library which allows using OpenSSL was not found on the java.library.path: [/usr/java/packages/lib:/usr/lib/x86_64-linux-gnu/jni:/lib/x86_64-linux-gnu:/usr/lib/x86_64-linux-gnu:/usr/lib/jni:/lib:/usr/lib]
13-Apr-2026 02:40:50.264 INFO [main] org.apache.jasper.servlet.TldScanner.scanJars At least one JAR was scanned for TLDs yet contained no TLDs. Enable debug logging for this logger for a complete list of JARs that were scanned but no TLDs were found in them. Skipping unneeded JARs during scanning can improve startup time and JSP compilation time.
13-Apr-2026 02:40:50.342 INFO [main] org.apache.catalina.startup.HostConfig.deployWAR Deployment of web application archive [/home/moni/Desktop/tomcat1/webapps/Amazon.war] has finished in [9,827] ms
13-Apr-2026 02:40:50.343 INFO [main] org.apache.catalina.startup.HostConfig.deployDirectory Deploying web application directory [/home/moni/Desktop/tomcat1/webapps/examples]
13-Apr-2026 02:40:50.782 INFO [main] org.apache.catalina.startup.HostConfig.deployDirectory Deployment of web application directory [/home/moni/Desktop/tomcat1/webapps/examples] has finished in [438] ms
13-Apr-2026 02:40:50.782 INFO [main] org.apache.catalina.startup.HostConfig.deployDirectory Deploying web application directory [/home/moni/Desktop/tomcat1/webapps/ROOT]
13-Apr-2026 02:40:50.819 INFO [main] org.apache.catalina.startup.HostConfig.deployDirectory Deployment of web application directory [/home/moni/Desktop/tomcat1/webapps/ROOT] has finished in [37] ms
13-Apr-2026 02:40:50.820 INFO [main] org.apache.catalina.startup.HostConfig.deployDirectory Deploying web application directory [/home/moni/Desktop/tomcat1/webapps/host-manager]
13-Apr-2026 02:40:50.879 INFO [main] org.apache.catalina.startup.HostConfig.deployDirectory Deployment of web application directory [/home/moni/Desktop/tomcat1/webapps/host-manager] has finished in [58] ms
13-Apr-2026 02:40:50.879 INFO [main] org.apache.catalina.startup.HostConfig.deployDirectory Deploying web application directory [/home/moni/Desktop/tomcat1/webapps/manager]
13-Apr-2026 02:40:50.925 INFO [main] org.apache.catalina.startup.HostConfig.deployDirectory Deployment of web application directory [/home/moni/Desktop/tomcat1/webapps/manager] has finished in [45] ms
13-Apr-2026 02:40:50.925 INFO [main] org.apache.catalina.startup.HostConfig.deployDirectory Deploying web application directory [/home/moni/Desktop/tomcat1/webapps/docs]
13-Apr-2026 02:40:50.960 INFO [main] org.apache.catalina.startup.HostConfig.deployDirectory Deployment of web application directory [/home/moni/Desktop/tomcat1/webapps/docs] has finished in [34] ms
13-Apr-2026 02:40:50.969 INFO [main] org.apache.coyote.AbstractProtocol.start Starting ProtocolHandler ["http-nio-8080"]
13-Apr-2026 02:40:51.004 INFO [main] org.apache.coyote.AbstractProtocol.init Initializing ProtocolHandler ["http-nio-8080"]
13-Apr-2026 02:40:51.046 SEVERE [main] org.apache.catalina.util.LifecycleBase.handleSubClassException Failed to initialize component [Connector["http-nio-8080"]]
	org.apache.catalina.LifecycleException: Protocol handler initialization failed
		at org.apache.catalina.connector.Connector.initInternal(Connector.java:1011)
		at org.apache.catalina.util.LifecycleBase.init(LifecycleBase.java:127)
		at org.apache.catalina.core.StandardService.initInternal(StandardService.java:554)
		at org.apache.catalina.util.LifecycleBase.init(LifecycleBase.java:127)
		at org.apache.catalina.core.StandardServer.initInternal(StandardServer.java:1039)
		at org.apache.catalina.util.LifecycleBase.init(LifecycleBase.java:127)
		at org.apache.catalina.startup.Catalina.load(Catalina.java:724)
		at org.apache.catalina.startup.Catalina.load(Catalina.java:746)
		at java.base/jdk.internal.reflect.NativeMethodAccessorImpl.invoke0(Native Method)
		at java.base/jdk.internal.reflect.NativeMethodAccessorImpl.invoke(NativeMethodAccessorImpl.java:77)
		at java.base/jdk.internal.reflect.DelegatingMethodAccessorImpl.invoke(DelegatingMethodAccessorImpl.java:43)
		at java.base/java.lang.reflect.Method.invoke(Method.java:569)
		at org.apache.catalina.startup.Bootstrap.load(Bootstrap.java:307)
		at org.apache.catalina.startup.Bootstrap.main(Bootstrap.java:477)
	Caused by: java.net.BindException: Address already in use
		at java.base/sun.nio.ch.Net.bind0(Native Method)
		at java.base/sun.nio.ch.Net.bind(Net.java:555)
		at java.base/sun.nio.ch.ServerSocketChannelImpl.netBind(ServerSocketChannelImpl.java:337)
		at java.base/sun.nio.ch.ServerSocketChannelImpl.bind(ServerSocketChannelImpl.java:294)
		at org.apache.tomcat.util.net.NioEndpoint.initServerSocket(NioEndpoint.java:276)
		at org.apache.tomcat.util.net.NioEndpoint.bind(NioEndpoint.java:231)
		at org.apache.tomcat.util.net.AbstractEndpoint.bindWithCleanup(AbstractEndpoint.java:1332)
		at org.apache.tomcat.util.net.AbstractEndpoint.init(AbstractEndpoint.java:1345)
		at org.apache.coyote.AbstractProtocol.init(AbstractProtocol.java:654)
		at org.apache.coyote.http11.AbstractHttp11Protocol.init(AbstractHttp11Protocol.java:75)
		at org.apache.catalina.connector.Connector.initInternal(Connector.java:1009)
		... 13 more
13-Apr-2026 02:40:51.048 INFO [main] org.apache.catalina.startup.Catalina.load Server initialization in [2362] milliseconds
13-Apr-2026 02:40:51.055 INFO [main] org.apache.catalina.startup.Catalina.start Server startup in [10699] milliseconds
13-Apr-2026 02:40:51.148 INFO [main] org.apache.catalina.core.StandardService.startInternal Starting service [Catalina]
13-Apr-2026 02:40:51.148 INFO [main] org.apache.catalina.core.StandardEngine.startInternal Starting Servlet engine: [Apache Tomcat/9.0.85]
13-Apr-2026 02:40:51.190 INFO [main] org.apache.catalina.startup.HostConfig.deployWAR Deploying web application archive [/home/moni/Desktop/tomcat1/webapps/Amazon.war]
13-Apr-2026 02:40:59.702 INFO [main] org.apache.jasper.servlet.TldScanner.scanJars At least one JAR was scanned for TLDs yet contained no TLDs. Enable debug logging for this logger for a complete list of JARs that were scanned but no TLDs were found in them. Skipping unneeded JARs during scanning can improve startup time and JSP compilation time.
13-Apr-2026 02:40:59.770 INFO [main] org.apache.catalina.startup.HostConfig.deployWAR Deployment of web application archive [/home/moni/Desktop/tomcat1/webapps/Amazon.war] has finished in [8,579] ms
13-Apr-2026 02:40:59.772 INFO [main] org.apache.catalina.startup.HostConfig.deployDirectory Deploying web application directory [/home/moni/Desktop/tomcat1/webapps/examples]
13-Apr-2026 02:41:00.221 INFO [main] org.apache.catalina.startup.HostConfig.deployDirectory Deployment of web application directory [/home/moni/Desktop/tomcat1/webapps/examples] has finished in [449] ms
13-Apr-2026 02:41:00.222 INFO [main] org.apache.catalina.startup.HostConfig.deployDirectory Deploying web application directory [/home/moni/Desktop/tomcat1/webapps/ROOT]
13-Apr-2026 02:41:00.263 INFO [main] org.apache.catalina.startup.HostConfig.deployDirectory Deployment of web application directory [/home/moni/Desktop/tomcat1/webapps/ROOT] has finished in [41] ms
13-Apr-2026 02:41:00.264 INFO [main] org.apache.catalina.startup.HostConfig.deployDirectory Deploying web application directory [/home/moni/Desktop/tomcat1/webapps/host-manager]
13-Apr-2026 02:41:00.323 INFO [main] org.apache.catalina.startup.HostConfig.deployDirectory Deployment of web application directory [/home/moni/Desktop/tomcat1/webapps/host-manager] has finished in [58] ms
13-Apr-2026 02:41:00.323 INFO [main] org.apache.catalina.startup.HostConfig.deployDirectory Deploying web application directory [/home/moni/Desktop/tomcat1/webapps/manager]
13-Apr-2026 02:41:00.635 INFO [main] org.apache.catalina.startup.HostConfig.deployDirectory Deployment of web application directory [/home/moni/Desktop/tomcat1/webapps/manager] has finished in [312] ms
13-Apr-2026 02:41:00.636 INFO [main] org.apache.catalina.startup.HostConfig.deployDirectory Deploying web application directory [/home/moni/Desktop/tomcat1/webapps/docs]
13-Apr-2026 02:41:00.722 INFO [main] org.apache.catalina.startup.HostConfig.deployDirectory Deployment of web application directory [/home/moni/Desktop/tomcat1/webapps/docs] has finished in [86] ms
13-Apr-2026 02:41:00.736 INFO [main] org.apache.catalina.startup.Catalina.start Server startup in [9687] milliseconds
13-Apr-2026 02:41:00.753 SEVERE [main] org.apache.catalina.core.StandardServer.await Failed to create server shutdown socket on address [localhost] and port [8005] (base port [8005] and offset [0])
	java.net.BindException: Address already in use
		at java.base/sun.nio.ch.Net.bind0(Native Method)
		at java.base/sun.nio.ch.Net.bind(Net.java:555)
		at java.base/sun.nio.ch.Net.bind(Net.java:544)
		at java.base/sun.nio.ch.NioSocketImpl.bind(NioSocketImpl.java:648)
		at java.base/java.net.ServerSocket.bind(ServerSocket.java:388)
		at java.base/java.net.ServerSocket.<init>(ServerSocket.java:274)
		at org.apache.catalina.core.StandardServer.await(StandardServer.java:581)
		at org.apache.catalina.startup.Catalina.await(Catalina.java:864)
		at org.apache.catalina.startup.Catalina.start(Catalina.java:810)
		at java.base/jdk.internal.reflect.NativeMethodAccessorImpl.invoke0(Native Method)
		at java.base/jdk.internal.reflect.NativeMethodAccessorImpl.invoke(NativeMethodAccessorImpl.java:77)
		at java.base/jdk.internal.reflect.DelegatingMethodAccessorImpl.invoke(DelegatingMethodAccessorImpl.java:43)
		at java.base/java.lang.reflect.Method.invoke(Method.java:569)
		at org.apache.catalina.startup.Bootstrap.start(Bootstrap.java:347)
		at org.apache.catalina.startup.Bootstrap.main(Bootstrap.java:478)
13-Apr-2026 02:41:00.755 INFO [main] org.apache.coyote.AbstractProtocol.pause Pausing ProtocolHandler ["http-nio-8080"]
13-Apr-2026 02:41:00.755 INFO [main] org.apache.catalina.core.StandardService.stopInternal Stopping service [Catalina]
13-Apr-2026 02:41:00.830 INFO [main] org.apache.coyote.AbstractProtocol.stop Stopping ProtocolHandler ["http-nio-8080"]
13-Apr-2026 02:41:00.838 INFO [main] org.apache.coyote.AbstractProtocol.destroy Destroying ProtocolHandler ["http-nio-8080"]
13-Apr-2026 02:42:45.462 INFO [main] org.apache.catalina.startup.VersionLoggerListener.log Server version name:   Apache Tomcat/9.0.85
13-Apr-2026 02:42:45.473 INFO [main] org.apache.catalina.startup.VersionLoggerListener.log Server built:          Jan 5 2024 08:28:07 UTC
13-Apr-2026 02:42:45.473 INFO [main] org.apache.catalina.startup.VersionLoggerListener.log Server version number: 9.0.85.0
13-Apr-2026 02:42:45.474 INFO [main] org.apache.catalina.startup.VersionLoggerListener.log OS Name:               Linux
13-Apr-2026 02:42:45.474 INFO [main] org.apache.catalina.startup.VersionLoggerListener.log OS Version:            5.15.0-139-generic
13-Apr-2026 02:42:45.474 INFO [main] org.apache.catalina.startup.VersionLoggerListener.log Architecture:          amd64
13-Apr-2026 02:42:45.475 INFO [main] org.apache.catalina.startup.VersionLoggerListener.log Java Home:             /usr/lib/jvm/java-17-openjdk-amd64
13-Apr-2026 02:42:45.475 INFO [main] org.apache.catalina.startup.VersionLoggerListener.log JVM Version:           17.0.15+6-Ubuntu-0ubuntu120.04
13-Apr-2026 02:42:45.476 INFO [main] org.apache.catalina.startup.VersionLoggerListener.log JVM Vendor:            Ubuntu
13-Apr-2026 02:42:45.476 INFO [main] org.apache.catalina.startup.VersionLoggerListener.log CATALINA_BASE:         /home/moni/Desktop/tomcat1
13-Apr-2026 02:42:45.477 INFO [main] org.apache.catalina.startup.VersionLoggerListener.log CATALINA_HOME:         /home/moni/Desktop/tomcat1
13-Apr-2026 02:42:45.512 INFO [main] org.apache.catalina.startup.VersionLoggerListener.log Command line argument: --add-opens=java.base/java.lang=ALL-UNNAMED
13-Apr-2026 02:42:45.513 INFO [main] org.apache.catalina.startup.VersionLoggerListener.log Command line argument: --add-opens=java.base/java.io=ALL-UNNAMED
13-Apr-2026 02:42:45.514 INFO [main] org.apache.catalina.startup.VersionLoggerListener.log Command line argument: --add-opens=java.base/java.util=ALL-UNNAMED
13-Apr-2026 02:42:45.514 INFO [main] org.apache.catalina.startup.VersionLoggerListener.log Command line argument: --add-opens=java.base/java.util.concurrent=ALL-UNNAMED
13-Apr-2026 02:42:45.515 INFO [main] org.apache.catalina.startup.VersionLoggerListener.log Command line argument: --add-opens=java.rmi/sun.rmi.transport=ALL-UNNAMED
13-Apr-2026 02:42:45.515 INFO [main] org.apache.catalina.startup.VersionLoggerListener.log Command line argument: -Djava.util.logging.config.file=/home/moni/Desktop/tomcat1/conf/logging.properties
13-Apr-2026 02:42:45.516 INFO [main] org.apache.catalina.startup.VersionLoggerListener.log Command line argument: -Djava.util.logging.manager=org.apache.juli.ClassLoaderLogManager
13-Apr-2026 02:42:45.516 INFO [main] org.apache.catalina.startup.VersionLoggerListener.log Command line argument: -Djdk.tls.ephemeralDHKeySize=2048
13-Apr-2026 02:42:45.517 INFO [main] org.apache.catalina.startup.VersionLoggerListener.log Command line argument: -Djava.protocol.handler.pkgs=org.apache.catalina.webresources
13-Apr-2026 02:42:45.518 INFO [main] org.apache.catalina.startup.VersionLoggerListener.log Command line argument: -Dorg.apache.catalina.security.SecurityListener.UMASK=0027
13-Apr-2026 02:42:45.518 INFO [main] org.apache.catalina.startup.VersionLoggerListener.log Command line argument: -Dignore.endorsed.dirs=
13-Apr-2026 02:42:45.519 INFO [main] org.apache.catalina.startup.VersionLoggerListener.log Command line argument: -Dcatalina.base=/home/moni/Desktop/tomcat1
13-Apr-2026 02:42:45.519 INFO [main] org.apache.catalina.startup.VersionLoggerListener.log Command line argument: -Dcatalina.home=/home/moni/Desktop/tomcat1
13-Apr-2026 02:42:45.520 INFO [main] org.apache.catalina.startup.VersionLoggerListener.log Command line argument: -Djava.io.tmpdir=/home/moni/Desktop/tomcat1/temp
13-Apr-2026 02:42:45.527 INFO [main] org.apache.catalina.core.AprLifecycleListener.lifecycleEvent The Apache Tomcat Native library which allows using OpenSSL was not found on the java.library.path: [/usr/java/packages/lib:/usr/lib/x86_64-linux-gnu/jni:/lib/x86_64-linux-gnu:/usr/lib/x86_64-linux-gnu:/usr/lib/jni:/lib:/usr/lib]
13-Apr-2026 02:42:46.295 INFO [main] org.apache.coyote.AbstractProtocol.init Initializing ProtocolHandler ["http-nio-8081"]
13-Apr-2026 02:42:46.346 INFO [main] org.apache.catalina.startup.Catalina.load Server initialization in [1335] milliseconds
13-Apr-2026 02:42:46.462 INFO [main] org.apache.catalina.core.StandardService.startInternal Starting service [Catalina]
13-Apr-2026 02:42:46.463 INFO [main] org.apache.catalina.core.StandardEngine.startInternal Starting Servlet engine: [Apache Tomcat/9.0.85]
13-Apr-2026 02:42:46.498 INFO [main] org.apache.catalina.startup.HostConfig.deployWAR Deploying web application archive [/home/moni/Desktop/tomcat1/webapps/Amazon.war]
13-Apr-2026 02:42:53.290 INFO [main] org.apache.jasper.servlet.TldScanner.scanJars At least one JAR was scanned for TLDs yet contained no TLDs. Enable debug logging for this logger for a complete list of JARs that were scanned but no TLDs were found in them. Skipping unneeded JARs during scanning can improve startup time and JSP compilation time.
13-Apr-2026 02:42:53.356 INFO [main] org.apache.catalina.startup.HostConfig.deployWAR Deployment of web application archive [/home/moni/Desktop/tomcat1/webapps/Amazon.war] has finished in [6,857] ms
13-Apr-2026 02:42:53.358 INFO [main] org.apache.catalina.startup.HostConfig.deployDirectory Deploying web application directory [/home/moni/Desktop/tomcat1/webapps/examples]
13-Apr-2026 02:42:53.735 INFO [main] org.apache.catalina.startup.HostConfig.deployDirectory Deployment of web application directory [/home/moni/Desktop/tomcat1/webapps/examples] has finished in [377] ms
13-Apr-2026 02:42:53.735 INFO [main] org.apache.catalina.startup.HostConfig.deployDirectory Deploying web application directory [/home/moni/Desktop/tomcat1/webapps/ROOT]
13-Apr-2026 02:42:53.764 INFO [main] org.apache.catalina.startup.HostConfig.deployDirectory Deployment of web application directory [/home/moni/Desktop/tomcat1/webapps/ROOT] has finished in [29] ms
13-Apr-2026 02:42:53.765 INFO [main] org.apache.catalina.startup.HostConfig.deployDirectory Deploying web application directory [/home/moni/Desktop/tomcat1/webapps/host-manager]
13-Apr-2026 02:42:53.824 INFO [main] org.apache.catalina.startup.HostConfig.deployDirectory Deployment of web application directory [/home/moni/Desktop/tomcat1/webapps/host-manager] has finished in [58] ms
13-Apr-2026 02:42:53.825 INFO [main] org.apache.catalina.startup.HostConfig.deployDirectory Deploying web application directory [/home/moni/Desktop/tomcat1/webapps/manager]
13-Apr-2026 02:42:53.870 INFO [main] org.apache.catalina.startup.HostConfig.deployDirectory Deployment of web application directory [/home/moni/Desktop/tomcat1/webapps/manager] has finished in [45] ms
13-Apr-2026 02:42:53.871 INFO [main] org.apache.catalina.startup.HostConfig.deployDirectory Deploying web application directory [/home/moni/Desktop/tomcat1/webapps/docs]
13-Apr-2026 02:42:53.910 INFO [main] org.apache.catalina.startup.HostConfig.deployDirectory Deployment of web application directory [/home/moni/Desktop/tomcat1/webapps/docs] has finished in [39] ms
13-Apr-2026 02:42:53.917 INFO [main] org.apache.coyote.AbstractProtocol.start Starting ProtocolHandler ["http-nio-8081"]
13-Apr-2026 02:42:53.960 INFO [main] org.apache.catalina.startup.Catalina.start Server startup in [7613] milliseconds
13-Apr-2026 02:44:43.366 INFO [Thread-1] org.apache.coyote.AbstractProtocol.pause Pausing ProtocolHandler ["http-nio-8081"]
13-Apr-2026 02:44:43.384 INFO [Thread-1] org.apache.catalina.core.StandardService.stopInternal Stopping service [Catalina]
13-Apr-2026 02:44:43.450 INFO [Thread-1] org.apache.coyote.AbstractProtocol.stop Stopping ProtocolHandler ["http-nio-8081"]
13-Apr-2026 02:44:43.470 INFO [Thread-1] org.apache.coyote.AbstractProtocol.destroy Destroying ProtocolHandler ["http-nio-8081"]
13-Apr-2026 02:49:27.994 INFO [main] org.apache.catalina.startup.VersionLoggerListener.log Server version name:   Apache Tomcat/9.0.85
13-Apr-2026 02:49:28.003 INFO [main] org.apache.catalina.startup.VersionLoggerListener.log Server built:          Jan 5 2024 08:28:07 UTC
13-Apr-2026 02:49:28.004 INFO [main] org.apache.catalina.startup.VersionLoggerListener.log Server version number: 9.0.85.0
13-Apr-2026 02:49:28.004 INFO [main] org.apache.catalina.startup.VersionLoggerListener.log OS Name:               Linux
13-Apr-2026 02:49:28.005 INFO [main] org.apache.catalina.startup.VersionLoggerListener.log OS Version:            5.15.0-139-generic
13-Apr-2026 02:49:28.005 INFO [main] org.apache.catalina.startup.VersionLoggerListener.log Architecture:          amd64
13-Apr-2026 02:49:28.005 INFO [main] org.apache.catalina.startup.VersionLoggerListener.log Java Home:             /usr/lib/jvm/java-17-openjdk-amd64
13-Apr-2026 02:49:28.006 INFO [main] org.apache.catalina.startup.VersionLoggerListener.log JVM Version:           17.0.15+6-Ubuntu-0ubuntu120.04
13-Apr-2026 02:49:28.006 INFO [main] org.apache.catalina.startup.VersionLoggerListener.log JVM Vendor:            Ubuntu
13-Apr-2026 02:49:28.006 INFO [main] org.apache.catalina.startup.VersionLoggerListener.log CATALINA_BASE:         /home/moni/Desktop/tomcat1
13-Apr-2026 02:49:28.007 INFO [main] org.apache.catalina.startup.VersionLoggerListener.log CATALINA_HOME:         /home/moni/Desktop/tomcat1
13-Apr-2026 02:49:28.034 INFO [main] org.apache.catalina.startup.VersionLoggerListener.log Command line argument: --add-opens=java.base/java.lang=ALL-UNNAMED
13-Apr-2026 02:49:28.034 INFO [main] org.apache.catalina.startup.VersionLoggerListener.log Command line argument: --add-opens=java.base/java.io=ALL-UNNAMED
13-Apr-2026 02:49:28.035 INFO [main] org.apache.catalina.startup.VersionLoggerListener.log Command line argument: --add-opens=java.base/java.util=ALL-UNNAMED
13-Apr-2026 02:49:28.035 INFO [main] org.apache.catalina.startup.VersionLoggerListener.log Command line argument: --add-opens=java.base/java.util.concurrent=ALL-UNNAMED
13-Apr-2026 02:49:28.035 INFO [main] org.apache.catalina.startup.VersionLoggerListener.log Command line argument: --add-opens=java.rmi/sun.rmi.transport=ALL-UNNAMED
13-Apr-2026 02:49:28.036 INFO [main] org.apache.catalina.startup.VersionLoggerListener.log Command line argument: -Djava.util.logging.config.file=/home/moni/Desktop/tomcat1/conf/logging.properties
13-Apr-2026 02:49:28.036 INFO [main] org.apache.catalina.startup.VersionLoggerListener.log Command line argument: -Djava.util.logging.manager=org.apache.juli.ClassLoaderLogManager
13-Apr-2026 02:49:28.037 INFO [main] org.apache.catalina.startup.VersionLoggerListener.log Command line argument: -Djdk.tls.ephemeralDHKeySize=2048
13-Apr-2026 02:49:28.037 INFO [main] org.apache.catalina.startup.VersionLoggerListener.log Command line argument: -Djava.protocol.handler.pkgs=org.apache.catalina.webresources
13-Apr-2026 02:49:28.038 INFO [main] org.apache.catalina.startup.VersionLoggerListener.log Command line argument: -Dorg.apache.catalina.security.SecurityListener.UMASK=0027
13-Apr-2026 02:49:28.038 INFO [main] org.apache.catalina.startup.VersionLoggerListener.log Command line argument: -Dignore.endorsed.dirs=
13-Apr-2026 02:49:28.038 INFO [main] org.apache.catalina.startup.VersionLoggerListener.log Command line argument: -Dcatalina.base=/home/moni/Desktop/tomcat1
13-Apr-2026 02:49:28.039 INFO [main] org.apache.catalina.startup.VersionLoggerListener.log Command line argument: -Dcatalina.home=/home/moni/Desktop/tomcat1
13-Apr-2026 02:49:28.039 INFO [main] org.apache.catalina.startup.VersionLoggerListener.log Command line argument: -Djava.io.tmpdir=/home/moni/Desktop/tomcat1/temp
13-Apr-2026 02:49:28.045 INFO [main] org.apache.catalina.core.AprLifecycleListener.lifecycleEvent The Apache Tomcat Native library which allows using OpenSSL was not found on the java.library.path: [/usr/java/packages/lib:/usr/lib/x86_64-linux-gnu/jni:/lib/x86_64-linux-gnu:/usr/lib/x86_64-linux-gnu:/usr/lib/jni:/lib:/usr/lib]
13-Apr-2026 02:49:28.974 INFO [main] org.apache.coyote.AbstractProtocol.init Initializing ProtocolHandler ["http-nio-8081"]
13-Apr-2026 02:49:29.029 INFO [main] org.apache.catalina.startup.Catalina.load Server initialization in [1620] milliseconds
13-Apr-2026 02:49:29.130 INFO [main] org.apache.catalina.core.StandardService.startInternal Starting service [Catalina]
13-Apr-2026 02:49:29.131 INFO [main] org.apache.catalina.core.StandardEngine.startInternal Starting Servlet engine: [Apache Tomcat/9.0.85]
13-Apr-2026 02:49:29.159 INFO [main] org.apache.catalina.startup.HostConfig.deployWAR Deploying web application archive [/home/moni/Desktop/tomcat1/webapps/Amazon.war]
13-Apr-2026 02:49:36.266 INFO [main] org.apache.jasper.servlet.TldScanner.scanJars At least one JAR was scanned for TLDs yet contained no TLDs. Enable debug logging for this logger for a complete list of JARs that were scanned but no TLDs were found in them. Skipping unneeded JARs during scanning can improve startup time and JSP compilation time.
13-Apr-2026 02:49:36.333 INFO [main] org.apache.catalina.startup.HostConfig.deployWAR Deployment of web application archive [/home/moni/Desktop/tomcat1/webapps/Amazon.war] has finished in [7,173] ms
13-Apr-2026 02:49:36.335 INFO [main] org.apache.catalina.startup.HostConfig.deployDirectory Deploying web application directory [/home/moni/Desktop/tomcat1/webapps/examples]
13-Apr-2026 02:49:36.752 INFO [main] org.apache.catalina.startup.HostConfig.deployDirectory Deployment of web application directory [/home/moni/Desktop/tomcat1/webapps/examples] has finished in [418] ms
13-Apr-2026 02:49:36.753 INFO [main] org.apache.catalina.startup.HostConfig.deployDirectory Deploying web application directory [/home/moni/Desktop/tomcat1/webapps/ROOT]
13-Apr-2026 02:49:36.787 INFO [main] org.apache.catalina.startup.HostConfig.deployDirectory Deployment of web application directory [/home/moni/Desktop/tomcat1/webapps/ROOT] has finished in [33] ms
13-Apr-2026 02:49:36.787 INFO [main] org.apache.catalina.startup.HostConfig.deployDirectory Deploying web application directory [/home/moni/Desktop/tomcat1/webapps/host-manager]
13-Apr-2026 02:49:36.838 INFO [main] org.apache.catalina.startup.HostConfig.deployDirectory Deployment of web application directory [/home/moni/Desktop/tomcat1/webapps/host-manager] has finished in [50] ms
13-Apr-2026 02:49:36.839 INFO [main] org.apache.catalina.startup.HostConfig.deployDirectory Deploying web application directory [/home/moni/Desktop/tomcat1/webapps/manager]
13-Apr-2026 02:49:36.882 INFO [main] org.apache.catalina.startup.HostConfig.deployDirectory Deployment of web application directory [/home/moni/Desktop/tomcat1/webapps/manager] has finished in [43] ms
13-Apr-2026 02:49:36.882 INFO [main] org.apache.catalina.startup.HostConfig.deployDirectory Deploying web application directory [/home/moni/Desktop/tomcat1/webapps/docs]
13-Apr-2026 02:49:36.915 INFO [main] org.apache.catalina.startup.HostConfig.deployDirectory Deployment of web application directory [/home/moni/Desktop/tomcat1/webapps/docs] has finished in [32] ms
13-Apr-2026 02:49:36.925 INFO [main] org.apache.coyote.AbstractProtocol.start Starting ProtocolHandler ["http-nio-8081"]
13-Apr-2026 02:49:37.025 INFO [main] org.apache.catalina.startup.Catalina.start Server startup in [7995] milliseconds
13-Apr-2026 02:49:38.465 INFO [main] org.apache.catalina.startup.VersionLoggerListener.log Server version name:   Apache Tomcat/9.0.85
13-Apr-2026 02:49:38.474 INFO [main] org.apache.catalina.startup.VersionLoggerListener.log Server built:          Jan 5 2024 08:28:07 UTC
13-Apr-2026 02:49:38.475 INFO [main] org.apache.catalina.startup.VersionLoggerListener.log Server version number: 9.0.85.0
13-Apr-2026 02:49:38.475 INFO [main] org.apache.catalina.startup.VersionLoggerListener.log OS Name:               Linux
13-Apr-2026 02:49:38.476 INFO [main] org.apache.catalina.startup.VersionLoggerListener.log OS Version:            5.15.0-139-generic
13-Apr-2026 02:49:38.476 INFO [main] org.apache.catalina.startup.VersionLoggerListener.log Architecture:          amd64
13-Apr-2026 02:49:38.477 INFO [main] org.apache.catalina.startup.VersionLoggerListener.log Java Home:             /usr/lib/jvm/java-17-openjdk-amd64
13-Apr-2026 02:49:38.477 INFO [main] org.apache.catalina.startup.VersionLoggerListener.log JVM Version:           17.0.15+6-Ubuntu-0ubuntu120.04
13-Apr-2026 02:49:38.477 INFO [main] org.apache.catalina.startup.VersionLoggerListener.log JVM Vendor:            Ubuntu
13-Apr-2026 02:49:38.478 INFO [main] org.apache.catalina.startup.VersionLoggerListener.log CATALINA_BASE:         /home/moni/Desktop/tomcat1
13-Apr-2026 02:49:38.478 INFO [main] org.apache.catalina.startup.VersionLoggerListener.log CATALINA_HOME:         /home/moni/Desktop/tomcat1
13-Apr-2026 02:49:38.497 INFO [main] org.apache.catalina.startup.VersionLoggerListener.log Command line argument: --add-opens=java.base/java.lang=ALL-UNNAMED
13-Apr-2026 02:49:38.497 INFO [main] org.apache.catalina.startup.VersionLoggerListener.log Command line argument: --add-opens=java.base/java.io=ALL-UNNAMED
13-Apr-2026 02:49:38.498 INFO [main] org.apache.catalina.startup.VersionLoggerListener.log Command line argument: --add-opens=java.base/java.util=ALL-UNNAMED
13-Apr-2026 02:49:38.499 INFO [main] org.apache.catalina.startup.VersionLoggerListener.log Command line argument: --add-opens=java.base/java.util.concurrent=ALL-UNNAMED
13-Apr-2026 02:49:38.499 INFO [main] org.apache.catalina.startup.VersionLoggerListener.log Command line argument: --add-opens=java.rmi/sun.rmi.transport=ALL-UNNAMED
13-Apr-2026 02:49:38.500 INFO [main] org.apache.catalina.startup.VersionLoggerListener.log Command line argument: -Djava.util.logging.config.file=/home/moni/Desktop/tomcat1/conf/logging.properties
13-Apr-2026 02:49:38.500 INFO [main] org.apache.catalina.startup.VersionLoggerListener.log Command line argument: -Djava.util.logging.manager=org.apache.juli.ClassLoaderLogManager
13-Apr-2026 02:49:38.500 INFO [main] org.apache.catalina.startup.VersionLoggerListener.log Command line argument: -Djdk.tls.ephemeralDHKeySize=2048
13-Apr-2026 02:49:38.501 INFO [main] org.apache.catalina.startup.VersionLoggerListener.log Command line argument: -Djava.protocol.handler.pkgs=org.apache.catalina.webresources
13-Apr-2026 02:49:38.501 INFO [main] org.apache.catalina.startup.VersionLoggerListener.log Command line argument: -Dorg.apache.catalina.security.SecurityListener.UMASK=0027
13-Apr-2026 02:49:38.501 INFO [main] org.apache.catalina.startup.VersionLoggerListener.log Command line argument: -Dignore.endorsed.dirs=
13-Apr-2026 02:49:38.503 INFO [main] org.apache.catalina.startup.VersionLoggerListener.log Command line argument: -Dcatalina.base=/home/moni/Desktop/tomcat1
13-Apr-2026 02:49:38.503 INFO [main] org.apache.catalina.startup.VersionLoggerListener.log Command line argument: -Dcatalina.home=/home/moni/Desktop/tomcat1
13-Apr-2026 02:49:38.504 INFO [main] org.apache.catalina.startup.VersionLoggerListener.log Command line argument: -Djava.io.tmpdir=/home/moni/Desktop/tomcat1/temp
13-Apr-2026 02:49:38.508 INFO [main] org.apache.catalina.core.AprLifecycleListener.lifecycleEvent The Apache Tomcat Native library which allows using OpenSSL was not found on the java.library.path: [/usr/java/packages/lib:/usr/lib/x86_64-linux-gnu/jni:/lib/x86_64-linux-gnu:/usr/lib/x86_64-linux-gnu:/usr/lib/jni:/lib:/usr/lib]
13-Apr-2026 02:49:39.569 INFO [main] org.apache.coyote.AbstractProtocol.init Initializing ProtocolHandler ["http-nio-8081"]
13-Apr-2026 02:49:39.621 SEVERE [main] org.apache.catalina.util.LifecycleBase.handleSubClassException Failed to initialize component [Connector["http-nio-8081"]]
	org.apache.catalina.LifecycleException: Protocol handler initialization failed
		at org.apache.catalina.connector.Connector.initInternal(Connector.java:1011)
		at org.apache.catalina.util.LifecycleBase.init(LifecycleBase.java:127)
		at org.apache.catalina.core.StandardService.initInternal(StandardService.java:554)
		at org.apache.catalina.util.LifecycleBase.init(LifecycleBase.java:127)
		at org.apache.catalina.core.StandardServer.initInternal(StandardServer.java:1039)
		at org.apache.catalina.util.LifecycleBase.init(LifecycleBase.java:127)
		at org.apache.catalina.startup.Catalina.load(Catalina.java:724)
		at org.apache.catalina.startup.Catalina.load(Catalina.java:746)
		at java.base/jdk.internal.reflect.NativeMethodAccessorImpl.invoke0(Native Method)
		at java.base/jdk.internal.reflect.NativeMethodAccessorImpl.invoke(NativeMethodAccessorImpl.java:77)
		at java.base/jdk.internal.reflect.DelegatingMethodAccessorImpl.invoke(DelegatingMethodAccessorImpl.java:43)
		at java.base/java.lang.reflect.Method.invoke(Method.java:569)
		at org.apache.catalina.startup.Bootstrap.load(Bootstrap.java:307)
		at org.apache.catalina.startup.Bootstrap.main(Bootstrap.java:477)
	Caused by: java.net.BindException: Address already in use
		at java.base/sun.nio.ch.Net.bind0(Native Method)
		at java.base/sun.nio.ch.Net.bind(Net.java:555)
		at java.base/sun.nio.ch.ServerSocketChannelImpl.netBind(ServerSocketChannelImpl.java:337)
		at java.base/sun.nio.ch.ServerSocketChannelImpl.bind(ServerSocketChannelImpl.java:294)
		at org.apache.tomcat.util.net.NioEndpoint.initServerSocket(NioEndpoint.java:276)
		at org.apache.tomcat.util.net.NioEndpoint.bind(NioEndpoint.java:231)
		at org.apache.tomcat.util.net.AbstractEndpoint.bindWithCleanup(AbstractEndpoint.java:1332)
		at org.apache.tomcat.util.net.AbstractEndpoint.init(AbstractEndpoint.java:1345)
		at org.apache.coyote.AbstractProtocol.init(AbstractProtocol.java:654)
		at org.apache.coyote.http11.AbstractHttp11Protocol.init(AbstractHttp11Protocol.java:75)
		at org.apache.catalina.connector.Connector.initInternal(Connector.java:1009)
		... 13 more
13-Apr-2026 02:49:39.625 INFO [main] org.apache.catalina.startup.Catalina.load Server initialization in [1937] milliseconds
13-Apr-2026 02:49:39.731 INFO [main] org.apache.catalina.core.StandardService.startInternal Starting service [Catalina]
13-Apr-2026 02:49:39.732 INFO [main] org.apache.catalina.core.StandardEngine.startInternal Starting Servlet engine: [Apache Tomcat/9.0.85]
13-Apr-2026 02:49:39.766 INFO [main] org.apache.catalina.startup.HostConfig.deployWAR Deploying web application archive [/home/moni/Desktop/tomcat1/webapps/Amazon.war]
13-Apr-2026 02:49:48.448 INFO [main] org.apache.jasper.servlet.TldScanner.scanJars At least one JAR was scanned for TLDs yet contained no TLDs. Enable debug logging for this logger for a complete list of JARs that were scanned but no TLDs were found in them. Skipping unneeded JARs during scanning can improve startup time and JSP compilation time.
13-Apr-2026 02:49:48.552 INFO [main] org.apache.catalina.startup.HostConfig.deployWAR Deployment of web application archive [/home/moni/Desktop/tomcat1/webapps/Amazon.war] has finished in [8,784] ms
13-Apr-2026 02:49:48.554 INFO [main] org.apache.catalina.startup.HostConfig.deployDirectory Deploying web application directory [/home/moni/Desktop/tomcat1/webapps/examples]
13-Apr-2026 02:49:49.299 INFO [main] org.apache.catalina.startup.HostConfig.deployDirectory Deployment of web application directory [/home/moni/Desktop/tomcat1/webapps/examples] has finished in [745] ms
13-Apr-2026 02:49:49.301 INFO [main] org.apache.catalina.startup.HostConfig.deployDirectory Deploying web application directory [/home/moni/Desktop/tomcat1/webapps/ROOT]
13-Apr-2026 02:49:49.400 INFO [main] org.apache.catalina.startup.HostConfig.deployDirectory Deployment of web application directory [/home/moni/Desktop/tomcat1/webapps/ROOT] has finished in [99] ms
13-Apr-2026 02:49:49.402 INFO [main] org.apache.catalina.startup.HostConfig.deployDirectory Deploying web application directory [/home/moni/Desktop/tomcat1/webapps/host-manager]
13-Apr-2026 02:49:49.520 INFO [main] org.apache.catalina.startup.HostConfig.deployDirectory Deployment of web application directory [/home/moni/Desktop/tomcat1/webapps/host-manager] has finished in [117] ms
13-Apr-2026 02:49:49.521 INFO [main] org.apache.catalina.startup.HostConfig.deployDirectory Deploying web application directory [/home/moni/Desktop/tomcat1/webapps/manager]
13-Apr-2026 02:49:49.632 INFO [main] org.apache.catalina.startup.HostConfig.deployDirectory Deployment of web application directory [/home/moni/Desktop/tomcat1/webapps/manager] has finished in [110] ms
13-Apr-2026 02:49:49.633 INFO [main] org.apache.catalina.startup.HostConfig.deployDirectory Deploying web application directory [/home/moni/Desktop/tomcat1/webapps/docs]
13-Apr-2026 02:49:49.713 INFO [main] org.apache.catalina.startup.HostConfig.deployDirectory Deployment of web application directory [/home/moni/Desktop/tomcat1/webapps/docs] has finished in [79] ms
13-Apr-2026 02:49:49.748 INFO [main] org.apache.catalina.startup.Catalina.start Server startup in [10120] milliseconds
13-Apr-2026 02:49:49.775 SEVERE [main] org.apache.catalina.core.StandardServer.await Failed to create server shutdown socket on address [localhost] and port [8006] (base port [8006] and offset [0])
	java.net.BindException: Address already in use
		at java.base/sun.nio.ch.Net.bind0(Native Method)
		at java.base/sun.nio.ch.Net.bind(Net.java:555)
		at java.base/sun.nio.ch.Net.bind(Net.java:544)
		at java.base/sun.nio.ch.NioSocketImpl.bind(NioSocketImpl.java:648)
		at java.base/java.net.ServerSocket.bind(ServerSocket.java:388)
		at java.base/java.net.ServerSocket.<init>(ServerSocket.java:274)
		at org.apache.catalina.core.StandardServer.await(StandardServer.java:581)
		at org.apache.catalina.startup.Catalina.await(Catalina.java:864)
		at org.apache.catalina.startup.Catalina.start(Catalina.java:810)
		at java.base/jdk.internal.reflect.NativeMethodAccessorImpl.invoke0(Native Method)
		at java.base/jdk.internal.reflect.NativeMethodAccessorImpl.invoke(NativeMethodAccessorImpl.java:77)
		at java.base/jdk.internal.reflect.DelegatingMethodAccessorImpl.invoke(DelegatingMethodAccessorImpl.java:43)
		at java.base/java.lang.reflect.Method.invoke(Method.java:569)
		at org.apache.catalina.startup.Bootstrap.start(Bootstrap.java:347)
		at org.apache.catalina.startup.Bootstrap.main(Bootstrap.java:478)
13-Apr-2026 02:49:49.780 INFO [main] org.apache.coyote.AbstractProtocol.pause Pausing ProtocolHandler ["http-nio-8081"]
13-Apr-2026 02:49:49.781 INFO [main] org.apache.catalina.core.StandardService.stopInternal Stopping service [Catalina]
13-Apr-2026 02:49:49.954 INFO [main] org.apache.coyote.AbstractProtocol.stop Stopping ProtocolHandler ["http-nio-8081"]
13-Apr-2026 02:49:49.964 INFO [main] org.apache.coyote.AbstractProtocol.destroy Destroying ProtocolHandler ["http-nio-8081"]
13-Apr-2026 02:51:50.155 INFO [main] org.apache.catalina.startup.VersionLoggerListener.log Server version name:   Apache Tomcat/9.0.85
13-Apr-2026 02:51:50.165 INFO [main] org.apache.catalina.startup.VersionLoggerListener.log Server built:          Jan 5 2024 08:28:07 UTC
13-Apr-2026 02:51:50.166 INFO [main] org.apache.catalina.startup.VersionLoggerListener.log Server version number: 9.0.85.0
13-Apr-2026 02:51:50.166 INFO [main] org.apache.catalina.startup.VersionLoggerListener.log OS Name:               Linux
13-Apr-2026 02:51:50.167 INFO [main] org.apache.catalina.startup.VersionLoggerListener.log OS Version:            5.15.0-139-generic
13-Apr-2026 02:51:50.167 INFO [main] org.apache.catalina.startup.VersionLoggerListener.log Architecture:          amd64
13-Apr-2026 02:51:50.168 INFO [main] org.apache.catalina.startup.VersionLoggerListener.log Java Home:             /usr/lib/jvm/java-17-openjdk-amd64
13-Apr-2026 02:51:50.168 INFO [main] org.apache.catalina.startup.VersionLoggerListener.log JVM Version:           17.0.15+6-Ubuntu-0ubuntu120.04
13-Apr-2026 02:51:50.169 INFO [main] org.apache.catalina.startup.VersionLoggerListener.log JVM Vendor:            Ubuntu
13-Apr-2026 02:51:50.169 INFO [main] org.apache.catalina.startup.VersionLoggerListener.log CATALINA_BASE:         /home/moni/Desktop/tomcat1
13-Apr-2026 02:51:50.171 INFO [main] org.apache.catalina.startup.VersionLoggerListener.log CATALINA_HOME:         /home/moni/Desktop/tomcat1
13-Apr-2026 02:51:50.199 INFO [main] org.apache.catalina.startup.VersionLoggerListener.log Command line argument: --add-opens=java.base/java.lang=ALL-UNNAMED
13-Apr-2026 02:51:50.200 INFO [main] org.apache.catalina.startup.VersionLoggerListener.log Command line argument: --add-opens=java.base/java.io=ALL-UNNAMED
13-Apr-2026 02:51:50.201 INFO [main] org.apache.catalina.startup.VersionLoggerListener.log Command line argument: --add-opens=java.base/java.util=ALL-UNNAMED
13-Apr-2026 02:51:50.201 INFO [main] org.apache.catalina.startup.VersionLoggerListener.log Command line argument: --add-opens=java.base/java.util.concurrent=ALL-UNNAMED
13-Apr-2026 02:51:50.202 INFO [main] org.apache.catalina.startup.VersionLoggerListener.log Command line argument: --add-opens=java.rmi/sun.rmi.transport=ALL-UNNAMED
13-Apr-2026 02:51:50.203 INFO [main] org.apache.catalina.startup.VersionLoggerListener.log Command line argument: -Djava.util.logging.config.file=/home/moni/Desktop/tomcat1/conf/logging.properties
13-Apr-2026 02:51:50.204 INFO [main] org.apache.catalina.startup.VersionLoggerListener.log Command line argument: -Djava.util.logging.manager=org.apache.juli.ClassLoaderLogManager
13-Apr-2026 02:51:50.204 INFO [main] org.apache.catalina.startup.VersionLoggerListener.log Command line argument: -Djdk.tls.ephemeralDHKeySize=2048
13-Apr-2026 02:51:50.205 INFO [main] org.apache.catalina.startup.VersionLoggerListener.log Command line argument: -Djava.protocol.handler.pkgs=org.apache.catalina.webresources
13-Apr-2026 02:51:50.205 INFO [main] org.apache.catalina.startup.VersionLoggerListener.log Command line argument: -Dorg.apache.catalina.security.SecurityListener.UMASK=0027
13-Apr-2026 02:51:50.206 INFO [main] org.apache.catalina.startup.VersionLoggerListener.log Command line argument: -Dignore.endorsed.dirs=
13-Apr-2026 02:51:50.206 INFO [main] org.apache.catalina.startup.VersionLoggerListener.log Command line argument: -Dcatalina.base=/home/moni/Desktop/tomcat1
13-Apr-2026 02:51:50.207 INFO [main] org.apache.catalina.startup.VersionLoggerListener.log Command line argument: -Dcatalina.home=/home/moni/Desktop/tomcat1
13-Apr-2026 02:51:50.208 INFO [main] org.apache.catalina.startup.VersionLoggerListener.log Command line argument: -Djava.io.tmpdir=/home/moni/Desktop/tomcat1/temp
13-Apr-2026 02:51:50.213 INFO [main] org.apache.catalina.core.AprLifecycleListener.lifecycleEvent The Apache Tomcat Native library which allows using OpenSSL was not found on the java.library.path: [/usr/java/packages/lib:/usr/lib/x86_64-linux-gnu/jni:/lib/x86_64-linux-gnu:/usr/lib/x86_64-linux-gnu:/usr/lib/jni:/lib:/usr/lib]
13-Apr-2026 02:51:51.146 INFO [main] org.apache.coyote.AbstractProtocol.init Initializing ProtocolHandler ["http-nio-8081"]
13-Apr-2026 02:51:51.195 INFO [main] org.apache.catalina.startup.Catalina.load Server initialization in [1656] milliseconds
13-Apr-2026 02:51:51.278 INFO [main] org.apache.catalina.core.StandardService.startInternal Starting service [Catalina]
13-Apr-2026 02:51:51.279 INFO [main] org.apache.catalina.core.StandardEngine.startInternal Starting Servlet engine: [Apache Tomcat/9.0.85]
13-Apr-2026 02:51:51.306 INFO [main] org.apache.catalina.startup.HostConfig.deployWAR Deploying web application archive [/home/moni/Desktop/tomcat1/webapps/Amazon.war]
13-Apr-2026 02:51:58.407 INFO [main] org.apache.jasper.servlet.TldScanner.scanJars At least one JAR was scanned for TLDs yet contained no TLDs. Enable debug logging for this logger for a complete list of JARs that were scanned but no TLDs were found in them. Skipping unneeded JARs during scanning can improve startup time and JSP compilation time.
13-Apr-2026 02:51:58.468 INFO [main] org.apache.catalina.startup.HostConfig.deployWAR Deployment of web application archive [/home/moni/Desktop/tomcat1/webapps/Amazon.war] has finished in [7,160] ms
13-Apr-2026 02:51:58.469 INFO [main] org.apache.catalina.startup.HostConfig.deployDirectory Deploying web application directory [/home/moni/Desktop/tomcat1/webapps/examples]
13-Apr-2026 02:51:58.850 INFO [main] org.apache.catalina.startup.HostConfig.deployDirectory Deployment of web application directory [/home/moni/Desktop/tomcat1/webapps/examples] has finished in [381] ms
13-Apr-2026 02:51:58.851 INFO [main] org.apache.catalina.startup.HostConfig.deployDirectory Deploying web application directory [/home/moni/Desktop/tomcat1/webapps/ROOT]
13-Apr-2026 02:51:58.881 INFO [main] org.apache.catalina.startup.HostConfig.deployDirectory Deployment of web application directory [/home/moni/Desktop/tomcat1/webapps/ROOT] has finished in [29] ms
13-Apr-2026 02:51:58.881 INFO [main] org.apache.catalina.startup.HostConfig.deployDirectory Deploying web application directory [/home/moni/Desktop/tomcat1/webapps/host-manager]
13-Apr-2026 02:51:58.928 INFO [main] org.apache.catalina.startup.HostConfig.deployDirectory Deployment of web application directory [/home/moni/Desktop/tomcat1/webapps/host-manager] has finished in [46] ms
13-Apr-2026 02:51:58.928 INFO [main] org.apache.catalina.startup.HostConfig.deployDirectory Deploying web application directory [/home/moni/Desktop/tomcat1/webapps/manager]
13-Apr-2026 02:51:58.985 INFO [main] org.apache.catalina.startup.HostConfig.deployDirectory Deployment of web application directory [/home/moni/Desktop/tomcat1/webapps/manager] has finished in [57] ms
13-Apr-2026 02:51:58.986 INFO [main] org.apache.catalina.startup.HostConfig.deployDirectory Deploying web application directory [/home/moni/Desktop/tomcat1/webapps/docs]
13-Apr-2026 02:51:59.026 INFO [main] org.apache.catalina.startup.HostConfig.deployDirectory Deployment of web application directory [/home/moni/Desktop/tomcat1/webapps/docs] has finished in [40] ms
13-Apr-2026 02:51:59.036 INFO [main] org.apache.coyote.AbstractProtocol.start Starting ProtocolHandler ["http-nio-8081"]
13-Apr-2026 02:51:59.078 INFO [main] org.apache.catalina.startup.Catalina.start Server startup in [7882] milliseconds
13-Apr-2026 02:53:25.260 INFO [main] org.apache.catalina.core.StandardServer.await A valid shutdown command was received via the shutdown port. Stopping the Server instance.
13-Apr-2026 02:53:25.262 INFO [main] org.apache.coyote.AbstractProtocol.pause Pausing ProtocolHandler ["http-nio-8081"]
13-Apr-2026 02:53:25.270 INFO [main] org.apache.catalina.core.StandardService.stopInternal Stopping service [Catalina]
13-Apr-2026 02:53:25.316 INFO [main] org.apache.coyote.AbstractProtocol.stop Stopping ProtocolHandler ["http-nio-8081"]
13-Apr-2026 02:53:25.330 INFO [main] org.apache.coyote.AbstractProtocol.destroy Destroying ProtocolHandler ["http-nio-8081"]
13-Apr-2026 03:06:31.932 INFO [main] org.apache.catalina.startup.VersionLoggerListener.log Server version name:   Apache Tomcat/9.0.85
13-Apr-2026 03:06:31.943 INFO [main] org.apache.catalina.startup.VersionLoggerListener.log Server built:          Jan 5 2024 08:28:07 UTC
13-Apr-2026 03:06:31.944 INFO [main] org.apache.catalina.startup.VersionLoggerListener.log Server version number: 9.0.85.0
13-Apr-2026 03:06:31.944 INFO [main] org.apache.catalina.startup.VersionLoggerListener.log OS Name:               Linux
13-Apr-2026 03:06:31.945 INFO [main] org.apache.catalina.startup.VersionLoggerListener.log OS Version:            5.15.0-139-generic
13-Apr-2026 03:06:31.945 INFO [main] org.apache.catalina.startup.VersionLoggerListener.log Architecture:          amd64
13-Apr-2026 03:06:31.945 INFO [main] org.apache.catalina.startup.VersionLoggerListener.log Java Home:             /usr/lib/jvm/java-17-openjdk-amd64
13-Apr-2026 03:06:31.946 INFO [main] org.apache.catalina.startup.VersionLoggerListener.log JVM Version:           17.0.15+6-Ubuntu-0ubuntu120.04
13-Apr-2026 03:06:31.946 INFO [main] org.apache.catalina.startup.VersionLoggerListener.log JVM Vendor:            Ubuntu
13-Apr-2026 03:06:31.947 INFO [main] org.apache.catalina.startup.VersionLoggerListener.log CATALINA_BASE:         /home/moni/Desktop/tomcat1
13-Apr-2026 03:06:31.947 INFO [main] org.apache.catalina.startup.VersionLoggerListener.log CATALINA_HOME:         /home/moni/Desktop/tomcat1
13-Apr-2026 03:06:31.981 INFO [main] org.apache.catalina.startup.VersionLoggerListener.log Command line argument: --add-opens=java.base/java.lang=ALL-UNNAMED
13-Apr-2026 03:06:31.982 INFO [main] org.apache.catalina.startup.VersionLoggerListener.log Command line argument: --add-opens=java.base/java.io=ALL-UNNAMED
13-Apr-2026 03:06:31.983 INFO [main] org.apache.catalina.startup.VersionLoggerListener.log Command line argument: --add-opens=java.base/java.util=ALL-UNNAMED
13-Apr-2026 03:06:31.984 INFO [main] org.apache.catalina.startup.VersionLoggerListener.log Command line argument: --add-opens=java.base/java.util.concurrent=ALL-UNNAMED
13-Apr-2026 03:06:31.984 INFO [main] org.apache.catalina.startup.VersionLoggerListener.log Command line argument: --add-opens=java.rmi/sun.rmi.transport=ALL-UNNAMED
13-Apr-2026 03:06:31.985 INFO [main] org.apache.catalina.startup.VersionLoggerListener.log Command line argument: -Djava.util.logging.config.file=/home/moni/Desktop/tomcat1/conf/logging.properties
13-Apr-2026 03:06:31.986 INFO [main] org.apache.catalina.startup.VersionLoggerListener.log Command line argument: -Djava.util.logging.manager=org.apache.juli.ClassLoaderLogManager
13-Apr-2026 03:06:31.986 INFO [main] org.apache.catalina.startup.VersionLoggerListener.log Command line argument: -Djdk.tls.ephemeralDHKeySize=2048
13-Apr-2026 03:06:31.987 INFO [main] org.apache.catalina.startup.VersionLoggerListener.log Command line argument: -Djava.protocol.handler.pkgs=org.apache.catalina.webresources
13-Apr-2026 03:06:31.987 INFO [main] org.apache.catalina.startup.VersionLoggerListener.log Command line argument: -Dorg.apache.catalina.security.SecurityListener.UMASK=0027
13-Apr-2026 03:06:31.987 INFO [main] org.apache.catalina.startup.VersionLoggerListener.log Command line argument: -Dignore.endorsed.dirs=
13-Apr-2026 03:06:31.988 INFO [main] org.apache.catalina.startup.VersionLoggerListener.log Command line argument: -Dcatalina.base=/home/moni/Desktop/tomcat1
13-Apr-2026 03:06:31.988 INFO [main] org.apache.catalina.startup.VersionLoggerListener.log Command line argument: -Dcatalina.home=/home/moni/Desktop/tomcat1
13-Apr-2026 03:06:31.989 INFO [main] org.apache.catalina.startup.VersionLoggerListener.log Command line argument: -Djava.io.tmpdir=/home/moni/Desktop/tomcat1/temp
13-Apr-2026 03:06:31.994 INFO [main] org.apache.catalina.core.AprLifecycleListener.lifecycleEvent The Apache Tomcat Native library which allows using OpenSSL was not found on the java.library.path: [/usr/java/packages/lib:/usr/lib/x86_64-linux-gnu/jni:/lib/x86_64-linux-gnu:/usr/lib/x86_64-linux-gnu:/usr/lib/jni:/lib:/usr/lib]
13-Apr-2026 03:06:32.832 INFO [main] org.apache.coyote.AbstractProtocol.init Initializing ProtocolHandler ["http-nio-8081"]
13-Apr-2026 03:06:32.885 INFO [main] org.apache.catalina.startup.Catalina.load Server initialization in [1418] milliseconds
13-Apr-2026 03:06:32.978 INFO [main] org.apache.catalina.core.StandardService.startInternal Starting service [Catalina]
13-Apr-2026 03:06:32.979 INFO [main] org.apache.catalina.core.StandardEngine.startInternal Starting Servlet engine: [Apache Tomcat/9.0.85]
13-Apr-2026 03:06:33.012 INFO [main] org.apache.catalina.startup.HostConfig.deployWAR Deploying web application archive [/home/moni/Desktop/tomcat1/webapps/Amazon.war]
13-Apr-2026 03:06:41.689 INFO [main] org.apache.jasper.servlet.TldScanner.scanJars At least one JAR was scanned for TLDs yet contained no TLDs. Enable debug logging for this logger for a complete list of JARs that were scanned but no TLDs were found in them. Skipping unneeded JARs during scanning can improve startup time and JSP compilation time.
13-Apr-2026 03:06:41.751 INFO [main] org.apache.catalina.startup.HostConfig.deployWAR Deployment of web application archive [/home/moni/Desktop/tomcat1/webapps/Amazon.war] has finished in [8,738] ms
13-Apr-2026 03:06:41.753 INFO [main] org.apache.catalina.startup.HostConfig.deployDirectory Deploying web application directory [/home/moni/Desktop/tomcat1/webapps/examples]
13-Apr-2026 03:06:42.239 INFO [main] org.apache.catalina.startup.HostConfig.deployDirectory Deployment of web application directory [/home/moni/Desktop/tomcat1/webapps/examples] has finished in [486] ms
13-Apr-2026 03:06:42.241 INFO [main] org.apache.catalina.startup.HostConfig.deployDirectory Deploying web application directory [/home/moni/Desktop/tomcat1/webapps/ROOT]
13-Apr-2026 03:06:42.281 INFO [main] org.apache.catalina.startup.HostConfig.deployDirectory Deployment of web application directory [/home/moni/Desktop/tomcat1/webapps/ROOT] has finished in [40] ms
13-Apr-2026 03:06:42.282 INFO [main] org.apache.catalina.startup.HostConfig.deployDirectory Deploying web application directory [/home/moni/Desktop/tomcat1/webapps/host-manager]
13-Apr-2026 03:06:42.349 INFO [main] org.apache.catalina.startup.HostConfig.deployDirectory Deployment of web application directory [/home/moni/Desktop/tomcat1/webapps/host-manager] has finished in [67] ms
13-Apr-2026 03:06:42.350 INFO [main] org.apache.catalina.startup.HostConfig.deployDirectory Deploying web application directory [/home/moni/Desktop/tomcat1/webapps/manager]
13-Apr-2026 03:06:42.401 INFO [main] org.apache.catalina.startup.HostConfig.deployDirectory Deployment of web application directory [/home/moni/Desktop/tomcat1/webapps/manager] has finished in [50] ms
13-Apr-2026 03:06:42.402 INFO [main] org.apache.catalina.startup.HostConfig.deployDirectory Deploying web application directory [/home/moni/Desktop/tomcat1/webapps/docs]
13-Apr-2026 03:06:42.447 INFO [main] org.apache.catalina.startup.HostConfig.deployDirectory Deployment of web application directory [/home/moni/Desktop/tomcat1/webapps/docs] has finished in [45] ms
13-Apr-2026 03:06:42.457 INFO [main] org.apache.coyote.AbstractProtocol.start Starting ProtocolHandler ["http-nio-8081"]
13-Apr-2026 03:06:42.505 INFO [main] org.apache.catalina.startup.Catalina.start Server startup in [9619] milliseconds
