15-Apr-2026 09:21:19.812 INFO [main] org.apache.catalina.startup.VersionLoggerListener.log Server version name:   Apache Tomcat/9.0.85
15-Apr-2026 09:21:19.836 INFO [main] org.apache.catalina.startup.VersionLoggerListener.log Server built:          Jan 5 2024 08:28:07 UTC
15-Apr-2026 09:21:19.839 INFO [main] org.apache.catalina.startup.VersionLoggerListener.log Server version number: 9.0.85.0
15-Apr-2026 09:21:19.840 INFO [main] org.apache.catalina.startup.VersionLoggerListener.log OS Name:               Linux
15-Apr-2026 09:21:19.840 INFO [main] org.apache.catalina.startup.VersionLoggerListener.log OS Version:            5.15.0-139-generic
15-Apr-2026 09:21:19.841 INFO [main] org.apache.catalina.startup.VersionLoggerListener.log Architecture:          amd64
15-Apr-2026 09:21:19.841 INFO [main] org.apache.catalina.startup.VersionLoggerListener.log Java Home:             /usr/lib/jvm/java-17-openjdk-amd64
15-Apr-2026 09:21:19.842 INFO [main] org.apache.catalina.startup.VersionLoggerListener.log JVM Version:           17.0.15+6-Ubuntu-0ubuntu120.04
15-Apr-2026 09:21:19.842 INFO [main] org.apache.catalina.startup.VersionLoggerListener.log JVM Vendor:            Ubuntu
15-Apr-2026 09:21:19.843 INFO [main] org.apache.catalina.startup.VersionLoggerListener.log CATALINA_BASE:         /home/moni/Desktop/apache-tomcat-9.0.85
15-Apr-2026 09:21:19.843 INFO [main] org.apache.catalina.startup.VersionLoggerListener.log CATALINA_HOME:         /home/moni/Desktop/apache-tomcat-9.0.85
15-Apr-2026 09:21:19.907 INFO [main] org.apache.catalina.startup.VersionLoggerListener.log Command line argument: --add-opens=java.base/java.lang=ALL-UNNAMED
15-Apr-2026 09:21:19.908 INFO [main] org.apache.catalina.startup.VersionLoggerListener.log Command line argument: --add-opens=java.base/java.io=ALL-UNNAMED
15-Apr-2026 09:21:19.909 INFO [main] org.apache.catalina.startup.VersionLoggerListener.log Command line argument: --add-opens=java.base/java.util=ALL-UNNAMED
15-Apr-2026 09:21:19.909 INFO [main] org.apache.catalina.startup.VersionLoggerListener.log Command line argument: --add-opens=java.base/java.util.concurrent=ALL-UNNAMED
15-Apr-2026 09:21:19.910 INFO [main] org.apache.catalina.startup.VersionLoggerListener.log Command line argument: --add-opens=java.rmi/sun.rmi.transport=ALL-UNNAMED
15-Apr-2026 09:21:19.911 INFO [main] org.apache.catalina.startup.VersionLoggerListener.log Command line argument: -Djava.util.logging.config.file=/home/moni/Desktop/apache-tomcat-9.0.85/conf/logging.properties
15-Apr-2026 09:21:19.913 INFO [main] org.apache.catalina.startup.VersionLoggerListener.log Command line argument: -Djava.util.logging.manager=org.apache.juli.ClassLoaderLogManager
15-Apr-2026 09:21:19.913 INFO [main] org.apache.catalina.startup.VersionLoggerListener.log Command line argument: -Djdk.tls.ephemeralDHKeySize=2048
15-Apr-2026 09:21:19.914 INFO [main] org.apache.catalina.startup.VersionLoggerListener.log Command line argument: -Djava.protocol.handler.pkgs=org.apache.catalina.webresources
15-Apr-2026 09:21:19.915 INFO [main] org.apache.catalina.startup.VersionLoggerListener.log Command line argument: -Dorg.apache.catalina.security.SecurityListener.UMASK=0027
15-Apr-2026 09:21:19.915 INFO [main] org.apache.catalina.startup.VersionLoggerListener.log Command line argument: -Dignore.endorsed.dirs=
15-Apr-2026 09:21:19.916 INFO [main] org.apache.catalina.startup.VersionLoggerListener.log Command line argument: -Dcatalina.base=/home/moni/Desktop/apache-tomcat-9.0.85
15-Apr-2026 09:21:19.916 INFO [main] org.apache.catalina.startup.VersionLoggerListener.log Command line argument: -Dcatalina.home=/home/moni/Desktop/apache-tomcat-9.0.85
15-Apr-2026 09:21:19.917 INFO [main] org.apache.catalina.startup.VersionLoggerListener.log Command line argument: -Djava.io.tmpdir=/home/moni/Desktop/apache-tomcat-9.0.85/temp
15-Apr-2026 09:21:19.940 INFO [main] org.apache.catalina.core.AprLifecycleListener.lifecycleEvent The Apache Tomcat Native library which allows using OpenSSL was not found on the java.library.path: [/usr/java/packages/lib:/usr/lib/x86_64-linux-gnu/jni:/lib/x86_64-linux-gnu:/usr/lib/x86_64-linux-gnu:/usr/lib/jni:/lib:/usr/lib]
15-Apr-2026 09:21:21.454 INFO [main] org.apache.coyote.AbstractProtocol.init Initializing ProtocolHandler ["http-nio-8080"]
15-Apr-2026 09:21:21.521 SEVERE [main] org.apache.catalina.util.LifecycleBase.handleSubClassException Failed to initialize component [Connector["http-nio-8080"]]
	org.apache.catalina.LifecycleException: Protocol handler initialization failed
		at org.apache.catalina.connector.Connector.initInternal(Connector.java:1011)
		at org.apache.catalina.util.LifecycleBase.init(LifecycleBase.java:127)
		at org.apache.catalina.core.StandardService.initInternal(StandardService.java:554)
		at org.apache.catalina.util.LifecycleBase.init(LifecycleBase.java:127)
		at org.apache.catalina.core.StandardServer.initInternal(StandardServer.java:1039)
		at org.apache.catalina.util.LifecycleBase.init(LifecycleBase.java:127)
		at org.apache.catalina.startup.Catalina.load(Catalina.java:724)
		at org.apache.catalina.startup.Catalina.load(Catalina.java:746)
		at java.base/jdk.internal.reflect.NativeMethodAccessorImpl.invoke0(Native Method)
		at java.base/jdk.internal.reflect.NativeMethodAccessorImpl.invoke(NativeMethodAccessorImpl.java:77)
		at java.base/jdk.internal.reflect.DelegatingMethodAccessorImpl.invoke(DelegatingMethodAccessorImpl.java:43)
		at java.base/java.lang.reflect.Method.invoke(Method.java:569)
		at org.apache.catalina.startup.Bootstrap.load(Bootstrap.java:307)
		at org.apache.catalina.startup.Bootstrap.main(Bootstrap.java:477)
	Caused by: java.net.BindException: Address already in use
		at java.base/sun.nio.ch.Net.bind0(Native Method)
		at java.base/sun.nio.ch.Net.bind(Net.java:555)
		at java.base/sun.nio.ch.ServerSocketChannelImpl.netBind(ServerSocketChannelImpl.java:337)
		at java.base/sun.nio.ch.ServerSocketChannelImpl.bind(ServerSocketChannelImpl.java:294)
		at org.apache.tomcat.util.net.NioEndpoint.initServerSocket(NioEndpoint.java:276)
		at org.apache.tomcat.util.net.NioEndpoint.bind(NioEndpoint.java:231)
		at org.apache.tomcat.util.net.AbstractEndpoint.bindWithCleanup(AbstractEndpoint.java:1332)
		at org.apache.tomcat.util.net.AbstractEndpoint.init(AbstractEndpoint.java:1345)
		at org.apache.coyote.AbstractProtocol.init(AbstractProtocol.java:654)
		at org.apache.coyote.http11.AbstractHttp11Protocol.init(AbstractHttp11Protocol.java:75)
		at org.apache.catalina.connector.Connector.initInternal(Connector.java:1009)
		... 13 more
15-Apr-2026 09:21:21.525 INFO [main] org.apache.catalina.startup.Catalina.load Server initialization in [2850] milliseconds
15-Apr-2026 09:21:21.730 INFO [main] org.apache.catalina.core.StandardService.startInternal Starting service [Catalina]
15-Apr-2026 09:21:21.730 INFO [main] org.apache.catalina.core.StandardEngine.startInternal Starting Servlet engine: [Apache Tomcat/9.0.85]
15-Apr-2026 09:21:21.815 INFO [main] org.apache.catalina.startup.HostConfig.deployWAR Deploying web application archive [/home/moni/Desktop/apache-tomcat-9.0.85/webapps/jenkins.war]
15-Apr-2026 09:21:30.188 WARNING [main] org.apache.tomcat.util.descriptor.web.WebXml.setVersion Unknown version string [5.0]. Default version will be used.
15-Apr-2026 09:21:44.775 INFO [main] org.apache.jasper.servlet.TldScanner.scanJars At least one JAR was scanned for TLDs yet contained no TLDs. Enable debug logging for this logger for a complete list of JARs that were scanned but no TLDs were found in them. Skipping unneeded JARs during scanning can improve startup time and JSP compilation time.
15-Apr-2026 09:21:44.799 SEVERE [main] org.apache.catalina.core.StandardContext.startInternal One or more listeners failed to start. Full details will be found in the appropriate container log file
15-Apr-2026 09:21:44.822 SEVERE [main] org.apache.catalina.core.StandardContext.startInternal Context [/jenkins] startup failed due to previous errors
15-Apr-2026 09:21:44.880 INFO [main] org.apache.catalina.startup.HostConfig.deployWAR Deployment of web application archive [/home/moni/Desktop/apache-tomcat-9.0.85/webapps/jenkins.war] has finished in [23,061] ms
15-Apr-2026 09:21:44.882 INFO [main] org.apache.catalina.startup.HostConfig.deployDirectory Deploying web application directory [/home/moni/Desktop/apache-tomcat-9.0.85/webapps/Amazon]
15-Apr-2026 09:21:56.357 INFO [main] org.apache.jasper.servlet.TldScanner.scanJars At least one JAR was scanned for TLDs yet contained no TLDs. Enable debug logging for this logger for a complete list of JARs that were scanned but no TLDs were found in them. Skipping unneeded JARs during scanning can improve startup time and JSP compilation time.
15-Apr-2026 09:21:56.433 INFO [main] org.apache.catalina.startup.HostConfig.deployDirectory Deployment of web application directory [/home/moni/Desktop/apache-tomcat-9.0.85/webapps/Amazon] has finished in [11,550] ms
15-Apr-2026 09:21:56.434 INFO [main] org.apache.catalina.startup.HostConfig.deployDirectory Deploying web application directory [/home/moni/Desktop/apache-tomcat-9.0.85/webapps/examples]
15-Apr-2026 09:21:57.331 INFO [main] org.apache.catalina.startup.HostConfig.deployDirectory Deployment of web application directory [/home/moni/Desktop/apache-tomcat-9.0.85/webapps/examples] has finished in [897] ms
15-Apr-2026 09:21:57.332 INFO [main] org.apache.catalina.startup.HostConfig.deployDirectory Deploying web application directory [/home/moni/Desktop/apache-tomcat-9.0.85/webapps/ROOT]
15-Apr-2026 09:21:57.396 INFO [main] org.apache.catalina.startup.HostConfig.deployDirectory Deployment of web application directory [/home/moni/Desktop/apache-tomcat-9.0.85/webapps/ROOT] has finished in [63] ms
15-Apr-2026 09:21:57.397 INFO [main] org.apache.catalina.startup.HostConfig.deployDirectory Deploying web application directory [/home/moni/Desktop/apache-tomcat-9.0.85/webapps/host-manager]
15-Apr-2026 09:21:57.485 INFO [main] org.apache.catalina.startup.HostConfig.deployDirectory Deployment of web application directory [/home/moni/Desktop/apache-tomcat-9.0.85/webapps/host-manager] has finished in [87] ms
15-Apr-2026 09:21:57.486 INFO [main] org.apache.catalina.startup.HostConfig.deployDirectory Deploying web application directory [/home/moni/Desktop/apache-tomcat-9.0.85/webapps/manager]
15-Apr-2026 09:21:57.575 INFO [main] org.apache.catalina.startup.HostConfig.deployDirectory Deployment of web application directory [/home/moni/Desktop/apache-tomcat-9.0.85/webapps/manager] has finished in [89] ms
15-Apr-2026 09:21:57.576 INFO [main] org.apache.catalina.startup.HostConfig.deployDirectory Deploying web application directory [/home/moni/Desktop/apache-tomcat-9.0.85/webapps/docs]
15-Apr-2026 09:21:57.643 INFO [main] org.apache.catalina.startup.HostConfig.deployDirectory Deployment of web application directory [/home/moni/Desktop/apache-tomcat-9.0.85/webapps/docs] has finished in [66] ms
15-Apr-2026 09:21:57.661 INFO [main] org.apache.catalina.startup.Catalina.start Server startup in [36135] milliseconds
15-Apr-2026 09:25:37.189 INFO [main] org.apache.catalina.startup.VersionLoggerListener.log Server version name:   Apache Tomcat/9.0.85
15-Apr-2026 09:25:37.208 INFO [main] org.apache.catalina.startup.VersionLoggerListener.log Server built:          Jan 5 2024 08:28:07 UTC
15-Apr-2026 09:25:37.212 INFO [main] org.apache.catalina.startup.VersionLoggerListener.log Server version number: 9.0.85.0
15-Apr-2026 09:25:37.213 INFO [main] org.apache.catalina.startup.VersionLoggerListener.log OS Name:               Linux
15-Apr-2026 09:25:37.214 INFO [main] org.apache.catalina.startup.VersionLoggerListener.log OS Version:            5.15.0-139-generic
15-Apr-2026 09:25:37.214 INFO [main] org.apache.catalina.startup.VersionLoggerListener.log Architecture:          amd64
15-Apr-2026 09:25:37.215 INFO [main] org.apache.catalina.startup.VersionLoggerListener.log Java Home:             /usr/lib/jvm/java-17-openjdk-amd64
15-Apr-2026 09:25:37.215 INFO [main] org.apache.catalina.startup.VersionLoggerListener.log JVM Version:           17.0.15+6-Ubuntu-0ubuntu120.04
15-Apr-2026 09:25:37.217 INFO [main] org.apache.catalina.startup.VersionLoggerListener.log JVM Vendor:            Ubuntu
15-Apr-2026 09:25:37.217 INFO [main] org.apache.catalina.startup.VersionLoggerListener.log CATALINA_BASE:         /home/moni/Desktop/apache-tomcat-9.0.85
15-Apr-2026 09:25:37.217 INFO [main] org.apache.catalina.startup.VersionLoggerListener.log CATALINA_HOME:         /home/moni/Desktop/apache-tomcat-9.0.85
15-Apr-2026 09:25:37.274 INFO [main] org.apache.catalina.startup.VersionLoggerListener.log Command line argument: --add-opens=java.base/java.lang=ALL-UNNAMED
15-Apr-2026 09:25:37.275 INFO [main] org.apache.catalina.startup.VersionLoggerListener.log Command line argument: --add-opens=java.base/java.io=ALL-UNNAMED
15-Apr-2026 09:25:37.275 INFO [main] org.apache.catalina.startup.VersionLoggerListener.log Command line argument: --add-opens=java.base/java.util=ALL-UNNAMED
15-Apr-2026 09:25:37.276 INFO [main] org.apache.catalina.startup.VersionLoggerListener.log Command line argument: --add-opens=java.base/java.util.concurrent=ALL-UNNAMED
15-Apr-2026 09:25:37.276 INFO [main] org.apache.catalina.startup.VersionLoggerListener.log Command line argument: --add-opens=java.rmi/sun.rmi.transport=ALL-UNNAMED
15-Apr-2026 09:25:37.276 INFO [main] org.apache.catalina.startup.VersionLoggerListener.log Command line argument: -Djava.util.logging.config.file=/home/moni/Desktop/apache-tomcat-9.0.85/conf/logging.properties
15-Apr-2026 09:25:37.276 INFO [main] org.apache.catalina.startup.VersionLoggerListener.log Command line argument: -Djava.util.logging.manager=org.apache.juli.ClassLoaderLogManager
15-Apr-2026 09:25:37.276 INFO [main] org.apache.catalina.startup.VersionLoggerListener.log Command line argument: -Djdk.tls.ephemeralDHKeySize=2048
15-Apr-2026 09:25:37.276 INFO [main] org.apache.catalina.startup.VersionLoggerListener.log Command line argument: -Djava.protocol.handler.pkgs=org.apache.catalina.webresources
15-Apr-2026 09:25:37.276 INFO [main] org.apache.catalina.startup.VersionLoggerListener.log Command line argument: -Dorg.apache.catalina.security.SecurityListener.UMASK=0027
15-Apr-2026 09:25:37.277 INFO [main] org.apache.catalina.startup.VersionLoggerListener.log Command line argument: -Dignore.endorsed.dirs=
15-Apr-2026 09:25:37.277 INFO [main] org.apache.catalina.startup.VersionLoggerListener.log Command line argument: -Dcatalina.base=/home/moni/Desktop/apache-tomcat-9.0.85
15-Apr-2026 09:25:37.277 INFO [main] org.apache.catalina.startup.VersionLoggerListener.log Command line argument: -Dcatalina.home=/home/moni/Desktop/apache-tomcat-9.0.85
15-Apr-2026 09:25:37.277 INFO [main] org.apache.catalina.startup.VersionLoggerListener.log Command line argument: -Djava.io.tmpdir=/home/moni/Desktop/apache-tomcat-9.0.85/temp
15-Apr-2026 09:25:37.288 INFO [main] org.apache.catalina.core.AprLifecycleListener.lifecycleEvent The Apache Tomcat Native library which allows using OpenSSL was not found on the java.library.path: [/usr/java/packages/lib:/usr/lib/x86_64-linux-gnu/jni:/lib/x86_64-linux-gnu:/usr/lib/x86_64-linux-gnu:/usr/lib/jni:/lib:/usr/lib]
15-Apr-2026 09:25:38.390 INFO [main] org.apache.coyote.AbstractProtocol.init Initializing ProtocolHandler ["http-nio-8080"]
15-Apr-2026 09:25:38.454 SEVERE [main] org.apache.catalina.util.LifecycleBase.handleSubClassException Failed to initialize component [Connector["http-nio-8080"]]
	org.apache.catalina.LifecycleException: Protocol handler initialization failed
		at org.apache.catalina.connector.Connector.initInternal(Connector.java:1011)
		at org.apache.catalina.util.LifecycleBase.init(LifecycleBase.java:127)
		at org.apache.catalina.core.StandardService.initInternal(StandardService.java:554)
		at org.apache.catalina.util.LifecycleBase.init(LifecycleBase.java:127)
		at org.apache.catalina.core.StandardServer.initInternal(StandardServer.java:1039)
		at org.apache.catalina.util.LifecycleBase.init(LifecycleBase.java:127)
		at org.apache.catalina.startup.Catalina.load(Catalina.java:724)
		at org.apache.catalina.startup.Catalina.load(Catalina.java:746)
		at java.base/jdk.internal.reflect.NativeMethodAccessorImpl.invoke0(Native Method)
		at java.base/jdk.internal.reflect.NativeMethodAccessorImpl.invoke(NativeMethodAccessorImpl.java:77)
		at java.base/jdk.internal.reflect.DelegatingMethodAccessorImpl.invoke(DelegatingMethodAccessorImpl.java:43)
		at java.base/java.lang.reflect.Method.invoke(Method.java:569)
		at org.apache.catalina.startup.Bootstrap.load(Bootstrap.java:307)
		at org.apache.catalina.startup.Bootstrap.main(Bootstrap.java:477)
	Caused by: java.net.BindException: Address already in use
		at java.base/sun.nio.ch.Net.bind0(Native Method)
		at java.base/sun.nio.ch.Net.bind(Net.java:555)
		at java.base/sun.nio.ch.ServerSocketChannelImpl.netBind(ServerSocketChannelImpl.java:337)
		at java.base/sun.nio.ch.ServerSocketChannelImpl.bind(ServerSocketChannelImpl.java:294)
		at org.apache.tomcat.util.net.NioEndpoint.initServerSocket(NioEndpoint.java:276)
		at org.apache.tomcat.util.net.NioEndpoint.bind(NioEndpoint.java:231)
		at org.apache.tomcat.util.net.AbstractEndpoint.bindWithCleanup(AbstractEndpoint.java:1332)
		at org.apache.tomcat.util.net.AbstractEndpoint.init(AbstractEndpoint.java:1345)
		at org.apache.coyote.AbstractProtocol.init(AbstractProtocol.java:654)
		at org.apache.coyote.http11.AbstractHttp11Protocol.init(AbstractHttp11Protocol.java:75)
		at org.apache.catalina.connector.Connector.initInternal(Connector.java:1009)
		... 13 more
15-Apr-2026 09:25:38.458 INFO [main] org.apache.catalina.startup.Catalina.load Server initialization in [1964] milliseconds
15-Apr-2026 09:25:38.608 INFO [main] org.apache.catalina.core.StandardService.startInternal Starting service [Catalina]
15-Apr-2026 09:25:38.609 INFO [main] org.apache.catalina.core.StandardEngine.startInternal Starting Servlet engine: [Apache Tomcat/9.0.85]
15-Apr-2026 09:25:38.667 INFO [main] org.apache.catalina.startup.HostConfig.deployWAR Deploying web application archive [/home/moni/Desktop/apache-tomcat-9.0.85/webapps/jenkins.war]
15-Apr-2026 09:25:39.497 WARNING [main] org.apache.tomcat.util.descriptor.web.WebXml.setVersion Unknown version string [5.0]. Default version will be used.
15-Apr-2026 09:25:50.787 INFO [main] org.apache.jasper.servlet.TldScanner.scanJars At least one JAR was scanned for TLDs yet contained no TLDs. Enable debug logging for this logger for a complete list of JARs that were scanned but no TLDs were found in them. Skipping unneeded JARs during scanning can improve startup time and JSP compilation time.
15-Apr-2026 09:25:50.805 SEVERE [main] org.apache.catalina.core.StandardContext.startInternal One or more listeners failed to start. Full details will be found in the appropriate container log file
15-Apr-2026 09:25:50.861 SEVERE [main] org.apache.catalina.core.StandardContext.startInternal Context [/jenkins] startup failed due to previous errors
15-Apr-2026 09:25:50.913 INFO [main] org.apache.catalina.startup.HostConfig.deployWAR Deployment of web application archive [/home/moni/Desktop/apache-tomcat-9.0.85/webapps/jenkins.war] has finished in [12,245] ms
15-Apr-2026 09:25:50.916 INFO [main] org.apache.catalina.startup.HostConfig.deployDirectory Deploying web application directory [/home/moni/Desktop/apache-tomcat-9.0.85/webapps/Amazon]
15-Apr-2026 09:26:00.322 INFO [main] org.apache.jasper.servlet.TldScanner.scanJars At least one JAR was scanned for TLDs yet contained no TLDs. Enable debug logging for this logger for a complete list of JARs that were scanned but no TLDs were found in them. Skipping unneeded JARs during scanning can improve startup time and JSP compilation time.
15-Apr-2026 09:26:00.401 INFO [main] org.apache.catalina.startup.HostConfig.deployDirectory Deployment of web application directory [/home/moni/Desktop/apache-tomcat-9.0.85/webapps/Amazon] has finished in [9,485] ms
15-Apr-2026 09:26:00.402 INFO [main] org.apache.catalina.startup.HostConfig.deployDirectory Deploying web application directory [/home/moni/Desktop/apache-tomcat-9.0.85/webapps/examples]
15-Apr-2026 09:26:00.907 INFO [main] org.apache.catalina.startup.HostConfig.deployDirectory Deployment of web application directory [/home/moni/Desktop/apache-tomcat-9.0.85/webapps/examples] has finished in [504] ms
15-Apr-2026 09:26:00.908 INFO [main] org.apache.catalina.startup.HostConfig.deployDirectory Deploying web application directory [/home/moni/Desktop/apache-tomcat-9.0.85/webapps/ROOT]
15-Apr-2026 09:26:00.982 INFO [main] org.apache.catalina.startup.HostConfig.deployDirectory Deployment of web application directory [/home/moni/Desktop/apache-tomcat-9.0.85/webapps/ROOT] has finished in [74] ms
15-Apr-2026 09:26:00.982 INFO [main] org.apache.catalina.startup.HostConfig.deployDirectory Deploying web application directory [/home/moni/Desktop/apache-tomcat-9.0.85/webapps/host-manager]
15-Apr-2026 09:26:01.048 INFO [main] org.apache.catalina.startup.HostConfig.deployDirectory Deployment of web application directory [/home/moni/Desktop/apache-tomcat-9.0.85/webapps/host-manager] has finished in [65] ms
15-Apr-2026 09:26:01.049 INFO [main] org.apache.catalina.startup.HostConfig.deployDirectory Deploying web application directory [/home/moni/Desktop/apache-tomcat-9.0.85/webapps/manager]
15-Apr-2026 09:26:01.115 INFO [main] org.apache.catalina.startup.HostConfig.deployDirectory Deployment of web application directory [/home/moni/Desktop/apache-tomcat-9.0.85/webapps/manager] has finished in [66] ms
15-Apr-2026 09:26:01.117 INFO [main] org.apache.catalina.startup.HostConfig.deployDirectory Deploying web application directory [/home/moni/Desktop/apache-tomcat-9.0.85/webapps/docs]
15-Apr-2026 09:26:01.167 INFO [main] org.apache.catalina.startup.HostConfig.deployDirectory Deployment of web application directory [/home/moni/Desktop/apache-tomcat-9.0.85/webapps/docs] has finished in [50] ms
15-Apr-2026 09:26:01.182 INFO [main] org.apache.catalina.startup.Catalina.start Server startup in [22723] milliseconds
15-Apr-2026 10:16:42.025 INFO [main] org.apache.catalina.startup.VersionLoggerListener.log Server version name:   Apache Tomcat/9.0.85
15-Apr-2026 10:16:42.042 INFO [main] org.apache.catalina.startup.VersionLoggerListener.log Server built:          Jan 5 2024 08:28:07 UTC
15-Apr-2026 10:16:42.042 INFO [main] org.apache.catalina.startup.VersionLoggerListener.log Server version number: 9.0.85.0
15-Apr-2026 10:16:42.044 INFO [main] org.apache.catalina.startup.VersionLoggerListener.log OS Name:               Linux
15-Apr-2026 10:16:42.044 INFO [main] org.apache.catalina.startup.VersionLoggerListener.log OS Version:            5.15.0-139-generic
15-Apr-2026 10:16:42.044 INFO [main] org.apache.catalina.startup.VersionLoggerListener.log Architecture:          amd64
15-Apr-2026 10:16:42.045 INFO [main] org.apache.catalina.startup.VersionLoggerListener.log Java Home:             /usr/lib/jvm/java-17-openjdk-amd64
15-Apr-2026 10:16:42.045 INFO [main] org.apache.catalina.startup.VersionLoggerListener.log JVM Version:           17.0.15+6-Ubuntu-0ubuntu120.04
15-Apr-2026 10:16:42.046 INFO [main] org.apache.catalina.startup.VersionLoggerListener.log JVM Vendor:            Ubuntu
15-Apr-2026 10:16:42.046 INFO [main] org.apache.catalina.startup.VersionLoggerListener.log CATALINA_BASE:         /home/moni/Desktop/apache-tomcat-9.0.85
15-Apr-2026 10:16:42.047 INFO [main] org.apache.catalina.startup.VersionLoggerListener.log CATALINA_HOME:         /home/moni/Desktop/apache-tomcat-9.0.85
15-Apr-2026 10:16:42.095 INFO [main] org.apache.catalina.startup.VersionLoggerListener.log Command line argument: --add-opens=java.base/java.lang=ALL-UNNAMED
15-Apr-2026 10:16:42.095 INFO [main] org.apache.catalina.startup.VersionLoggerListener.log Command line argument: --add-opens=java.base/java.io=ALL-UNNAMED
15-Apr-2026 10:16:42.095 INFO [main] org.apache.catalina.startup.VersionLoggerListener.log Command line argument: --add-opens=java.base/java.util=ALL-UNNAMED
15-Apr-2026 10:16:42.095 INFO [main] org.apache.catalina.startup.VersionLoggerListener.log Command line argument: --add-opens=java.base/java.util.concurrent=ALL-UNNAMED
15-Apr-2026 10:16:42.095 INFO [main] org.apache.catalina.startup.VersionLoggerListener.log Command line argument: --add-opens=java.rmi/sun.rmi.transport=ALL-UNNAMED
15-Apr-2026 10:16:42.095 INFO [main] org.apache.catalina.startup.VersionLoggerListener.log Command line argument: -Djava.util.logging.config.file=/home/moni/Desktop/apache-tomcat-9.0.85/conf/logging.properties
15-Apr-2026 10:16:42.096 INFO [main] org.apache.catalina.startup.VersionLoggerListener.log Command line argument: -Djava.util.logging.manager=org.apache.juli.ClassLoaderLogManager
15-Apr-2026 10:16:42.096 INFO [main] org.apache.catalina.startup.VersionLoggerListener.log Command line argument: -Djdk.tls.ephemeralDHKeySize=2048
15-Apr-2026 10:16:42.096 INFO [main] org.apache.catalina.startup.VersionLoggerListener.log Command line argument: -Djava.protocol.handler.pkgs=org.apache.catalina.webresources
15-Apr-2026 10:16:42.096 INFO [main] org.apache.catalina.startup.VersionLoggerListener.log Command line argument: -Dorg.apache.catalina.security.SecurityListener.UMASK=0027
15-Apr-2026 10:16:42.096 INFO [main] org.apache.catalina.startup.VersionLoggerListener.log Command line argument: -Dignore.endorsed.dirs=
15-Apr-2026 10:16:42.096 INFO [main] org.apache.catalina.startup.VersionLoggerListener.log Command line argument: -Dcatalina.base=/home/moni/Desktop/apache-tomcat-9.0.85
15-Apr-2026 10:16:42.096 INFO [main] org.apache.catalina.startup.VersionLoggerListener.log Command line argument: -Dcatalina.home=/home/moni/Desktop/apache-tomcat-9.0.85
15-Apr-2026 10:16:42.096 INFO [main] org.apache.catalina.startup.VersionLoggerListener.log Command line argument: -Djava.io.tmpdir=/home/moni/Desktop/apache-tomcat-9.0.85/temp
15-Apr-2026 10:16:42.100 INFO [main] org.apache.catalina.core.AprLifecycleListener.lifecycleEvent The Apache Tomcat Native library which allows using OpenSSL was not found on the java.library.path: [/usr/java/packages/lib:/usr/lib/x86_64-linux-gnu/jni:/lib/x86_64-linux-gnu:/usr/lib/x86_64-linux-gnu:/usr/lib/jni:/lib:/usr/lib]
15-Apr-2026 10:16:43.720 INFO [main] org.apache.coyote.AbstractProtocol.init Initializing ProtocolHandler ["http-nio-8082"]
15-Apr-2026 10:16:43.806 INFO [main] org.apache.catalina.startup.Catalina.load Server initialization in [2619] milliseconds
15-Apr-2026 10:16:43.958 INFO [main] org.apache.catalina.core.StandardService.startInternal Starting service [Catalina]
15-Apr-2026 10:16:43.959 INFO [main] org.apache.catalina.core.StandardEngine.startInternal Starting Servlet engine: [Apache Tomcat/9.0.85]
15-Apr-2026 10:16:44.012 INFO [main] org.apache.catalina.startup.HostConfig.deployWAR Deploying web application archive [/home/moni/Desktop/apache-tomcat-9.0.85/webapps/jenkins.war]
15-Apr-2026 10:16:45.110 WARNING [main] org.apache.tomcat.util.descriptor.web.WebXml.setVersion Unknown version string [5.0]. Default version will be used.
15-Apr-2026 10:16:59.210 INFO [main] org.apache.jasper.servlet.TldScanner.scanJars At least one JAR was scanned for TLDs yet contained no TLDs. Enable debug logging for this logger for a complete list of JARs that were scanned but no TLDs were found in them. Skipping unneeded JARs during scanning can improve startup time and JSP compilation time.
15-Apr-2026 10:16:59.234 SEVERE [main] org.apache.catalina.core.StandardContext.startInternal One or more listeners failed to start. Full details will be found in the appropriate container log file
15-Apr-2026 10:16:59.294 SEVERE [main] org.apache.catalina.core.StandardContext.startInternal Context [/jenkins] startup failed due to previous errors
15-Apr-2026 10:16:59.348 INFO [main] org.apache.catalina.startup.HostConfig.deployWAR Deployment of web application archive [/home/moni/Desktop/apache-tomcat-9.0.85/webapps/jenkins.war] has finished in [15,334] ms
15-Apr-2026 10:16:59.350 INFO [main] org.apache.catalina.startup.HostConfig.deployDirectory Deploying web application directory [/home/moni/Desktop/apache-tomcat-9.0.85/webapps/Amazon]
15-Apr-2026 10:17:11.112 INFO [main] org.apache.jasper.servlet.TldScanner.scanJars At least one JAR was scanned for TLDs yet contained no TLDs. Enable debug logging for this logger for a complete list of JARs that were scanned but no TLDs were found in them. Skipping unneeded JARs during scanning can improve startup time and JSP compilation time.
15-Apr-2026 10:17:11.190 INFO [main] org.apache.catalina.startup.HostConfig.deployDirectory Deployment of web application directory [/home/moni/Desktop/apache-tomcat-9.0.85/webapps/Amazon] has finished in [11,839] ms
15-Apr-2026 10:17:11.191 INFO [main] org.apache.catalina.startup.HostConfig.deployDirectory Deploying web application directory [/home/moni/Desktop/apache-tomcat-9.0.85/webapps/examples]
15-Apr-2026 10:17:11.841 INFO [main] org.apache.catalina.startup.HostConfig.deployDirectory Deployment of web application directory [/home/moni/Desktop/apache-tomcat-9.0.85/webapps/examples] has finished in [650] ms
15-Apr-2026 10:17:11.842 INFO [main] org.apache.catalina.startup.HostConfig.deployDirectory Deploying web application directory [/home/moni/Desktop/apache-tomcat-9.0.85/webapps/ROOT]
15-Apr-2026 10:17:11.893 INFO [main] org.apache.catalina.startup.HostConfig.deployDirectory Deployment of web application directory [/home/moni/Desktop/apache-tomcat-9.0.85/webapps/ROOT] has finished in [51] ms
15-Apr-2026 10:17:11.894 INFO [main] org.apache.catalina.startup.HostConfig.deployDirectory Deploying web application directory [/home/moni/Desktop/apache-tomcat-9.0.85/webapps/host-manager]
15-Apr-2026 10:17:11.960 INFO [main] org.apache.catalina.startup.HostConfig.deployDirectory Deployment of web application directory [/home/moni/Desktop/apache-tomcat-9.0.85/webapps/host-manager] has finished in [66] ms
15-Apr-2026 10:17:11.961 INFO [main] org.apache.catalina.startup.HostConfig.deployDirectory Deploying web application directory [/home/moni/Desktop/apache-tomcat-9.0.85/webapps/manager]
15-Apr-2026 10:17:12.026 INFO [main] org.apache.catalina.startup.HostConfig.deployDirectory Deployment of web application directory [/home/moni/Desktop/apache-tomcat-9.0.85/webapps/manager] has finished in [64] ms
15-Apr-2026 10:17:12.027 INFO [main] org.apache.catalina.startup.HostConfig.deployDirectory Deploying web application directory [/home/moni/Desktop/apache-tomcat-9.0.85/webapps/docs]
15-Apr-2026 10:17:12.075 INFO [main] org.apache.catalina.startup.HostConfig.deployDirectory Deployment of web application directory [/home/moni/Desktop/apache-tomcat-9.0.85/webapps/docs] has finished in [48] ms
15-Apr-2026 10:17:12.091 INFO [main] org.apache.coyote.AbstractProtocol.start Starting ProtocolHandler ["http-nio-8082"]
15-Apr-2026 10:17:12.177 INFO [main] org.apache.catalina.startup.Catalina.start Server startup in [28370] milliseconds
15-Apr-2026 10:17:12.208 SEVERE [main] org.apache.catalina.core.StandardServer.await Failed to create server shutdown socket on address [localhost] and port [8005] (base port [8005] and offset [0])
	java.net.BindException: Address already in use
		at java.base/sun.nio.ch.Net.bind0(Native Method)
		at java.base/sun.nio.ch.Net.bind(Net.java:555)
		at java.base/sun.nio.ch.Net.bind(Net.java:544)
		at java.base/sun.nio.ch.NioSocketImpl.bind(NioSocketImpl.java:648)
		at java.base/java.net.ServerSocket.bind(ServerSocket.java:388)
		at java.base/java.net.ServerSocket.<init>(ServerSocket.java:274)
		at org.apache.catalina.core.StandardServer.await(StandardServer.java:581)
		at org.apache.catalina.startup.Catalina.await(Catalina.java:864)
		at org.apache.catalina.startup.Catalina.start(Catalina.java:810)
		at java.base/jdk.internal.reflect.NativeMethodAccessorImpl.invoke0(Native Method)
		at java.base/jdk.internal.reflect.NativeMethodAccessorImpl.invoke(NativeMethodAccessorImpl.java:77)
		at java.base/jdk.internal.reflect.DelegatingMethodAccessorImpl.invoke(DelegatingMethodAccessorImpl.java:43)
		at java.base/java.lang.reflect.Method.invoke(Method.java:569)
		at org.apache.catalina.startup.Bootstrap.start(Bootstrap.java:347)
		at org.apache.catalina.startup.Bootstrap.main(Bootstrap.java:478)
15-Apr-2026 10:17:12.210 INFO [main] org.apache.coyote.AbstractProtocol.pause Pausing ProtocolHandler ["http-nio-8082"]
15-Apr-2026 10:17:12.242 INFO [main] org.apache.catalina.core.StandardService.stopInternal Stopping service [Catalina]
15-Apr-2026 10:17:12.306 INFO [main] org.apache.coyote.AbstractProtocol.stop Stopping ProtocolHandler ["http-nio-8082"]
15-Apr-2026 10:17:12.340 INFO [main] org.apache.coyote.AbstractProtocol.destroy Destroying ProtocolHandler ["http-nio-8082"]
15-Apr-2026 10:23:34.905 INFO [main] org.apache.catalina.core.StandardServer.await A valid shutdown command was received via the shutdown port. Stopping the Server instance.
15-Apr-2026 10:23:34.970 INFO [main] org.apache.coyote.AbstractProtocol.pause Pausing ProtocolHandler ["http-nio-8080"]
15-Apr-2026 10:23:34.972 INFO [main] org.apache.catalina.core.StandardService.stopInternal Stopping service [Catalina]
15-Apr-2026 10:23:35.277 INFO [main] org.apache.coyote.AbstractProtocol.stop Stopping ProtocolHandler ["http-nio-8080"]
15-Apr-2026 10:23:35.300 INFO [main] org.apache.coyote.AbstractProtocol.destroy Destroying ProtocolHandler ["http-nio-8080"]
15-Apr-2026 10:23:38.282 INFO [main] org.apache.catalina.startup.VersionLoggerListener.log Server version name:   Apache Tomcat/9.0.85
15-Apr-2026 10:23:38.301 INFO [main] org.apache.catalina.startup.VersionLoggerListener.log Server built:          Jan 5 2024 08:28:07 UTC
15-Apr-2026 10:23:38.303 INFO [main] org.apache.catalina.startup.VersionLoggerListener.log Server version number: 9.0.85.0
15-Apr-2026 10:23:38.303 INFO [main] org.apache.catalina.startup.VersionLoggerListener.log OS Name:               Linux
15-Apr-2026 10:23:38.304 INFO [main] org.apache.catalina.startup.VersionLoggerListener.log OS Version:            5.15.0-139-generic
15-Apr-2026 10:23:38.305 INFO [main] org.apache.catalina.startup.VersionLoggerListener.log Architecture:          amd64
15-Apr-2026 10:23:38.305 INFO [main] org.apache.catalina.startup.VersionLoggerListener.log Java Home:             /usr/lib/jvm/java-17-openjdk-amd64
15-Apr-2026 10:23:38.307 INFO [main] org.apache.catalina.startup.VersionLoggerListener.log JVM Version:           17.0.15+6-Ubuntu-0ubuntu120.04
15-Apr-2026 10:23:38.307 INFO [main] org.apache.catalina.startup.VersionLoggerListener.log JVM Vendor:            Ubuntu
15-Apr-2026 10:23:38.309 INFO [main] org.apache.catalina.startup.VersionLoggerListener.log CATALINA_BASE:         /home/moni/Desktop/apache-tomcat-9.0.85
15-Apr-2026 10:23:38.310 INFO [main] org.apache.catalina.startup.VersionLoggerListener.log CATALINA_HOME:         /home/moni/Desktop/apache-tomcat-9.0.85
15-Apr-2026 10:23:38.371 INFO [main] org.apache.catalina.startup.VersionLoggerListener.log Command line argument: --add-opens=java.base/java.lang=ALL-UNNAMED
15-Apr-2026 10:23:38.372 INFO [main] org.apache.catalina.startup.VersionLoggerListener.log Command line argument: --add-opens=java.base/java.io=ALL-UNNAMED
15-Apr-2026 10:23:38.372 INFO [main] org.apache.catalina.startup.VersionLoggerListener.log Command line argument: --add-opens=java.base/java.util=ALL-UNNAMED
15-Apr-2026 10:23:38.373 INFO [main] org.apache.catalina.startup.VersionLoggerListener.log Command line argument: --add-opens=java.base/java.util.concurrent=ALL-UNNAMED
15-Apr-2026 10:23:38.373 INFO [main] org.apache.catalina.startup.VersionLoggerListener.log Command line argument: --add-opens=java.rmi/sun.rmi.transport=ALL-UNNAMED
15-Apr-2026 10:23:38.374 INFO [main] org.apache.catalina.startup.VersionLoggerListener.log Command line argument: -Djava.util.logging.config.file=/home/moni/Desktop/apache-tomcat-9.0.85/conf/logging.properties
15-Apr-2026 10:23:38.374 INFO [main] org.apache.catalina.startup.VersionLoggerListener.log Command line argument: -Djava.util.logging.manager=org.apache.juli.ClassLoaderLogManager
15-Apr-2026 10:23:38.375 INFO [main] org.apache.catalina.startup.VersionLoggerListener.log Command line argument: -Djdk.tls.ephemeralDHKeySize=2048
15-Apr-2026 10:23:38.375 INFO [main] org.apache.catalina.startup.VersionLoggerListener.log Command line argument: -Djava.protocol.handler.pkgs=org.apache.catalina.webresources
15-Apr-2026 10:23:38.376 INFO [main] org.apache.catalina.startup.VersionLoggerListener.log Command line argument: -Dorg.apache.catalina.security.SecurityListener.UMASK=0027
15-Apr-2026 10:23:38.377 INFO [main] org.apache.catalina.startup.VersionLoggerListener.log Command line argument: -Dignore.endorsed.dirs=
15-Apr-2026 10:23:38.377 INFO [main] org.apache.catalina.startup.VersionLoggerListener.log Command line argument: -Dcatalina.base=/home/moni/Desktop/apache-tomcat-9.0.85
15-Apr-2026 10:23:38.377 INFO [main] org.apache.catalina.startup.VersionLoggerListener.log Command line argument: -Dcatalina.home=/home/moni/Desktop/apache-tomcat-9.0.85
15-Apr-2026 10:23:38.377 INFO [main] org.apache.catalina.startup.VersionLoggerListener.log Command line argument: -Djava.io.tmpdir=/home/moni/Desktop/apache-tomcat-9.0.85/temp
15-Apr-2026 10:23:38.388 INFO [main] org.apache.catalina.core.AprLifecycleListener.lifecycleEvent The Apache Tomcat Native library which allows using OpenSSL was not found on the java.library.path: [/usr/java/packages/lib:/usr/lib/x86_64-linux-gnu/jni:/lib/x86_64-linux-gnu:/usr/lib/x86_64-linux-gnu:/usr/lib/jni:/lib:/usr/lib]
15-Apr-2026 10:23:39.749 INFO [main] org.apache.coyote.AbstractProtocol.init Initializing ProtocolHandler ["http-nio-8082"]
15-Apr-2026 10:23:39.831 INFO [main] org.apache.catalina.startup.Catalina.load Server initialization in [2425] milliseconds
15-Apr-2026 10:23:40.003 INFO [main] org.apache.catalina.core.StandardService.startInternal Starting service [Catalina]
15-Apr-2026 10:23:40.004 INFO [main] org.apache.catalina.core.StandardEngine.startInternal Starting Servlet engine: [Apache Tomcat/9.0.85]
15-Apr-2026 10:23:40.073 INFO [main] org.apache.catalina.startup.HostConfig.deployWAR Deploying web application archive [/home/moni/Desktop/apache-tomcat-9.0.85/webapps/jenkins.war]
15-Apr-2026 10:23:41.081 WARNING [main] org.apache.tomcat.util.descriptor.web.WebXml.setVersion Unknown version string [5.0]. Default version will be used.
15-Apr-2026 10:23:51.313 INFO [main] org.apache.catalina.startup.VersionLoggerListener.log Server version name:   Apache Tomcat/9.0.85
15-Apr-2026 10:23:51.329 INFO [main] org.apache.catalina.startup.VersionLoggerListener.log Server built:          Jan 5 2024 08:28:07 UTC
15-Apr-2026 10:23:51.331 INFO [main] org.apache.catalina.startup.VersionLoggerListener.log Server version number: 9.0.85.0
15-Apr-2026 10:23:51.332 INFO [main] org.apache.catalina.startup.VersionLoggerListener.log OS Name:               Linux
15-Apr-2026 10:23:51.333 INFO [main] org.apache.catalina.startup.VersionLoggerListener.log OS Version:            5.15.0-139-generic
15-Apr-2026 10:23:51.333 INFO [main] org.apache.catalina.startup.VersionLoggerListener.log Architecture:          amd64
15-Apr-2026 10:23:51.333 INFO [main] org.apache.catalina.startup.VersionLoggerListener.log Java Home:             /usr/lib/jvm/java-17-openjdk-amd64
15-Apr-2026 10:23:51.333 INFO [main] org.apache.catalina.startup.VersionLoggerListener.log JVM Version:           17.0.15+6-Ubuntu-0ubuntu120.04
15-Apr-2026 10:23:51.333 INFO [main] org.apache.catalina.startup.VersionLoggerListener.log JVM Vendor:            Ubuntu
15-Apr-2026 10:23:51.334 INFO [main] org.apache.catalina.startup.VersionLoggerListener.log CATALINA_BASE:         /home/moni/Desktop/apache-tomcat-9.0.85
15-Apr-2026 10:23:51.335 INFO [main] org.apache.catalina.startup.VersionLoggerListener.log CATALINA_HOME:         /home/moni/Desktop/apache-tomcat-9.0.85
15-Apr-2026 10:23:51.389 INFO [main] org.apache.catalina.startup.VersionLoggerListener.log Command line argument: --add-opens=java.base/java.lang=ALL-UNNAMED
15-Apr-2026 10:23:51.389 INFO [main] org.apache.catalina.startup.VersionLoggerListener.log Command line argument: --add-opens=java.base/java.io=ALL-UNNAMED
15-Apr-2026 10:23:51.390 INFO [main] org.apache.catalina.startup.VersionLoggerListener.log Command line argument: --add-opens=java.base/java.util=ALL-UNNAMED
15-Apr-2026 10:23:51.390 INFO [main] org.apache.catalina.startup.VersionLoggerListener.log Command line argument: --add-opens=java.base/java.util.concurrent=ALL-UNNAMED
15-Apr-2026 10:23:51.391 INFO [main] org.apache.catalina.startup.VersionLoggerListener.log Command line argument: --add-opens=java.rmi/sun.rmi.transport=ALL-UNNAMED
15-Apr-2026 10:23:51.391 INFO [main] org.apache.catalina.startup.VersionLoggerListener.log Command line argument: -Djava.util.logging.config.file=/home/moni/Desktop/apache-tomcat-9.0.85/conf/logging.properties
15-Apr-2026 10:23:51.392 INFO [main] org.apache.catalina.startup.VersionLoggerListener.log Command line argument: -Djava.util.logging.manager=org.apache.juli.ClassLoaderLogManager
15-Apr-2026 10:23:51.392 INFO [main] org.apache.catalina.startup.VersionLoggerListener.log Command line argument: -Djdk.tls.ephemeralDHKeySize=2048
15-Apr-2026 10:23:51.393 INFO [main] org.apache.catalina.startup.VersionLoggerListener.log Command line argument: -Djava.protocol.handler.pkgs=org.apache.catalina.webresources
15-Apr-2026 10:23:51.393 INFO [main] org.apache.catalina.startup.VersionLoggerListener.log Command line argument: -Dorg.apache.catalina.security.SecurityListener.UMASK=0027
15-Apr-2026 10:23:51.393 INFO [main] org.apache.catalina.startup.VersionLoggerListener.log Command line argument: -Dignore.endorsed.dirs=
15-Apr-2026 10:23:51.393 INFO [main] org.apache.catalina.startup.VersionLoggerListener.log Command line argument: -Dcatalina.base=/home/moni/Desktop/apache-tomcat-9.0.85
15-Apr-2026 10:23:51.393 INFO [main] org.apache.catalina.startup.VersionLoggerListener.log Command line argument: -Dcatalina.home=/home/moni/Desktop/apache-tomcat-9.0.85
15-Apr-2026 10:23:51.393 INFO [main] org.apache.catalina.startup.VersionLoggerListener.log Command line argument: -Djava.io.tmpdir=/home/moni/Desktop/apache-tomcat-9.0.85/temp
15-Apr-2026 10:23:51.406 INFO [main] org.apache.catalina.core.AprLifecycleListener.lifecycleEvent The Apache Tomcat Native library which allows using OpenSSL was not found on the java.library.path: [/usr/java/packages/lib:/usr/lib/x86_64-linux-gnu/jni:/lib/x86_64-linux-gnu:/usr/lib/x86_64-linux-gnu:/usr/lib/jni:/lib:/usr/lib]
15-Apr-2026 10:23:52.765 INFO [main] org.apache.coyote.AbstractProtocol.init Initializing ProtocolHandler ["http-nio-8082"]
15-Apr-2026 10:23:52.818 SEVERE [main] org.apache.catalina.util.LifecycleBase.handleSubClassException Failed to initialize component [Connector["http-nio-8082"]]
	org.apache.catalina.LifecycleException: Protocol handler initialization failed
		at org.apache.catalina.connector.Connector.initInternal(Connector.java:1011)
		at org.apache.catalina.util.LifecycleBase.init(LifecycleBase.java:127)
		at org.apache.catalina.core.StandardService.initInternal(StandardService.java:554)
		at org.apache.catalina.util.LifecycleBase.init(LifecycleBase.java:127)
		at org.apache.catalina.core.StandardServer.initInternal(StandardServer.java:1039)
		at org.apache.catalina.util.LifecycleBase.init(LifecycleBase.java:127)
		at org.apache.catalina.startup.Catalina.load(Catalina.java:724)
		at org.apache.catalina.startup.Catalina.load(Catalina.java:746)
		at java.base/jdk.internal.reflect.NativeMethodAccessorImpl.invoke0(Native Method)
		at java.base/jdk.internal.reflect.NativeMethodAccessorImpl.invoke(NativeMethodAccessorImpl.java:77)
		at java.base/jdk.internal.reflect.DelegatingMethodAccessorImpl.invoke(DelegatingMethodAccessorImpl.java:43)
		at java.base/java.lang.reflect.Method.invoke(Method.java:569)
		at org.apache.catalina.startup.Bootstrap.load(Bootstrap.java:307)
		at org.apache.catalina.startup.Bootstrap.main(Bootstrap.java:477)
	Caused by: java.net.BindException: Address already in use
		at java.base/sun.nio.ch.Net.bind0(Native Method)
		at java.base/sun.nio.ch.Net.bind(Net.java:555)
		at java.base/sun.nio.ch.ServerSocketChannelImpl.netBind(ServerSocketChannelImpl.java:337)
		at java.base/sun.nio.ch.ServerSocketChannelImpl.bind(ServerSocketChannelImpl.java:294)
		at org.apache.tomcat.util.net.NioEndpoint.initServerSocket(NioEndpoint.java:276)
		at org.apache.tomcat.util.net.NioEndpoint.bind(NioEndpoint.java:231)
		at org.apache.tomcat.util.net.AbstractEndpoint.bindWithCleanup(AbstractEndpoint.java:1332)
		at org.apache.tomcat.util.net.AbstractEndpoint.init(AbstractEndpoint.java:1345)
		at org.apache.coyote.AbstractProtocol.init(AbstractProtocol.java:654)
		at org.apache.coyote.http11.AbstractHttp11Protocol.init(AbstractHttp11Protocol.java:75)
		at org.apache.catalina.connector.Connector.initInternal(Connector.java:1009)
		... 13 more
15-Apr-2026 10:23:52.822 INFO [main] org.apache.catalina.startup.Catalina.load Server initialization in [2388] milliseconds
15-Apr-2026 10:23:52.983 INFO [main] org.apache.catalina.core.StandardService.startInternal Starting service [Catalina]
15-Apr-2026 10:23:52.984 INFO [main] org.apache.catalina.core.StandardEngine.startInternal Starting Servlet engine: [Apache Tomcat/9.0.85]
15-Apr-2026 10:23:53.061 INFO [main] org.apache.catalina.startup.HostConfig.deployWAR Deploying web application archive [/home/moni/Desktop/apache-tomcat-9.0.85/webapps/jenkins.war]
15-Apr-2026 10:23:54.154 WARNING [main] org.apache.tomcat.util.descriptor.web.WebXml.setVersion Unknown version string [5.0]. Default version will be used.
15-Apr-2026 10:23:55.671 INFO [main] org.apache.jasper.servlet.TldScanner.scanJars At least one JAR was scanned for TLDs yet contained no TLDs. Enable debug logging for this logger for a complete list of JARs that were scanned but no TLDs were found in them. Skipping unneeded JARs during scanning can improve startup time and JSP compilation time.
15-Apr-2026 10:23:55.693 SEVERE [main] org.apache.catalina.core.StandardContext.startInternal One or more listeners failed to start. Full details will be found in the appropriate container log file
15-Apr-2026 10:23:55.736 SEVERE [main] org.apache.catalina.core.StandardContext.startInternal Context [/jenkins] startup failed due to previous errors
15-Apr-2026 10:23:55.785 INFO [main] org.apache.catalina.startup.HostConfig.deployWAR Deployment of web application archive [/home/moni/Desktop/apache-tomcat-9.0.85/webapps/jenkins.war] has finished in [15,711] ms
15-Apr-2026 10:23:55.788 INFO [main] org.apache.catalina.startup.HostConfig.deployDirectory Deploying web application directory [/home/moni/Desktop/apache-tomcat-9.0.85/webapps/Amazon]
15-Apr-2026 10:24:07.690 INFO [main] org.apache.jasper.servlet.TldScanner.scanJars At least one JAR was scanned for TLDs yet contained no TLDs. Enable debug logging for this logger for a complete list of JARs that were scanned but no TLDs were found in them. Skipping unneeded JARs during scanning can improve startup time and JSP compilation time.
15-Apr-2026 10:24:07.797 INFO [main] org.apache.catalina.startup.HostConfig.deployDirectory Deployment of web application directory [/home/moni/Desktop/apache-tomcat-9.0.85/webapps/Amazon] has finished in [12,009] ms
15-Apr-2026 10:24:07.799 INFO [main] org.apache.catalina.startup.HostConfig.deployDirectory Deploying web application directory [/home/moni/Desktop/apache-tomcat-9.0.85/webapps/examples]
15-Apr-2026 10:24:08.104 INFO [main] org.apache.jasper.servlet.TldScanner.scanJars At least one JAR was scanned for TLDs yet contained no TLDs. Enable debug logging for this logger for a complete list of JARs that were scanned but no TLDs were found in them. Skipping unneeded JARs during scanning can improve startup time and JSP compilation time.
15-Apr-2026 10:24:08.121 SEVERE [main] org.apache.catalina.core.StandardContext.startInternal One or more listeners failed to start. Full details will be found in the appropriate container log file
15-Apr-2026 10:24:08.175 SEVERE [main] org.apache.catalina.core.StandardContext.startInternal Context [/jenkins] startup failed due to previous errors
15-Apr-2026 10:24:08.226 INFO [main] org.apache.catalina.startup.HostConfig.deployWAR Deployment of web application archive [/home/moni/Desktop/apache-tomcat-9.0.85/webapps/jenkins.war] has finished in [15,164] ms
15-Apr-2026 10:24:08.229 INFO [main] org.apache.catalina.startup.HostConfig.deployDirectory Deploying web application directory [/home/moni/Desktop/apache-tomcat-9.0.85/webapps/Amazon]
15-Apr-2026 10:24:09.213 INFO [main] org.apache.catalina.startup.HostConfig.deployDirectory Deployment of web application directory [/home/moni/Desktop/apache-tomcat-9.0.85/webapps/examples] has finished in [1,413] ms
15-Apr-2026 10:24:09.214 INFO [main] org.apache.catalina.startup.HostConfig.deployDirectory Deploying web application directory [/home/moni/Desktop/apache-tomcat-9.0.85/webapps/ROOT]
15-Apr-2026 10:24:09.383 INFO [main] org.apache.catalina.startup.HostConfig.deployDirectory Deployment of web application directory [/home/moni/Desktop/apache-tomcat-9.0.85/webapps/ROOT] has finished in [167] ms
15-Apr-2026 10:24:09.384 INFO [main] org.apache.catalina.startup.HostConfig.deployDirectory Deploying web application directory [/home/moni/Desktop/apache-tomcat-9.0.85/webapps/host-manager]
15-Apr-2026 10:24:09.530 INFO [main] org.apache.catalina.startup.HostConfig.deployDirectory Deployment of web application directory [/home/moni/Desktop/apache-tomcat-9.0.85/webapps/host-manager] has finished in [145] ms
15-Apr-2026 10:24:09.531 INFO [main] org.apache.catalina.startup.HostConfig.deployDirectory Deploying web application directory [/home/moni/Desktop/apache-tomcat-9.0.85/webapps/manager]
15-Apr-2026 10:24:09.667 INFO [main] org.apache.catalina.startup.HostConfig.deployDirectory Deployment of web application directory [/home/moni/Desktop/apache-tomcat-9.0.85/webapps/manager] has finished in [136] ms
15-Apr-2026 10:24:09.668 INFO [main] org.apache.catalina.startup.HostConfig.deployDirectory Deploying web application directory [/home/moni/Desktop/apache-tomcat-9.0.85/webapps/docs]
15-Apr-2026 10:24:09.758 INFO [main] org.apache.catalina.startup.HostConfig.deployDirectory Deployment of web application directory [/home/moni/Desktop/apache-tomcat-9.0.85/webapps/docs] has finished in [89] ms
15-Apr-2026 10:24:09.777 INFO [main] org.apache.coyote.AbstractProtocol.start Starting ProtocolHandler ["http-nio-8082"]
15-Apr-2026 10:24:09.932 INFO [main] org.apache.catalina.startup.Catalina.start Server startup in [30100] milliseconds
15-Apr-2026 10:24:19.520 INFO [main] org.apache.jasper.servlet.TldScanner.scanJars At least one JAR was scanned for TLDs yet contained no TLDs. Enable debug logging for this logger for a complete list of JARs that were scanned but no TLDs were found in them. Skipping unneeded JARs during scanning can improve startup time and JSP compilation time.
15-Apr-2026 10:24:19.595 INFO [main] org.apache.catalina.startup.HostConfig.deployDirectory Deployment of web application directory [/home/moni/Desktop/apache-tomcat-9.0.85/webapps/Amazon] has finished in [11,367] ms
15-Apr-2026 10:24:19.596 INFO [main] org.apache.catalina.startup.HostConfig.deployDirectory Deploying web application directory [/home/moni/Desktop/apache-tomcat-9.0.85/webapps/examples]
15-Apr-2026 10:24:20.190 INFO [main] org.apache.catalina.startup.HostConfig.deployDirectory Deployment of web application directory [/home/moni/Desktop/apache-tomcat-9.0.85/webapps/examples] has finished in [593] ms
15-Apr-2026 10:24:20.191 INFO [main] org.apache.catalina.startup.HostConfig.deployDirectory Deploying web application directory [/home/moni/Desktop/apache-tomcat-9.0.85/webapps/ROOT]
15-Apr-2026 10:24:20.240 INFO [main] org.apache.catalina.startup.HostConfig.deployDirectory Deployment of web application directory [/home/moni/Desktop/apache-tomcat-9.0.85/webapps/ROOT] has finished in [48] ms
15-Apr-2026 10:24:20.240 INFO [main] org.apache.catalina.startup.HostConfig.deployDirectory Deploying web application directory [/home/moni/Desktop/apache-tomcat-9.0.85/webapps/host-manager]
15-Apr-2026 10:24:20.299 INFO [main] org.apache.catalina.startup.HostConfig.deployDirectory Deployment of web application directory [/home/moni/Desktop/apache-tomcat-9.0.85/webapps/host-manager] has finished in [59] ms
15-Apr-2026 10:24:20.300 INFO [main] org.apache.catalina.startup.HostConfig.deployDirectory Deploying web application directory [/home/moni/Desktop/apache-tomcat-9.0.85/webapps/manager]
15-Apr-2026 10:24:20.362 INFO [main] org.apache.catalina.startup.HostConfig.deployDirectory Deployment of web application directory [/home/moni/Desktop/apache-tomcat-9.0.85/webapps/manager] has finished in [62] ms
15-Apr-2026 10:24:20.363 INFO [main] org.apache.catalina.startup.HostConfig.deployDirectory Deploying web application directory [/home/moni/Desktop/apache-tomcat-9.0.85/webapps/docs]
15-Apr-2026 10:24:20.411 INFO [main] org.apache.catalina.startup.HostConfig.deployDirectory Deployment of web application directory [/home/moni/Desktop/apache-tomcat-9.0.85/webapps/docs] has finished in [48] ms
15-Apr-2026 10:24:20.425 INFO [main] org.apache.catalina.startup.Catalina.start Server startup in [27601] milliseconds
15-Apr-2026 10:24:20.453 SEVERE [main] org.apache.catalina.core.StandardServer.await Failed to create server shutdown socket on address [localhost] and port [8005] (base port [8005] and offset [0])
	java.net.BindException: Address already in use
		at java.base/sun.nio.ch.Net.bind0(Native Method)
		at java.base/sun.nio.ch.Net.bind(Net.java:555)
		at java.base/sun.nio.ch.Net.bind(Net.java:544)
		at java.base/sun.nio.ch.NioSocketImpl.bind(NioSocketImpl.java:648)
		at java.base/java.net.ServerSocket.bind(ServerSocket.java:388)
		at java.base/java.net.ServerSocket.<init>(ServerSocket.java:274)
		at org.apache.catalina.core.StandardServer.await(StandardServer.java:581)
		at org.apache.catalina.startup.Catalina.await(Catalina.java:864)
		at org.apache.catalina.startup.Catalina.start(Catalina.java:810)
		at java.base/jdk.internal.reflect.NativeMethodAccessorImpl.invoke0(Native Method)
		at java.base/jdk.internal.reflect.NativeMethodAccessorImpl.invoke(NativeMethodAccessorImpl.java:77)
		at java.base/jdk.internal.reflect.DelegatingMethodAccessorImpl.invoke(DelegatingMethodAccessorImpl.java:43)
		at java.base/java.lang.reflect.Method.invoke(Method.java:569)
		at org.apache.catalina.startup.Bootstrap.start(Bootstrap.java:347)
		at org.apache.catalina.startup.Bootstrap.main(Bootstrap.java:478)
15-Apr-2026 10:24:20.455 INFO [main] org.apache.coyote.AbstractProtocol.pause Pausing ProtocolHandler ["http-nio-8082"]
15-Apr-2026 10:24:20.456 INFO [main] org.apache.catalina.core.StandardService.stopInternal Stopping service [Catalina]
15-Apr-2026 10:24:20.509 INFO [main] org.apache.coyote.AbstractProtocol.stop Stopping ProtocolHandler ["http-nio-8082"]
15-Apr-2026 10:24:20.518 INFO [main] org.apache.coyote.AbstractProtocol.destroy Destroying ProtocolHandler ["http-nio-8082"]
15-Apr-2026 10:27:40.537 INFO [Catalina-utility-1] org.apache.catalina.startup.HostConfig.undeploy Undeploying context [/jenkins]
15-Apr-2026 10:27:40.557 INFO [Catalina-utility-1] org.apache.catalina.startup.HostConfig.deployWAR Deploying web application archive [/home/moni/Desktop/apache-tomcat-9.0.85/webapps/jenkins.war]
15-Apr-2026 10:27:47.006 WARNING [Catalina-utility-1] org.apache.tomcat.util.descriptor.web.WebXml.setVersion Unknown version string [5.0]. Default version will be used.
15-Apr-2026 10:27:57.896 INFO [Catalina-utility-1] org.apache.jasper.servlet.TldScanner.scanJars At least one JAR was scanned for TLDs yet contained no TLDs. Enable debug logging for this logger for a complete list of JARs that were scanned but no TLDs were found in them. Skipping unneeded JARs during scanning can improve startup time and JSP compilation time.
15-Apr-2026 10:27:57.908 SEVERE [Catalina-utility-1] org.apache.catalina.core.StandardContext.startInternal One or more listeners failed to start. Full details will be found in the appropriate container log file
15-Apr-2026 10:27:57.909 SEVERE [Catalina-utility-1] org.apache.catalina.core.StandardContext.startInternal Context [/jenkins] startup failed due to previous errors
15-Apr-2026 10:27:57.943 INFO [Catalina-utility-1] org.apache.catalina.startup.HostConfig.deployWAR Deployment of web application archive [/home/moni/Desktop/apache-tomcat-9.0.85/webapps/jenkins.war] has finished in [17,383] ms
15-Apr-2026 10:28:27.964 INFO [Catalina-utility-2] org.apache.catalina.startup.HostConfig.undeploy Undeploying context [/jenkins]
15-Apr-2026 10:28:28.131 INFO [Catalina-utility-2] org.apache.catalina.startup.HostConfig.deployWAR Deploying web application archive [/home/moni/Desktop/apache-tomcat-9.0.85/webapps/jenkins.war]
15-Apr-2026 10:28:32.091 WARNING [Catalina-utility-2] org.apache.tomcat.util.descriptor.web.WebXml.setVersion Unknown version string [5.0]. Default version will be used.
15-Apr-2026 10:28:41.808 INFO [Catalina-utility-2] org.apache.jasper.servlet.TldScanner.scanJars At least one JAR was scanned for TLDs yet contained no TLDs. Enable debug logging for this logger for a complete list of JARs that were scanned but no TLDs were found in them. Skipping unneeded JARs during scanning can improve startup time and JSP compilation time.
15-Apr-2026 10:28:41.818 SEVERE [Catalina-utility-2] org.apache.catalina.core.StandardContext.startInternal One or more listeners failed to start. Full details will be found in the appropriate container log file
15-Apr-2026 10:28:41.820 SEVERE [Catalina-utility-2] org.apache.catalina.core.StandardContext.startInternal Context [/jenkins] startup failed due to previous errors
15-Apr-2026 10:28:41.835 INFO [Catalina-utility-2] org.apache.catalina.startup.HostConfig.deployWAR Deployment of web application archive [/home/moni/Desktop/apache-tomcat-9.0.85/webapps/jenkins.war] has finished in [13,703] ms
15-Apr-2026 10:28:45.953 INFO [main] org.apache.catalina.core.StandardServer.await A valid shutdown command was received via the shutdown port. Stopping the Server instance.
15-Apr-2026 10:28:45.958 INFO [main] org.apache.coyote.AbstractProtocol.pause Pausing ProtocolHandler ["http-nio-8082"]
15-Apr-2026 10:28:45.985 INFO [main] org.apache.catalina.core.StandardService.stopInternal Stopping service [Catalina]
15-Apr-2026 10:28:46.054 INFO [main] org.apache.coyote.AbstractProtocol.stop Stopping ProtocolHandler ["http-nio-8082"]
15-Apr-2026 10:28:46.097 INFO [main] org.apache.coyote.AbstractProtocol.destroy Destroying ProtocolHandler ["http-nio-8082"]
15-Apr-2026 10:28:50.250 INFO [main] org.apache.catalina.startup.VersionLoggerListener.log Server version name:   Apache Tomcat/9.0.85
15-Apr-2026 10:28:50.261 INFO [main] org.apache.catalina.startup.VersionLoggerListener.log Server built:          Jan 5 2024 08:28:07 UTC
15-Apr-2026 10:28:50.266 INFO [main] org.apache.catalina.startup.VersionLoggerListener.log Server version number: 9.0.85.0
15-Apr-2026 10:28:50.267 INFO [main] org.apache.catalina.startup.VersionLoggerListener.log OS Name:               Linux
15-Apr-2026 10:28:50.267 INFO [main] org.apache.catalina.startup.VersionLoggerListener.log OS Version:            5.15.0-139-generic
15-Apr-2026 10:28:50.268 INFO [main] org.apache.catalina.startup.VersionLoggerListener.log Architecture:          amd64
15-Apr-2026 10:28:50.268 INFO [main] org.apache.catalina.startup.VersionLoggerListener.log Java Home:             /usr/lib/jvm/java-17-openjdk-amd64
15-Apr-2026 10:28:50.269 INFO [main] org.apache.catalina.startup.VersionLoggerListener.log JVM Version:           17.0.15+6-Ubuntu-0ubuntu120.04
15-Apr-2026 10:28:50.269 INFO [main] org.apache.catalina.startup.VersionLoggerListener.log JVM Vendor:            Ubuntu
15-Apr-2026 10:28:50.270 INFO [main] org.apache.catalina.startup.VersionLoggerListener.log CATALINA_BASE:         /home/moni/Desktop/apache-tomcat-9.0.85
15-Apr-2026 10:28:50.270 INFO [main] org.apache.catalina.startup.VersionLoggerListener.log CATALINA_HOME:         /home/moni/Desktop/apache-tomcat-9.0.85
15-Apr-2026 10:28:50.323 INFO [main] org.apache.catalina.startup.VersionLoggerListener.log Command line argument: --add-opens=java.base/java.lang=ALL-UNNAMED
15-Apr-2026 10:28:50.324 INFO [main] org.apache.catalina.startup.VersionLoggerListener.log Command line argument: --add-opens=java.base/java.io=ALL-UNNAMED
15-Apr-2026 10:28:50.324 INFO [main] org.apache.catalina.startup.VersionLoggerListener.log Command line argument: --add-opens=java.base/java.util=ALL-UNNAMED
15-Apr-2026 10:28:50.324 INFO [main] org.apache.catalina.startup.VersionLoggerListener.log Command line argument: --add-opens=java.base/java.util.concurrent=ALL-UNNAMED
15-Apr-2026 10:28:50.324 INFO [main] org.apache.catalina.startup.VersionLoggerListener.log Command line argument: --add-opens=java.rmi/sun.rmi.transport=ALL-UNNAMED
15-Apr-2026 10:28:50.324 INFO [main] org.apache.catalina.startup.VersionLoggerListener.log Command line argument: -Djava.util.logging.config.file=/home/moni/Desktop/apache-tomcat-9.0.85/conf/logging.properties
15-Apr-2026 10:28:50.324 INFO [main] org.apache.catalina.startup.VersionLoggerListener.log Command line argument: -Djava.util.logging.manager=org.apache.juli.ClassLoaderLogManager
15-Apr-2026 10:28:50.325 INFO [main] org.apache.catalina.startup.VersionLoggerListener.log Command line argument: -Djdk.tls.ephemeralDHKeySize=2048
15-Apr-2026 10:28:50.325 INFO [main] org.apache.catalina.startup.VersionLoggerListener.log Command line argument: -Djava.protocol.handler.pkgs=org.apache.catalina.webresources
15-Apr-2026 10:28:50.326 INFO [main] org.apache.catalina.startup.VersionLoggerListener.log Command line argument: -Dorg.apache.catalina.security.SecurityListener.UMASK=0027
15-Apr-2026 10:28:50.326 INFO [main] org.apache.catalina.startup.VersionLoggerListener.log Command line argument: -Dignore.endorsed.dirs=
15-Apr-2026 10:28:50.326 INFO [main] org.apache.catalina.startup.VersionLoggerListener.log Command line argument: -Dcatalina.base=/home/moni/Desktop/apache-tomcat-9.0.85
15-Apr-2026 10:28:50.326 INFO [main] org.apache.catalina.startup.VersionLoggerListener.log Command line argument: -Dcatalina.home=/home/moni/Desktop/apache-tomcat-9.0.85
15-Apr-2026 10:28:50.327 INFO [main] org.apache.catalina.startup.VersionLoggerListener.log Command line argument: -Djava.io.tmpdir=/home/moni/Desktop/apache-tomcat-9.0.85/temp
15-Apr-2026 10:28:50.332 INFO [main] org.apache.catalina.core.AprLifecycleListener.lifecycleEvent The Apache Tomcat Native library which allows using OpenSSL was not found on the java.library.path: [/usr/java/packages/lib:/usr/lib/x86_64-linux-gnu/jni:/lib/x86_64-linux-gnu:/usr/lib/x86_64-linux-gnu:/usr/lib/jni:/lib:/usr/lib]
15-Apr-2026 10:28:51.671 INFO [main] org.apache.coyote.AbstractProtocol.init Initializing ProtocolHandler ["http-nio-8082"]
15-Apr-2026 10:28:51.763 INFO [main] org.apache.catalina.startup.Catalina.load Server initialization in [2371] milliseconds
15-Apr-2026 10:28:51.935 INFO [main] org.apache.catalina.core.StandardService.startInternal Starting service [Catalina]
15-Apr-2026 10:28:51.936 INFO [main] org.apache.catalina.core.StandardEngine.startInternal Starting Servlet engine: [Apache Tomcat/9.0.85]
15-Apr-2026 10:28:51.995 INFO [main] org.apache.catalina.startup.HostConfig.deployWAR Deploying web application archive [/home/moni/Desktop/apache-tomcat-9.0.85/webapps/jenkins.war]
15-Apr-2026 10:28:53.069 WARNING [main] org.apache.tomcat.util.descriptor.web.WebXml.setVersion Unknown version string [5.0]. Default version will be used.
15-Apr-2026 10:29:04.667 INFO [main] org.apache.jasper.servlet.TldScanner.scanJars At least one JAR was scanned for TLDs yet contained no TLDs. Enable debug logging for this logger for a complete list of JARs that were scanned but no TLDs were found in them. Skipping unneeded JARs during scanning can improve startup time and JSP compilation time.
15-Apr-2026 10:29:04.685 SEVERE [main] org.apache.catalina.core.StandardContext.startInternal One or more listeners failed to start. Full details will be found in the appropriate container log file
15-Apr-2026 10:29:04.734 SEVERE [main] org.apache.catalina.core.StandardContext.startInternal Context [/jenkins] startup failed due to previous errors
15-Apr-2026 10:29:04.782 INFO [main] org.apache.catalina.startup.HostConfig.deployWAR Deployment of web application archive [/home/moni/Desktop/apache-tomcat-9.0.85/webapps/jenkins.war] has finished in [12,785] ms
15-Apr-2026 10:29:04.783 INFO [main] org.apache.catalina.startup.HostConfig.deployDirectory Deploying web application directory [/home/moni/Desktop/apache-tomcat-9.0.85/webapps/Amazon]
15-Apr-2026 10:29:14.418 INFO [main] org.apache.jasper.servlet.TldScanner.scanJars At least one JAR was scanned for TLDs yet contained no TLDs. Enable debug logging for this logger for a complete list of JARs that were scanned but no TLDs were found in them. Skipping unneeded JARs during scanning can improve startup time and JSP compilation time.
15-Apr-2026 10:29:14.479 INFO [main] org.apache.catalina.startup.HostConfig.deployDirectory Deployment of web application directory [/home/moni/Desktop/apache-tomcat-9.0.85/webapps/Amazon] has finished in [9,695] ms
15-Apr-2026 10:29:14.479 INFO [main] org.apache.catalina.startup.HostConfig.deployDirectory Deploying web application directory [/home/moni/Desktop/apache-tomcat-9.0.85/webapps/examples]
15-Apr-2026 10:29:15.007 INFO [main] org.apache.catalina.startup.HostConfig.deployDirectory Deployment of web application directory [/home/moni/Desktop/apache-tomcat-9.0.85/webapps/examples] has finished in [527] ms
15-Apr-2026 10:29:15.008 INFO [main] org.apache.catalina.startup.HostConfig.deployDirectory Deploying web application directory [/home/moni/Desktop/apache-tomcat-9.0.85/webapps/ROOT]
15-Apr-2026 10:29:15.051 INFO [main] org.apache.catalina.startup.HostConfig.deployDirectory Deployment of web application directory [/home/moni/Desktop/apache-tomcat-9.0.85/webapps/ROOT] has finished in [42] ms
15-Apr-2026 10:29:15.051 INFO [main] org.apache.catalina.startup.HostConfig.deployDirectory Deploying web application directory [/home/moni/Desktop/apache-tomcat-9.0.85/webapps/host-manager]
15-Apr-2026 10:29:15.107 INFO [main] org.apache.catalina.startup.HostConfig.deployDirectory Deployment of web application directory [/home/moni/Desktop/apache-tomcat-9.0.85/webapps/host-manager] has finished in [55] ms
15-Apr-2026 10:29:15.108 INFO [main] org.apache.catalina.startup.HostConfig.deployDirectory Deploying web application directory [/home/moni/Desktop/apache-tomcat-9.0.85/webapps/manager]
15-Apr-2026 10:29:15.169 INFO [main] org.apache.catalina.startup.HostConfig.deployDirectory Deployment of web application directory [/home/moni/Desktop/apache-tomcat-9.0.85/webapps/manager] has finished in [61] ms
15-Apr-2026 10:29:15.170 INFO [main] org.apache.catalina.startup.HostConfig.deployDirectory Deploying web application directory [/home/moni/Desktop/apache-tomcat-9.0.85/webapps/docs]
15-Apr-2026 10:29:15.216 INFO [main] org.apache.catalina.startup.HostConfig.deployDirectory Deployment of web application directory [/home/moni/Desktop/apache-tomcat-9.0.85/webapps/docs] has finished in [45] ms
15-Apr-2026 10:29:15.227 INFO [main] org.apache.coyote.AbstractProtocol.start Starting ProtocolHandler ["http-nio-8082"]
15-Apr-2026 10:29:15.284 INFO [main] org.apache.catalina.startup.Catalina.start Server startup in [23520] milliseconds
15-Apr-2026 10:31:47.408 INFO [main] org.apache.catalina.core.StandardServer.await A valid shutdown command was received via the shutdown port. Stopping the Server instance.
15-Apr-2026 10:31:47.409 INFO [main] org.apache.coyote.AbstractProtocol.pause Pausing ProtocolHandler ["http-nio-8082"]
15-Apr-2026 10:31:47.424 INFO [main] org.apache.catalina.core.StandardService.stopInternal Stopping service [Catalina]
15-Apr-2026 10:31:47.488 INFO [main] org.apache.coyote.AbstractProtocol.stop Stopping ProtocolHandler ["http-nio-8082"]
15-Apr-2026 10:31:47.514 INFO [main] org.apache.coyote.AbstractProtocol.destroy Destroying ProtocolHandler ["http-nio-8082"]
15-Apr-2026 10:31:55.553 INFO [main] org.apache.catalina.startup.VersionLoggerListener.log Server version name:   Apache Tomcat/9.0.85
15-Apr-2026 10:31:55.568 INFO [main] org.apache.catalina.startup.VersionLoggerListener.log Server built:          Jan 5 2024 08:28:07 UTC
15-Apr-2026 10:31:55.569 INFO [main] org.apache.catalina.startup.VersionLoggerListener.log Server version number: 9.0.85.0
15-Apr-2026 10:31:55.569 INFO [main] org.apache.catalina.startup.VersionLoggerListener.log OS Name:               Linux
15-Apr-2026 10:31:55.570 INFO [main] org.apache.catalina.startup.VersionLoggerListener.log OS Version:            5.15.0-139-generic
15-Apr-2026 10:31:55.570 INFO [main] org.apache.catalina.startup.VersionLoggerListener.log Architecture:          amd64
15-Apr-2026 10:31:55.570 INFO [main] org.apache.catalina.startup.VersionLoggerListener.log Java Home:             /usr/lib/jvm/java-17-openjdk-amd64
15-Apr-2026 10:31:55.571 INFO [main] org.apache.catalina.startup.VersionLoggerListener.log JVM Version:           17.0.15+6-Ubuntu-0ubuntu120.04
15-Apr-2026 10:31:55.571 INFO [main] org.apache.catalina.startup.VersionLoggerListener.log JVM Vendor:            Ubuntu
15-Apr-2026 10:31:55.571 INFO [main] org.apache.catalina.startup.VersionLoggerListener.log CATALINA_BASE:         /home/moni/Desktop/apache-tomcat-9.0.85
15-Apr-2026 10:31:55.572 INFO [main] org.apache.catalina.startup.VersionLoggerListener.log CATALINA_HOME:         /home/moni/Desktop/apache-tomcat-9.0.85
15-Apr-2026 10:31:55.614 INFO [main] org.apache.catalina.startup.VersionLoggerListener.log Command line argument: --add-opens=java.base/java.lang=ALL-UNNAMED
15-Apr-2026 10:31:55.615 INFO [main] org.apache.catalina.startup.VersionLoggerListener.log Command line argument: --add-opens=java.base/java.io=ALL-UNNAMED
15-Apr-2026 10:31:55.616 INFO [main] org.apache.catalina.startup.VersionLoggerListener.log Command line argument: --add-opens=java.base/java.util=ALL-UNNAMED
15-Apr-2026 10:31:55.617 INFO [main] org.apache.catalina.startup.VersionLoggerListener.log Command line argument: --add-opens=java.base/java.util.concurrent=ALL-UNNAMED
15-Apr-2026 10:31:55.617 INFO [main] org.apache.catalina.startup.VersionLoggerListener.log Command line argument: --add-opens=java.rmi/sun.rmi.transport=ALL-UNNAMED
15-Apr-2026 10:31:55.617 INFO [main] org.apache.catalina.startup.VersionLoggerListener.log Command line argument: -Djava.util.logging.config.file=/home/moni/Desktop/apache-tomcat-9.0.85/conf/logging.properties
15-Apr-2026 10:31:55.618 INFO [main] org.apache.catalina.startup.VersionLoggerListener.log Command line argument: -Djava.util.logging.manager=org.apache.juli.ClassLoaderLogManager
15-Apr-2026 10:31:55.619 INFO [main] org.apache.catalina.startup.VersionLoggerListener.log Command line argument: -Djdk.tls.ephemeralDHKeySize=2048
15-Apr-2026 10:31:55.619 INFO [main] org.apache.catalina.startup.VersionLoggerListener.log Command line argument: -Djava.protocol.handler.pkgs=org.apache.catalina.webresources
15-Apr-2026 10:31:55.620 INFO [main] org.apache.catalina.startup.VersionLoggerListener.log Command line argument: -Dorg.apache.catalina.security.SecurityListener.UMASK=0027
15-Apr-2026 10:31:55.620 INFO [main] org.apache.catalina.startup.VersionLoggerListener.log Command line argument: -Dignore.endorsed.dirs=
15-Apr-2026 10:31:55.620 INFO [main] org.apache.catalina.startup.VersionLoggerListener.log Command line argument: -Dcatalina.base=/home/moni/Desktop/apache-tomcat-9.0.85
15-Apr-2026 10:31:55.621 INFO [main] org.apache.catalina.startup.VersionLoggerListener.log Command line argument: -Dcatalina.home=/home/moni/Desktop/apache-tomcat-9.0.85
15-Apr-2026 10:31:55.621 INFO [main] org.apache.catalina.startup.VersionLoggerListener.log Command line argument: -Djava.io.tmpdir=/home/moni/Desktop/apache-tomcat-9.0.85/temp
15-Apr-2026 10:31:55.625 INFO [main] org.apache.catalina.core.AprLifecycleListener.lifecycleEvent The Apache Tomcat Native library which allows using OpenSSL was not found on the java.library.path: [/usr/java/packages/lib:/usr/lib/x86_64-linux-gnu/jni:/lib/x86_64-linux-gnu:/usr/lib/x86_64-linux-gnu:/usr/lib/jni:/lib:/usr/lib]
15-Apr-2026 10:31:56.607 INFO [main] org.apache.coyote.AbstractProtocol.init Initializing ProtocolHandler ["http-nio-8082"]
15-Apr-2026 10:31:56.686 INFO [main] org.apache.catalina.startup.Catalina.load Server initialization in [1766] milliseconds
15-Apr-2026 10:31:56.814 INFO [main] org.apache.catalina.core.StandardService.startInternal Starting service [Catalina]
15-Apr-2026 10:31:56.815 INFO [main] org.apache.catalina.core.StandardEngine.startInternal Starting Servlet engine: [Apache Tomcat/9.0.85]
15-Apr-2026 10:31:56.878 INFO [main] org.apache.catalina.startup.HostConfig.deployWAR Deploying web application archive [/home/moni/Desktop/apache-tomcat-9.0.85/webapps/jenkins.war]
15-Apr-2026 10:31:57.723 WARNING [main] org.apache.tomcat.util.descriptor.web.WebXml.setVersion Unknown version string [5.0]. Default version will be used.
15-Apr-2026 10:32:09.815 INFO [main] org.apache.jasper.servlet.TldScanner.scanJars At least one JAR was scanned for TLDs yet contained no TLDs. Enable debug logging for this logger for a complete list of JARs that were scanned but no TLDs were found in them. Skipping unneeded JARs during scanning can improve startup time and JSP compilation time.
15-Apr-2026 10:32:09.830 SEVERE [main] org.apache.catalina.core.StandardContext.startInternal One or more listeners failed to start. Full details will be found in the appropriate container log file
15-Apr-2026 10:32:09.872 SEVERE [main] org.apache.catalina.core.StandardContext.startInternal Context [/jenkins] startup failed due to previous errors
15-Apr-2026 10:32:09.911 INFO [main] org.apache.catalina.startup.HostConfig.deployWAR Deployment of web application archive [/home/moni/Desktop/apache-tomcat-9.0.85/webapps/jenkins.war] has finished in [13,031] ms
15-Apr-2026 10:32:09.912 INFO [main] org.apache.catalina.startup.HostConfig.deployDirectory Deploying web application directory [/home/moni/Desktop/apache-tomcat-9.0.85/webapps/Amazon]
15-Apr-2026 10:32:20.530 INFO [main] org.apache.jasper.servlet.TldScanner.scanJars At least one JAR was scanned for TLDs yet contained no TLDs. Enable debug logging for this logger for a complete list of JARs that were scanned but no TLDs were found in them. Skipping unneeded JARs during scanning can improve startup time and JSP compilation time.
15-Apr-2026 10:32:20.598 INFO [main] org.apache.catalina.startup.HostConfig.deployDirectory Deployment of web application directory [/home/moni/Desktop/apache-tomcat-9.0.85/webapps/Amazon] has finished in [10,685] ms
15-Apr-2026 10:32:20.599 INFO [main] org.apache.catalina.startup.HostConfig.deployDirectory Deploying web application directory [/home/moni/Desktop/apache-tomcat-9.0.85/webapps/examples]
15-Apr-2026 10:32:21.159 INFO [main] org.apache.catalina.startup.HostConfig.deployDirectory Deployment of web application directory [/home/moni/Desktop/apache-tomcat-9.0.85/webapps/examples] has finished in [559] ms
15-Apr-2026 10:32:21.159 INFO [main] org.apache.catalina.startup.HostConfig.deployDirectory Deploying web application directory [/home/moni/Desktop/apache-tomcat-9.0.85/webapps/ROOT]
15-Apr-2026 10:32:21.212 INFO [main] org.apache.catalina.startup.HostConfig.deployDirectory Deployment of web application directory [/home/moni/Desktop/apache-tomcat-9.0.85/webapps/ROOT] has finished in [53] ms
15-Apr-2026 10:32:21.213 INFO [main] org.apache.catalina.startup.HostConfig.deployDirectory Deploying web application directory [/home/moni/Desktop/apache-tomcat-9.0.85/webapps/host-manager]
15-Apr-2026 10:32:21.285 INFO [main] org.apache.catalina.startup.HostConfig.deployDirectory Deployment of web application directory [/home/moni/Desktop/apache-tomcat-9.0.85/webapps/host-manager] has finished in [72] ms
15-Apr-2026 10:32:21.285 INFO [main] org.apache.catalina.startup.HostConfig.deployDirectory Deploying web application directory [/home/moni/Desktop/apache-tomcat-9.0.85/webapps/manager]
15-Apr-2026 10:32:21.353 INFO [main] org.apache.catalina.startup.HostConfig.deployDirectory Deployment of web application directory [/home/moni/Desktop/apache-tomcat-9.0.85/webapps/manager] has finished in [68] ms
15-Apr-2026 10:32:21.354 INFO [main] org.apache.catalina.startup.HostConfig.deployDirectory Deploying web application directory [/home/moni/Desktop/apache-tomcat-9.0.85/webapps/docs]
15-Apr-2026 10:32:21.403 INFO [main] org.apache.catalina.startup.HostConfig.deployDirectory Deployment of web application directory [/home/moni/Desktop/apache-tomcat-9.0.85/webapps/docs] has finished in [48] ms
15-Apr-2026 10:32:21.420 INFO [main] org.apache.coyote.AbstractProtocol.start Starting ProtocolHandler ["http-nio-8082"]
15-Apr-2026 10:32:21.473 INFO [main] org.apache.catalina.startup.Catalina.start Server startup in [24785] milliseconds
15-Apr-2026 10:34:03.567 INFO [main] org.apache.catalina.core.StandardServer.await A valid shutdown command was received via the shutdown port. Stopping the Server instance.
15-Apr-2026 10:34:03.571 INFO [main] org.apache.coyote.AbstractProtocol.pause Pausing ProtocolHandler ["http-nio-8082"]
15-Apr-2026 10:34:03.591 INFO [main] org.apache.catalina.core.StandardService.stopInternal Stopping service [Catalina]
15-Apr-2026 10:34:03.667 INFO [main] org.apache.coyote.AbstractProtocol.stop Stopping ProtocolHandler ["http-nio-8082"]
15-Apr-2026 10:34:03.695 INFO [main] org.apache.coyote.AbstractProtocol.destroy Destroying ProtocolHandler ["http-nio-8082"]
15-Apr-2026 10:34:06.079 INFO [main] org.apache.catalina.startup.VersionLoggerListener.log Server version name:   Apache Tomcat/9.0.85
15-Apr-2026 10:34:06.097 INFO [main] org.apache.catalina.startup.VersionLoggerListener.log Server built:          Jan 5 2024 08:28:07 UTC
15-Apr-2026 10:34:06.098 INFO [main] org.apache.catalina.startup.VersionLoggerListener.log Server version number: 9.0.85.0
15-Apr-2026 10:34:06.099 INFO [main] org.apache.catalina.startup.VersionLoggerListener.log OS Name:               Linux
15-Apr-2026 10:34:06.099 INFO [main] org.apache.catalina.startup.VersionLoggerListener.log OS Version:            5.15.0-139-generic
15-Apr-2026 10:34:06.100 INFO [main] org.apache.catalina.startup.VersionLoggerListener.log Architecture:          amd64
15-Apr-2026 10:34:06.100 INFO [main] org.apache.catalina.startup.VersionLoggerListener.log Java Home:             /usr/lib/jvm/java-17-openjdk-amd64
15-Apr-2026 10:34:06.100 INFO [main] org.apache.catalina.startup.VersionLoggerListener.log JVM Version:           17.0.15+6-Ubuntu-0ubuntu120.04
15-Apr-2026 10:34:06.101 INFO [main] org.apache.catalina.startup.VersionLoggerListener.log JVM Vendor:            Ubuntu
15-Apr-2026 10:34:06.101 INFO [main] org.apache.catalina.startup.VersionLoggerListener.log CATALINA_BASE:         /home/moni/Desktop/apache-tomcat-9.0.85
15-Apr-2026 10:34:06.102 INFO [main] org.apache.catalina.startup.VersionLoggerListener.log CATALINA_HOME:         /home/moni/Desktop/apache-tomcat-9.0.85
15-Apr-2026 10:34:06.150 INFO [main] org.apache.catalina.startup.VersionLoggerListener.log Command line argument: --add-opens=java.base/java.lang=ALL-UNNAMED
15-Apr-2026 10:34:06.151 INFO [main] org.apache.catalina.startup.VersionLoggerListener.log Command line argument: --add-opens=java.base/java.io=ALL-UNNAMED
15-Apr-2026 10:34:06.152 INFO [main] org.apache.catalina.startup.VersionLoggerListener.log Command line argument: --add-opens=java.base/java.util=ALL-UNNAMED
15-Apr-2026 10:34:06.153 INFO [main] org.apache.catalina.startup.VersionLoggerListener.log Command line argument: --add-opens=java.base/java.util.concurrent=ALL-UNNAMED
15-Apr-2026 10:34:06.153 INFO [main] org.apache.catalina.startup.VersionLoggerListener.log Command line argument: --add-opens=java.rmi/sun.rmi.transport=ALL-UNNAMED
15-Apr-2026 10:34:06.154 INFO [main] org.apache.catalina.startup.VersionLoggerListener.log Command line argument: -Djava.util.logging.config.file=/home/moni/Desktop/apache-tomcat-9.0.85/conf/logging.properties
15-Apr-2026 10:34:06.154 INFO [main] org.apache.catalina.startup.VersionLoggerListener.log Command line argument: -Djava.util.logging.manager=org.apache.juli.ClassLoaderLogManager
15-Apr-2026 10:34:06.154 INFO [main] org.apache.catalina.startup.VersionLoggerListener.log Command line argument: -Djdk.tls.ephemeralDHKeySize=2048
15-Apr-2026 10:34:06.154 INFO [main] org.apache.catalina.startup.VersionLoggerListener.log Command line argument: -Djava.protocol.handler.pkgs=org.apache.catalina.webresources
15-Apr-2026 10:34:06.155 INFO [main] org.apache.catalina.startup.VersionLoggerListener.log Command line argument: -Dorg.apache.catalina.security.SecurityListener.UMASK=0027
15-Apr-2026 10:34:06.155 INFO [main] org.apache.catalina.startup.VersionLoggerListener.log Command line argument: -Dignore.endorsed.dirs=
15-Apr-2026 10:34:06.155 INFO [main] org.apache.catalina.startup.VersionLoggerListener.log Command line argument: -Dcatalina.base=/home/moni/Desktop/apache-tomcat-9.0.85
15-Apr-2026 10:34:06.156 INFO [main] org.apache.catalina.startup.VersionLoggerListener.log Command line argument: -Dcatalina.home=/home/moni/Desktop/apache-tomcat-9.0.85
15-Apr-2026 10:34:06.156 INFO [main] org.apache.catalina.startup.VersionLoggerListener.log Command line argument: -Djava.io.tmpdir=/home/moni/Desktop/apache-tomcat-9.0.85/temp
15-Apr-2026 10:34:06.167 INFO [main] org.apache.catalina.core.AprLifecycleListener.lifecycleEvent The Apache Tomcat Native library which allows using OpenSSL was not found on the java.library.path: [/usr/java/packages/lib:/usr/lib/x86_64-linux-gnu/jni:/lib/x86_64-linux-gnu:/usr/lib/x86_64-linux-gnu:/usr/lib/jni:/lib:/usr/lib]
15-Apr-2026 10:34:07.111 INFO [main] org.apache.coyote.AbstractProtocol.init Initializing ProtocolHandler ["http-nio-8082"]
15-Apr-2026 10:34:07.170 INFO [main] org.apache.catalina.startup.Catalina.load Server initialization in [1753] milliseconds
15-Apr-2026 10:34:07.287 INFO [main] org.apache.catalina.core.StandardService.startInternal Starting service [Catalina]
15-Apr-2026 10:34:07.288 INFO [main] org.apache.catalina.core.StandardEngine.startInternal Starting Servlet engine: [Apache Tomcat/9.0.85]
15-Apr-2026 10:34:07.336 INFO [main] org.apache.catalina.startup.HostConfig.deployWAR Deploying web application archive [/home/moni/Desktop/apache-tomcat-9.0.85/webapps/jenkins.war]
15-Apr-2026 10:34:08.145 WARNING [main] org.apache.tomcat.util.descriptor.web.WebXml.setVersion Unknown version string [5.0]. Default version will be used.
15-Apr-2026 10:34:19.382 INFO [main] org.apache.jasper.servlet.TldScanner.scanJars At least one JAR was scanned for TLDs yet contained no TLDs. Enable debug logging for this logger for a complete list of JARs that were scanned but no TLDs were found in them. Skipping unneeded JARs during scanning can improve startup time and JSP compilation time.
15-Apr-2026 10:34:19.403 SEVERE [main] org.apache.catalina.core.StandardContext.startInternal One or more listeners failed to start. Full details will be found in the appropriate container log file
15-Apr-2026 10:34:19.441 SEVERE [main] org.apache.catalina.core.StandardContext.startInternal Context [/jenkins] startup failed due to previous errors
15-Apr-2026 10:34:19.479 INFO [main] org.apache.catalina.startup.HostConfig.deployWAR Deployment of web application archive [/home/moni/Desktop/apache-tomcat-9.0.85/webapps/jenkins.war] has finished in [12,141] ms
15-Apr-2026 10:34:19.481 INFO [main] org.apache.catalina.startup.HostConfig.deployDirectory Deploying web application directory [/home/moni/Desktop/apache-tomcat-9.0.85/webapps/Amazon]
15-Apr-2026 10:34:29.138 INFO [main] org.apache.jasper.servlet.TldScanner.scanJars At least one JAR was scanned for TLDs yet contained no TLDs. Enable debug logging for this logger for a complete list of JARs that were scanned but no TLDs were found in them. Skipping unneeded JARs during scanning can improve startup time and JSP compilation time.
15-Apr-2026 10:34:29.195 INFO [main] org.apache.catalina.startup.HostConfig.deployDirectory Deployment of web application directory [/home/moni/Desktop/apache-tomcat-9.0.85/webapps/Amazon] has finished in [9,713] ms
15-Apr-2026 10:34:29.196 INFO [main] org.apache.catalina.startup.HostConfig.deployDirectory Deploying web application directory [/home/moni/Desktop/apache-tomcat-9.0.85/webapps/examples]
15-Apr-2026 10:34:29.732 INFO [main] org.apache.catalina.startup.HostConfig.deployDirectory Deployment of web application directory [/home/moni/Desktop/apache-tomcat-9.0.85/webapps/examples] has finished in [536] ms
15-Apr-2026 10:34:29.734 INFO [main] org.apache.catalina.startup.HostConfig.deployDirectory Deploying web application directory [/home/moni/Desktop/apache-tomcat-9.0.85/webapps/ROOT]
15-Apr-2026 10:34:29.765 INFO [main] org.apache.catalina.startup.HostConfig.deployDirectory Deployment of web application directory [/home/moni/Desktop/apache-tomcat-9.0.85/webapps/ROOT] has finished in [30] ms
15-Apr-2026 10:34:29.765 INFO [main] org.apache.catalina.startup.HostConfig.deployDirectory Deploying web application directory [/home/moni/Desktop/apache-tomcat-9.0.85/webapps/host-manager]
15-Apr-2026 10:34:29.825 INFO [main] org.apache.catalina.startup.HostConfig.deployDirectory Deployment of web application directory [/home/moni/Desktop/apache-tomcat-9.0.85/webapps/host-manager] has finished in [60] ms
15-Apr-2026 10:34:29.826 INFO [main] org.apache.catalina.startup.HostConfig.deployDirectory Deploying web application directory [/home/moni/Desktop/apache-tomcat-9.0.85/webapps/manager]
15-Apr-2026 10:34:29.884 INFO [main] org.apache.catalina.startup.HostConfig.deployDirectory Deployment of web application directory [/home/moni/Desktop/apache-tomcat-9.0.85/webapps/manager] has finished in [58] ms
15-Apr-2026 10:34:29.885 INFO [main] org.apache.catalina.startup.HostConfig.deployDirectory Deploying web application directory [/home/moni/Desktop/apache-tomcat-9.0.85/webapps/docs]
15-Apr-2026 10:34:29.925 INFO [main] org.apache.catalina.startup.HostConfig.deployDirectory Deployment of web application directory [/home/moni/Desktop/apache-tomcat-9.0.85/webapps/docs] has finished in [40] ms
15-Apr-2026 10:34:29.937 INFO [main] org.apache.coyote.AbstractProtocol.start Starting ProtocolHandler ["http-nio-8082"]
15-Apr-2026 10:34:29.981 INFO [main] org.apache.catalina.startup.Catalina.start Server startup in [22810] milliseconds
15-Apr-2026 10:34:50.459 INFO [Catalina-utility-2] org.apache.catalina.startup.HostConfig.undeploy Undeploying context [/jenkins]
15-Apr-2026 10:35:00.536 INFO [Catalina-utility-1] org.apache.catalina.startup.HostConfig.deployWAR Deploying web application archive [/home/moni/Desktop/apache-tomcat-9.0.85/webapps/jenkins.war]
15-Apr-2026 10:35:00.560 SEVERE [Catalina-utility-1] org.apache.catalina.startup.ContextConfig.beforeStart Exception fixing docBase for context [/jenkins]
	java.util.zip.ZipException: zip END header not found
		at java.base/java.util.zip.ZipFile$Source.findEND(ZipFile.java:1637)
		at java.base/java.util.zip.ZipFile$Source.initCEN(ZipFile.java:1645)
		at java.base/java.util.zip.ZipFile$Source.<init>(ZipFile.java:1483)
		at java.base/java.util.zip.ZipFile$Source.get(ZipFile.java:1445)
		at java.base/java.util.zip.ZipFile$CleanableResource.<init>(ZipFile.java:717)
		at java.base/java.util.zip.ZipFile.<init>(ZipFile.java:251)
		at java.base/java.util.zip.ZipFile.<init>(ZipFile.java:180)
		at java.base/java.util.jar.JarFile.<init>(JarFile.java:346)
		at java.base/sun.net.www.protocol.jar.URLJarFile.<init>(URLJarFile.java:103)
		at java.base/sun.net.www.protocol.jar.URLJarFile.getJarFile(URLJarFile.java:72)
		at java.base/sun.net.www.protocol.jar.JarFileFactory.get(JarFileFactory.java:168)
		at java.base/sun.net.www.protocol.jar.JarURLConnection.connect(JarURLConnection.java:131)
		at java.base/sun.net.www.protocol.jar.JarURLConnection.getJarFile(JarURLConnection.java:92)
		at org.apache.catalina.startup.ExpandWar.expand(ExpandWar.java:129)
		at org.apache.catalina.startup.ContextConfig.fixDocBase(ContextConfig.java:825)
		at org.apache.catalina.startup.ContextConfig.beforeStart(ContextConfig.java:964)
		at org.apache.catalina.startup.ContextConfig.lifecycleEvent(ContextConfig.java:306)
		at org.apache.catalina.util.LifecycleBase.fireLifecycleEvent(LifecycleBase.java:114)
		at org.apache.catalina.util.LifecycleBase.setStateInternal(LifecycleBase.java:402)
		at org.apache.catalina.util.LifecycleBase.start(LifecycleBase.java:170)
		at org.apache.catalina.core.ContainerBase.addChildInternal(ContainerBase.java:683)
		at org.apache.catalina.core.ContainerBase.addChild(ContainerBase.java:658)
		at org.apache.catalina.core.StandardHost.addChild(StandardHost.java:661)
		at org.apache.catalina.startup.HostConfig.deployWAR(HostConfig.java:1025)
		at org.apache.catalina.startup.HostConfig$DeployWar.run(HostConfig.java:1919)
		at java.base/java.util.concurrent.Executors$RunnableAdapter.call(Executors.java:539)
		at java.base/java.util.concurrent.FutureTask.run(FutureTask.java:264)
		at org.apache.tomcat.util.threads.InlineExecutorService.execute(InlineExecutorService.java:75)
		at java.base/java.util.concurrent.AbstractExecutorService.submit(AbstractExecutorService.java:123)
		at org.apache.catalina.startup.HostConfig.deployWARs(HostConfig.java:826)
		at org.apache.catalina.startup.HostConfig.deployApps(HostConfig.java:476)
		at org.apache.catalina.startup.HostConfig.check(HostConfig.java:1668)
		at org.apache.catalina.startup.HostConfig.lifecycleEvent(HostConfig.java:314)
		at org.apache.catalina.util.LifecycleBase.fireLifecycleEvent(LifecycleBase.java:114)
		at org.apache.catalina.core.ContainerBase.backgroundProcess(ContainerBase.java:1098)
		at org.apache.catalina.core.ContainerBase$ContainerBackgroundProcessor.processChildren(ContainerBase.java:1301)
		at org.apache.catalina.core.ContainerBase$ContainerBackgroundProcessor.processChildren(ContainerBase.java:1305)
		at org.apache.catalina.core.ContainerBase$ContainerBackgroundProcessor.run(ContainerBase.java:1283)
		at java.base/java.util.concurrent.Executors$RunnableAdapter.call(Executors.java:539)
		at java.base/java.util.concurrent.FutureTask.runAndReset(FutureTask.java:305)
		at java.base/java.util.concurrent.ScheduledThreadPoolExecutor$ScheduledFutureTask.run(ScheduledThreadPoolExecutor.java:305)
		at java.base/java.util.concurrent.ThreadPoolExecutor.runWorker(ThreadPoolExecutor.java:1136)
		at java.base/java.util.concurrent.ThreadPoolExecutor$Worker.run(ThreadPoolExecutor.java:635)
		at org.apache.tomcat.util.threads.TaskThread$WrappingRunnable.run(TaskThread.java:61)
		at java.base/java.lang.Thread.run(Thread.java:840)
15-Apr-2026 10:35:00.583 SEVERE [Catalina-utility-1] org.apache.catalina.startup.HostConfig.deployWAR Error deploying web application archive [/home/moni/Desktop/apache-tomcat-9.0.85/webapps/jenkins.war]
	java.lang.IllegalStateException: Error starting child
		at org.apache.catalina.core.ContainerBase.addChildInternal(ContainerBase.java:686)
		at org.apache.catalina.core.ContainerBase.addChild(ContainerBase.java:658)
		at org.apache.catalina.core.StandardHost.addChild(StandardHost.java:661)
		at org.apache.catalina.startup.HostConfig.deployWAR(HostConfig.java:1025)
		at org.apache.catalina.startup.HostConfig$DeployWar.run(HostConfig.java:1919)
		at java.base/java.util.concurrent.Executors$RunnableAdapter.call(Executors.java:539)
		at java.base/java.util.concurrent.FutureTask.run(FutureTask.java:264)
		at org.apache.tomcat.util.threads.InlineExecutorService.execute(InlineExecutorService.java:75)
		at java.base/java.util.concurrent.AbstractExecutorService.submit(AbstractExecutorService.java:123)
		at org.apache.catalina.startup.HostConfig.deployWARs(HostConfig.java:826)
		at org.apache.catalina.startup.HostConfig.deployApps(HostConfig.java:476)
		at org.apache.catalina.startup.HostConfig.check(HostConfig.java:1668)
		at org.apache.catalina.startup.HostConfig.lifecycleEvent(HostConfig.java:314)
		at org.apache.catalina.util.LifecycleBase.fireLifecycleEvent(LifecycleBase.java:114)
		at org.apache.catalina.core.ContainerBase.backgroundProcess(ContainerBase.java:1098)
		at org.apache.catalina.core.ContainerBase$ContainerBackgroundProcessor.processChildren(ContainerBase.java:1301)
		at org.apache.catalina.core.ContainerBase$ContainerBackgroundProcessor.processChildren(ContainerBase.java:1305)
		at org.apache.catalina.core.ContainerBase$ContainerBackgroundProcessor.run(ContainerBase.java:1283)
		at java.base/java.util.concurrent.Executors$RunnableAdapter.call(Executors.java:539)
		at java.base/java.util.concurrent.FutureTask.runAndReset(FutureTask.java:305)
		at java.base/java.util.concurrent.ScheduledThreadPoolExecutor$ScheduledFutureTask.run(ScheduledThreadPoolExecutor.java:305)
		at java.base/java.util.concurrent.ThreadPoolExecutor.runWorker(ThreadPoolExecutor.java:1136)
		at java.base/java.util.concurrent.ThreadPoolExecutor$Worker.run(ThreadPoolExecutor.java:635)
		at org.apache.tomcat.util.threads.TaskThread$WrappingRunnable.run(TaskThread.java:61)
		at java.base/java.lang.Thread.run(Thread.java:840)
	Caused by: org.apache.catalina.LifecycleException: Failed to initialize component [org.apache.catalina.webresources.WarResourceSet@5d5fff65]
		at org.apache.catalina.util.LifecycleBase.handleSubClassException(LifecycleBase.java:419)
		at org.apache.catalina.util.LifecycleBase.init(LifecycleBase.java:130)
		at org.apache.catalina.util.LifecycleBase.start(LifecycleBase.java:161)
		at org.apache.catalina.webresources.StandardRoot.startInternal(StandardRoot.java:715)
		at org.apache.catalina.util.LifecycleBase.start(LifecycleBase.java:171)
		at org.apache.catalina.core.StandardContext.resourcesStart(StandardContext.java:4575)
		at org.apache.catalina.core.StandardContext.startInternal(StandardContext.java:4708)
		at org.apache.catalina.util.LifecycleBase.start(LifecycleBase.java:171)
		at org.apache.catalina.core.ContainerBase.addChildInternal(ContainerBase.java:683)
		... 24 more
	Caused by: java.lang.IllegalArgumentException: java.io.IOException: java.lang.reflect.InvocationTargetException
		at org.apache.catalina.webresources.AbstractSingleArchiveResourceSet.initInternal(AbstractSingleArchiveResourceSet.java:141)
		at org.apache.catalina.util.LifecycleBase.init(LifecycleBase.java:127)
		... 31 more
	Caused by: java.io.IOException: java.lang.reflect.InvocationTargetException
		at org.apache.tomcat.util.compat.Jre9Compat.jarFileNewInstance(Jre9Compat.java:209)
		at org.apache.tomcat.util.compat.JreCompat.jarFileNewInstance(JreCompat.java:275)
		at org.apache.catalina.webresources.AbstractSingleArchiveResourceSet.initInternal(AbstractSingleArchiveResourceSet.java:138)
		... 32 more
	Caused by: java.lang.reflect.InvocationTargetException
		at java.base/jdk.internal.reflect.GeneratedConstructorAccessor7.newInstance(Unknown Source)
		at java.base/jdk.internal.reflect.DelegatingConstructorAccessorImpl.newInstance(DelegatingConstructorAccessorImpl.java:45)
		at java.base/java.lang.reflect.Constructor.newInstanceWithCaller(Constructor.java:500)
		at java.base/java.lang.reflect.Constructor.newInstance(Constructor.java:481)
		at org.apache.tomcat.util.compat.Jre9Compat.jarFileNewInstance(Jre9Compat.java:206)
		... 34 more
	Caused by: java.util.zip.ZipException: zip END header not found
		at java.base/java.util.zip.ZipFile$Source.findEND(ZipFile.java:1637)
		at java.base/java.util.zip.ZipFile$Source.initCEN(ZipFile.java:1645)
		at java.base/java.util.zip.ZipFile$Source.<init>(ZipFile.java:1483)
		at java.base/java.util.zip.ZipFile$Source.get(ZipFile.java:1445)
		at java.base/java.util.zip.ZipFile$CleanableResource.<init>(ZipFile.java:717)
		at java.base/java.util.zip.ZipFile.<init>(ZipFile.java:251)
		at java.base/java.util.zip.ZipFile.<init>(ZipFile.java:180)
		at java.base/java.util.jar.JarFile.<init>(JarFile.java:346)
		... 39 more
15-Apr-2026 10:35:00.586 INFO [Catalina-utility-1] org.apache.catalina.startup.HostConfig.deployWAR Deployment of web application archive [/home/moni/Desktop/apache-tomcat-9.0.85/webapps/jenkins.war] has finished in [49] ms
15-Apr-2026 10:35:30.604 INFO [Catalina-utility-2] org.apache.catalina.startup.HostConfig.undeploy Undeploying context [/jenkins]
15-Apr-2026 10:35:30.637 INFO [Catalina-utility-2] org.apache.catalina.startup.HostConfig.deployWAR Deploying web application archive [/home/moni/Desktop/apache-tomcat-9.0.85/webapps/jenkins.war]
15-Apr-2026 10:35:35.345 WARNING [Catalina-utility-2] org.apache.tomcat.util.descriptor.web.WebXml.setVersion Unknown version string [5.0]. Default version will be used.
15-Apr-2026 10:35:35.639 INFO [main] org.apache.catalina.startup.VersionLoggerListener.log Server version name:   Apache Tomcat/9.0.85
15-Apr-2026 10:35:35.660 INFO [main] org.apache.catalina.startup.VersionLoggerListener.log Server built:          Jan 5 2024 08:28:07 UTC
15-Apr-2026 10:35:35.662 INFO [main] org.apache.catalina.startup.VersionLoggerListener.log Server version number: 9.0.85.0
15-Apr-2026 10:35:35.662 INFO [main] org.apache.catalina.startup.VersionLoggerListener.log OS Name:               Linux
15-Apr-2026 10:35:35.664 INFO [main] org.apache.catalina.startup.VersionLoggerListener.log OS Version:            5.15.0-139-generic
15-Apr-2026 10:35:35.664 INFO [main] org.apache.catalina.startup.VersionLoggerListener.log Architecture:          amd64
15-Apr-2026 10:35:35.665 INFO [main] org.apache.catalina.startup.VersionLoggerListener.log Java Home:             /usr/lib/jvm/java-17-openjdk-amd64
15-Apr-2026 10:35:35.665 INFO [main] org.apache.catalina.startup.VersionLoggerListener.log JVM Version:           17.0.15+6-Ubuntu-0ubuntu120.04
15-Apr-2026 10:35:35.666 INFO [main] org.apache.catalina.startup.VersionLoggerListener.log JVM Vendor:            Ubuntu
15-Apr-2026 10:35:35.667 INFO [main] org.apache.catalina.startup.VersionLoggerListener.log CATALINA_BASE:         /home/moni/Desktop/apache-tomcat-9.0.85
15-Apr-2026 10:35:35.668 INFO [main] org.apache.catalina.startup.VersionLoggerListener.log CATALINA_HOME:         /home/moni/Desktop/apache-tomcat-9.0.85
15-Apr-2026 10:35:35.716 INFO [main] org.apache.catalina.startup.VersionLoggerListener.log Command line argument: --add-opens=java.base/java.lang=ALL-UNNAMED
15-Apr-2026 10:35:35.717 INFO [main] org.apache.catalina.startup.VersionLoggerListener.log Command line argument: --add-opens=java.base/java.io=ALL-UNNAMED
15-Apr-2026 10:35:35.718 INFO [main] org.apache.catalina.startup.VersionLoggerListener.log Command line argument: --add-opens=java.base/java.util=ALL-UNNAMED
15-Apr-2026 10:35:35.718 INFO [main] org.apache.catalina.startup.VersionLoggerListener.log Command line argument: --add-opens=java.base/java.util.concurrent=ALL-UNNAMED
15-Apr-2026 10:35:35.719 INFO [main] org.apache.catalina.startup.VersionLoggerListener.log Command line argument: --add-opens=java.rmi/sun.rmi.transport=ALL-UNNAMED
15-Apr-2026 10:35:35.719 INFO [main] org.apache.catalina.startup.VersionLoggerListener.log Command line argument: -Djava.util.logging.config.file=/home/moni/Desktop/apache-tomcat-9.0.85/conf/logging.properties
15-Apr-2026 10:35:35.720 INFO [main] org.apache.catalina.startup.VersionLoggerListener.log Command line argument: -Djava.util.logging.manager=org.apache.juli.ClassLoaderLogManager
15-Apr-2026 10:35:35.721 INFO [main] org.apache.catalina.startup.VersionLoggerListener.log Command line argument: -Djdk.tls.ephemeralDHKeySize=2048
15-Apr-2026 10:35:35.721 INFO [main] org.apache.catalina.startup.VersionLoggerListener.log Command line argument: -Djava.protocol.handler.pkgs=org.apache.catalina.webresources
15-Apr-2026 10:35:35.722 INFO [main] org.apache.catalina.startup.VersionLoggerListener.log Command line argument: -Dorg.apache.catalina.security.SecurityListener.UMASK=0027
15-Apr-2026 10:35:35.722 INFO [main] org.apache.catalina.startup.VersionLoggerListener.log Command line argument: -Dignore.endorsed.dirs=
15-Apr-2026 10:35:35.723 INFO [main] org.apache.catalina.startup.VersionLoggerListener.log Command line argument: -Dcatalina.base=/home/moni/Desktop/apache-tomcat-9.0.85
15-Apr-2026 10:35:35.723 INFO [main] org.apache.catalina.startup.VersionLoggerListener.log Command line argument: -Dcatalina.home=/home/moni/Desktop/apache-tomcat-9.0.85
15-Apr-2026 10:35:35.724 INFO [main] org.apache.catalina.startup.VersionLoggerListener.log Command line argument: -Djava.io.tmpdir=/home/moni/Desktop/apache-tomcat-9.0.85/temp
15-Apr-2026 10:35:35.735 INFO [main] org.apache.catalina.core.AprLifecycleListener.lifecycleEvent The Apache Tomcat Native library which allows using OpenSSL was not found on the java.library.path: [/usr/java/packages/lib:/usr/lib/x86_64-linux-gnu/jni:/lib/x86_64-linux-gnu:/usr/lib/x86_64-linux-gnu:/usr/lib/jni:/lib:/usr/lib]
15-Apr-2026 10:35:37.075 INFO [main] org.apache.coyote.AbstractProtocol.init Initializing ProtocolHandler ["http-nio-8082"]
15-Apr-2026 10:35:37.156 SEVERE [main] org.apache.catalina.util.LifecycleBase.handleSubClassException Failed to initialize component [Connector["http-nio-8082"]]
	org.apache.catalina.LifecycleException: Protocol handler initialization failed
		at org.apache.catalina.connector.Connector.initInternal(Connector.java:1011)
		at org.apache.catalina.util.LifecycleBase.init(LifecycleBase.java:127)
		at org.apache.catalina.core.StandardService.initInternal(StandardService.java:554)
		at org.apache.catalina.util.LifecycleBase.init(LifecycleBase.java:127)
		at org.apache.catalina.core.StandardServer.initInternal(StandardServer.java:1039)
		at org.apache.catalina.util.LifecycleBase.init(LifecycleBase.java:127)
		at org.apache.catalina.startup.Catalina.load(Catalina.java:724)
		at org.apache.catalina.startup.Catalina.load(Catalina.java:746)
		at java.base/jdk.internal.reflect.NativeMethodAccessorImpl.invoke0(Native Method)
		at java.base/jdk.internal.reflect.NativeMethodAccessorImpl.invoke(NativeMethodAccessorImpl.java:77)
		at java.base/jdk.internal.reflect.DelegatingMethodAccessorImpl.invoke(DelegatingMethodAccessorImpl.java:43)
		at java.base/java.lang.reflect.Method.invoke(Method.java:569)
		at org.apache.catalina.startup.Bootstrap.load(Bootstrap.java:307)
		at org.apache.catalina.startup.Bootstrap.main(Bootstrap.java:477)
	Caused by: java.net.BindException: Address already in use
		at java.base/sun.nio.ch.Net.bind0(Native Method)
		at java.base/sun.nio.ch.Net.bind(Net.java:555)
		at java.base/sun.nio.ch.ServerSocketChannelImpl.netBind(ServerSocketChannelImpl.java:337)
		at java.base/sun.nio.ch.ServerSocketChannelImpl.bind(ServerSocketChannelImpl.java:294)
		at org.apache.tomcat.util.net.NioEndpoint.initServerSocket(NioEndpoint.java:276)
		at org.apache.tomcat.util.net.NioEndpoint.bind(NioEndpoint.java:231)
		at org.apache.tomcat.util.net.AbstractEndpoint.bindWithCleanup(AbstractEndpoint.java:1332)
		at org.apache.tomcat.util.net.AbstractEndpoint.init(AbstractEndpoint.java:1345)
		at org.apache.coyote.AbstractProtocol.init(AbstractProtocol.java:654)
		at org.apache.coyote.http11.AbstractHttp11Protocol.init(AbstractHttp11Protocol.java:75)
		at org.apache.catalina.connector.Connector.initInternal(Connector.java:1009)
		... 13 more
15-Apr-2026 10:35:37.162 INFO [main] org.apache.catalina.startup.Catalina.load Server initialization in [2444] milliseconds
15-Apr-2026 10:35:37.363 INFO [main] org.apache.catalina.core.StandardService.startInternal Starting service [Catalina]
15-Apr-2026 10:35:37.364 INFO [main] org.apache.catalina.core.StandardEngine.startInternal Starting Servlet engine: [Apache Tomcat/9.0.85]
15-Apr-2026 10:35:37.440 INFO [main] org.apache.catalina.startup.HostConfig.deployWAR Deploying web application archive [/home/moni/Desktop/apache-tomcat-9.0.85/webapps/jenkins.war]
15-Apr-2026 10:35:38.928 WARNING [main] org.apache.tomcat.util.descriptor.web.WebXml.setVersion Unknown version string [5.0]. Default version will be used.
15-Apr-2026 10:35:51.027 INFO [Catalina-utility-2] org.apache.jasper.servlet.TldScanner.scanJars At least one JAR was scanned for TLDs yet contained no TLDs. Enable debug logging for this logger for a complete list of JARs that were scanned but no TLDs were found in them. Skipping unneeded JARs during scanning can improve startup time and JSP compilation time.
15-Apr-2026 10:35:51.040 SEVERE [Catalina-utility-2] org.apache.catalina.core.StandardContext.startInternal One or more listeners failed to start. Full details will be found in the appropriate container log file
15-Apr-2026 10:35:51.043 SEVERE [Catalina-utility-2] org.apache.catalina.core.StandardContext.startInternal Context [/jenkins] startup failed due to previous errors
15-Apr-2026 10:35:51.060 INFO [Catalina-utility-2] org.apache.catalina.startup.HostConfig.deployWAR Deployment of web application archive [/home/moni/Desktop/apache-tomcat-9.0.85/webapps/jenkins.war] has finished in [20,422] ms
15-Apr-2026 10:35:55.764 INFO [main] org.apache.jasper.servlet.TldScanner.scanJars At least one JAR was scanned for TLDs yet contained no TLDs. Enable debug logging for this logger for a complete list of JARs that were scanned but no TLDs were found in them. Skipping unneeded JARs during scanning can improve startup time and JSP compilation time.
15-Apr-2026 10:35:55.784 SEVERE [main] org.apache.catalina.core.StandardContext.startInternal One or more listeners failed to start. Full details will be found in the appropriate container log file
15-Apr-2026 10:35:55.816 SEVERE [main] org.apache.catalina.core.StandardContext.startInternal Context [/jenkins] startup failed due to previous errors
15-Apr-2026 10:35:55.852 INFO [main] org.apache.catalina.startup.HostConfig.deployWAR Deployment of web application archive [/home/moni/Desktop/apache-tomcat-9.0.85/webapps/jenkins.war] has finished in [18,410] ms
15-Apr-2026 10:35:55.854 INFO [main] org.apache.catalina.startup.HostConfig.deployDirectory Deploying web application directory [/home/moni/Desktop/apache-tomcat-9.0.85/webapps/Amazon]
15-Apr-2026 10:36:07.409 INFO [main] org.apache.jasper.servlet.TldScanner.scanJars At least one JAR was scanned for TLDs yet contained no TLDs. Enable debug logging for this logger for a complete list of JARs that were scanned but no TLDs were found in them. Skipping unneeded JARs during scanning can improve startup time and JSP compilation time.
15-Apr-2026 10:36:07.490 INFO [main] org.apache.catalina.startup.HostConfig.deployDirectory Deployment of web application directory [/home/moni/Desktop/apache-tomcat-9.0.85/webapps/Amazon] has finished in [11,635] ms
15-Apr-2026 10:36:07.492 INFO [main] org.apache.catalina.startup.HostConfig.deployDirectory Deploying web application directory [/home/moni/Desktop/apache-tomcat-9.0.85/webapps/examples]
15-Apr-2026 10:36:08.105 INFO [main] org.apache.catalina.startup.HostConfig.deployDirectory Deployment of web application directory [/home/moni/Desktop/apache-tomcat-9.0.85/webapps/examples] has finished in [613] ms
15-Apr-2026 10:36:08.106 INFO [main] org.apache.catalina.startup.HostConfig.deployDirectory Deploying web application directory [/home/moni/Desktop/apache-tomcat-9.0.85/webapps/ROOT]
15-Apr-2026 10:36:08.151 INFO [main] org.apache.catalina.startup.HostConfig.deployDirectory Deployment of web application directory [/home/moni/Desktop/apache-tomcat-9.0.85/webapps/ROOT] has finished in [46] ms
15-Apr-2026 10:36:08.152 INFO [main] org.apache.catalina.startup.HostConfig.deployDirectory Deploying web application directory [/home/moni/Desktop/apache-tomcat-9.0.85/webapps/host-manager]
15-Apr-2026 10:36:08.215 INFO [main] org.apache.catalina.startup.HostConfig.deployDirectory Deployment of web application directory [/home/moni/Desktop/apache-tomcat-9.0.85/webapps/host-manager] has finished in [62] ms
15-Apr-2026 10:36:08.215 INFO [main] org.apache.catalina.startup.HostConfig.deployDirectory Deploying web application directory [/home/moni/Desktop/apache-tomcat-9.0.85/webapps/manager]
15-Apr-2026 10:36:08.286 INFO [main] org.apache.catalina.startup.HostConfig.deployDirectory Deployment of web application directory [/home/moni/Desktop/apache-tomcat-9.0.85/webapps/manager] has finished in [70] ms
15-Apr-2026 10:36:08.288 INFO [main] org.apache.catalina.startup.HostConfig.deployDirectory Deploying web application directory [/home/moni/Desktop/apache-tomcat-9.0.85/webapps/docs]
15-Apr-2026 10:36:08.352 INFO [main] org.apache.catalina.startup.HostConfig.deployDirectory Deployment of web application directory [/home/moni/Desktop/apache-tomcat-9.0.85/webapps/docs] has finished in [64] ms
15-Apr-2026 10:36:08.368 INFO [main] org.apache.catalina.startup.Catalina.start Server startup in [31203] milliseconds
15-Apr-2026 10:36:08.392 SEVERE [main] org.apache.catalina.core.StandardServer.await Failed to create server shutdown socket on address [localhost] and port [8005] (base port [8005] and offset [0])
	java.net.BindException: Address already in use
		at java.base/sun.nio.ch.Net.bind0(Native Method)
		at java.base/sun.nio.ch.Net.bind(Net.java:555)
		at java.base/sun.nio.ch.Net.bind(Net.java:544)
		at java.base/sun.nio.ch.NioSocketImpl.bind(NioSocketImpl.java:648)
		at java.base/java.net.ServerSocket.bind(ServerSocket.java:388)
		at java.base/java.net.ServerSocket.<init>(ServerSocket.java:274)
		at org.apache.catalina.core.StandardServer.await(StandardServer.java:581)
		at org.apache.catalina.startup.Catalina.await(Catalina.java:864)
		at org.apache.catalina.startup.Catalina.start(Catalina.java:810)
		at java.base/jdk.internal.reflect.NativeMethodAccessorImpl.invoke0(Native Method)
		at java.base/jdk.internal.reflect.NativeMethodAccessorImpl.invoke(NativeMethodAccessorImpl.java:77)
		at java.base/jdk.internal.reflect.DelegatingMethodAccessorImpl.invoke(DelegatingMethodAccessorImpl.java:43)
		at java.base/java.lang.reflect.Method.invoke(Method.java:569)
		at org.apache.catalina.startup.Bootstrap.start(Bootstrap.java:347)
		at org.apache.catalina.startup.Bootstrap.main(Bootstrap.java:478)
15-Apr-2026 10:36:08.393 INFO [main] org.apache.coyote.AbstractProtocol.pause Pausing ProtocolHandler ["http-nio-8082"]
15-Apr-2026 10:36:08.393 INFO [main] org.apache.catalina.core.StandardService.stopInternal Stopping service [Catalina]
15-Apr-2026 10:36:08.448 INFO [main] org.apache.coyote.AbstractProtocol.stop Stopping ProtocolHandler ["http-nio-8082"]
15-Apr-2026 10:36:08.456 INFO [main] org.apache.coyote.AbstractProtocol.destroy Destroying ProtocolHandler ["http-nio-8082"]
15-Apr-2026 10:39:19.391 INFO [main] org.apache.catalina.core.StandardServer.await A valid shutdown command was received via the shutdown port. Stopping the Server instance.
15-Apr-2026 10:39:19.401 INFO [main] org.apache.coyote.AbstractProtocol.pause Pausing ProtocolHandler ["http-nio-8082"]
15-Apr-2026 10:39:19.419 INFO [main] org.apache.catalina.core.StandardService.stopInternal Stopping service [Catalina]
15-Apr-2026 10:39:19.515 INFO [main] org.apache.coyote.AbstractProtocol.stop Stopping ProtocolHandler ["http-nio-8082"]
15-Apr-2026 10:39:19.545 INFO [main] org.apache.coyote.AbstractProtocol.destroy Destroying ProtocolHandler ["http-nio-8082"]
15-Apr-2026 11:38:41.730 INFO [main] org.apache.catalina.startup.VersionLoggerListener.log Server version name:   Apache Tomcat/9.0.85
15-Apr-2026 11:38:41.748 INFO [main] org.apache.catalina.startup.VersionLoggerListener.log Server built:          Jan 5 2024 08:28:07 UTC
15-Apr-2026 11:38:41.750 INFO [main] org.apache.catalina.startup.VersionLoggerListener.log Server version number: 9.0.85.0
15-Apr-2026 11:38:41.750 INFO [main] org.apache.catalina.startup.VersionLoggerListener.log OS Name:               Linux
15-Apr-2026 11:38:41.751 INFO [main] org.apache.catalina.startup.VersionLoggerListener.log OS Version:            5.15.0-139-generic
15-Apr-2026 11:38:41.751 INFO [main] org.apache.catalina.startup.VersionLoggerListener.log Architecture:          amd64
15-Apr-2026 11:38:41.752 INFO [main] org.apache.catalina.startup.VersionLoggerListener.log Java Home:             /usr/lib/jvm/java-17-openjdk-amd64
15-Apr-2026 11:38:41.752 INFO [main] org.apache.catalina.startup.VersionLoggerListener.log JVM Version:           17.0.15+6-Ubuntu-0ubuntu120.04
15-Apr-2026 11:38:41.752 INFO [main] org.apache.catalina.startup.VersionLoggerListener.log JVM Vendor:            Ubuntu
15-Apr-2026 11:38:41.753 INFO [main] org.apache.catalina.startup.VersionLoggerListener.log CATALINA_BASE:         /home/moni/Desktop/apache-tomcat-9.0.85
15-Apr-2026 11:38:41.753 INFO [main] org.apache.catalina.startup.VersionLoggerListener.log CATALINA_HOME:         /home/moni/Desktop/apache-tomcat-9.0.85
15-Apr-2026 11:38:41.819 INFO [main] org.apache.catalina.startup.VersionLoggerListener.log Command line argument: --add-opens=java.base/java.lang=ALL-UNNAMED
15-Apr-2026 11:38:41.820 INFO [main] org.apache.catalina.startup.VersionLoggerListener.log Command line argument: --add-opens=java.base/java.io=ALL-UNNAMED
15-Apr-2026 11:38:41.820 INFO [main] org.apache.catalina.startup.VersionLoggerListener.log Command line argument: --add-opens=java.base/java.util=ALL-UNNAMED
15-Apr-2026 11:38:41.821 INFO [main] org.apache.catalina.startup.VersionLoggerListener.log Command line argument: --add-opens=java.base/java.util.concurrent=ALL-UNNAMED
15-Apr-2026 11:38:41.821 INFO [main] org.apache.catalina.startup.VersionLoggerListener.log Command line argument: --add-opens=java.rmi/sun.rmi.transport=ALL-UNNAMED
15-Apr-2026 11:38:41.821 INFO [main] org.apache.catalina.startup.VersionLoggerListener.log Command line argument: -Djava.util.logging.config.file=/home/moni/Desktop/apache-tomcat-9.0.85/conf/logging.properties
15-Apr-2026 11:38:41.822 INFO [main] org.apache.catalina.startup.VersionLoggerListener.log Command line argument: -Djava.util.logging.manager=org.apache.juli.ClassLoaderLogManager
15-Apr-2026 11:38:41.822 INFO [main] org.apache.catalina.startup.VersionLoggerListener.log Command line argument: -Djdk.tls.ephemeralDHKeySize=2048
15-Apr-2026 11:38:41.823 INFO [main] org.apache.catalina.startup.VersionLoggerListener.log Command line argument: -Djava.protocol.handler.pkgs=org.apache.catalina.webresources
15-Apr-2026 11:38:41.824 INFO [main] org.apache.catalina.startup.VersionLoggerListener.log Command line argument: -Dorg.apache.catalina.security.SecurityListener.UMASK=0027
15-Apr-2026 11:38:41.824 INFO [main] org.apache.catalina.startup.VersionLoggerListener.log Command line argument: -Dignore.endorsed.dirs=
15-Apr-2026 11:38:41.824 INFO [main] org.apache.catalina.startup.VersionLoggerListener.log Command line argument: -Dcatalina.base=/home/moni/Desktop/apache-tomcat-9.0.85
15-Apr-2026 11:38:41.824 INFO [main] org.apache.catalina.startup.VersionLoggerListener.log Command line argument: -Dcatalina.home=/home/moni/Desktop/apache-tomcat-9.0.85
15-Apr-2026 11:38:41.825 INFO [main] org.apache.catalina.startup.VersionLoggerListener.log Command line argument: -Djava.io.tmpdir=/home/moni/Desktop/apache-tomcat-9.0.85/temp
15-Apr-2026 11:38:41.844 INFO [main] org.apache.catalina.core.AprLifecycleListener.lifecycleEvent The Apache Tomcat Native library which allows using OpenSSL was not found on the java.library.path: [/usr/java/packages/lib:/usr/lib/x86_64-linux-gnu/jni:/lib/x86_64-linux-gnu:/usr/lib/x86_64-linux-gnu:/usr/lib/jni:/lib:/usr/lib]
15-Apr-2026 11:38:43.458 INFO [main] org.apache.coyote.AbstractProtocol.init Initializing ProtocolHandler ["http-nio-8082"]
15-Apr-2026 11:38:43.529 SEVERE [main] org.apache.catalina.util.LifecycleBase.handleSubClassException Failed to initialize component [Connector["http-nio-8082"]]
	org.apache.catalina.LifecycleException: Protocol handler initialization failed
		at org.apache.catalina.connector.Connector.initInternal(Connector.java:1011)
		at org.apache.catalina.util.LifecycleBase.init(LifecycleBase.java:127)
		at org.apache.catalina.core.StandardService.initInternal(StandardService.java:554)
		at org.apache.catalina.util.LifecycleBase.init(LifecycleBase.java:127)
		at org.apache.catalina.core.StandardServer.initInternal(StandardServer.java:1039)
		at org.apache.catalina.util.LifecycleBase.init(LifecycleBase.java:127)
		at org.apache.catalina.startup.Catalina.load(Catalina.java:724)
		at org.apache.catalina.startup.Catalina.load(Catalina.java:746)
		at java.base/jdk.internal.reflect.NativeMethodAccessorImpl.invoke0(Native Method)
		at java.base/jdk.internal.reflect.NativeMethodAccessorImpl.invoke(NativeMethodAccessorImpl.java:77)
		at java.base/jdk.internal.reflect.DelegatingMethodAccessorImpl.invoke(DelegatingMethodAccessorImpl.java:43)
		at java.base/java.lang.reflect.Method.invoke(Method.java:569)
		at org.apache.catalina.startup.Bootstrap.load(Bootstrap.java:307)
		at org.apache.catalina.startup.Bootstrap.main(Bootstrap.java:477)
	Caused by: java.net.BindException: Address already in use
		at java.base/sun.nio.ch.Net.bind0(Native Method)
		at java.base/sun.nio.ch.Net.bind(Net.java:555)
		at java.base/sun.nio.ch.ServerSocketChannelImpl.netBind(ServerSocketChannelImpl.java:337)
		at java.base/sun.nio.ch.ServerSocketChannelImpl.bind(ServerSocketChannelImpl.java:294)
		at org.apache.tomcat.util.net.NioEndpoint.initServerSocket(NioEndpoint.java:276)
		at org.apache.tomcat.util.net.NioEndpoint.bind(NioEndpoint.java:231)
		at org.apache.tomcat.util.net.AbstractEndpoint.bindWithCleanup(AbstractEndpoint.java:1332)
		at org.apache.tomcat.util.net.AbstractEndpoint.init(AbstractEndpoint.java:1345)
		at org.apache.coyote.AbstractProtocol.init(AbstractProtocol.java:654)
		at org.apache.coyote.http11.AbstractHttp11Protocol.init(AbstractHttp11Protocol.java:75)
		at org.apache.catalina.connector.Connector.initInternal(Connector.java:1009)
		... 13 more
15-Apr-2026 11:38:43.535 INFO [main] org.apache.catalina.startup.Catalina.load Server initialization in [2914] milliseconds
15-Apr-2026 11:38:43.756 INFO [main] org.apache.catalina.core.StandardService.startInternal Starting service [Catalina]
15-Apr-2026 11:38:43.757 INFO [main] org.apache.catalina.core.StandardEngine.startInternal Starting Servlet engine: [Apache Tomcat/9.0.85]
15-Apr-2026 11:38:43.846 INFO [main] org.apache.catalina.startup.HostConfig.deployWAR Deploying web application archive [/home/moni/Desktop/apache-tomcat-9.0.85/webapps/jenkins.war]
15-Apr-2026 11:38:45.568 WARNING [main] org.apache.tomcat.util.descriptor.web.WebXml.setVersion Unknown version string [5.0]. Default version will be used.
15-Apr-2026 11:39:06.244 INFO [main] org.apache.jasper.servlet.TldScanner.scanJars At least one JAR was scanned for TLDs yet contained no TLDs. Enable debug logging for this logger for a complete list of JARs that were scanned but no TLDs were found in them. Skipping unneeded JARs during scanning can improve startup time and JSP compilation time.
15-Apr-2026 11:39:06.280 SEVERE [main] org.apache.catalina.core.StandardContext.startInternal One or more listeners failed to start. Full details will be found in the appropriate container log file
15-Apr-2026 11:39:06.370 SEVERE [main] org.apache.catalina.core.StandardContext.startInternal Context [/jenkins] startup failed due to previous errors
15-Apr-2026 11:39:06.456 INFO [main] org.apache.catalina.startup.HostConfig.deployWAR Deployment of web application archive [/home/moni/Desktop/apache-tomcat-9.0.85/webapps/jenkins.war] has finished in [22,605] ms
15-Apr-2026 11:39:06.460 INFO [main] org.apache.catalina.startup.HostConfig.deployDirectory Deploying web application directory [/home/moni/Desktop/apache-tomcat-9.0.85/webapps/Amazon]
15-Apr-2026 11:39:20.917 INFO [main] org.apache.jasper.servlet.TldScanner.scanJars At least one JAR was scanned for TLDs yet contained no TLDs. Enable debug logging for this logger for a complete list of JARs that were scanned but no TLDs were found in them. Skipping unneeded JARs during scanning can improve startup time and JSP compilation time.
15-Apr-2026 11:39:21.020 INFO [main] org.apache.catalina.startup.HostConfig.deployDirectory Deployment of web application directory [/home/moni/Desktop/apache-tomcat-9.0.85/webapps/Amazon] has finished in [14,560] ms
15-Apr-2026 11:39:21.023 INFO [main] org.apache.catalina.startup.HostConfig.deployDirectory Deploying web application directory [/home/moni/Desktop/apache-tomcat-9.0.85/webapps/examples]
15-Apr-2026 11:39:21.992 INFO [main] org.apache.catalina.startup.HostConfig.deployDirectory Deployment of web application directory [/home/moni/Desktop/apache-tomcat-9.0.85/webapps/examples] has finished in [968] ms
15-Apr-2026 11:39:21.996 INFO [main] org.apache.catalina.startup.HostConfig.deployDirectory Deploying web application directory [/home/moni/Desktop/apache-tomcat-9.0.85/webapps/ROOT]
15-Apr-2026 11:39:22.060 INFO [main] org.apache.catalina.startup.HostConfig.deployDirectory Deployment of web application directory [/home/moni/Desktop/apache-tomcat-9.0.85/webapps/ROOT] has finished in [64] ms
15-Apr-2026 11:39:22.061 INFO [main] org.apache.catalina.startup.HostConfig.deployDirectory Deploying web application directory [/home/moni/Desktop/apache-tomcat-9.0.85/webapps/host-manager]
15-Apr-2026 11:39:22.153 INFO [main] org.apache.catalina.startup.HostConfig.deployDirectory Deployment of web application directory [/home/moni/Desktop/apache-tomcat-9.0.85/webapps/host-manager] has finished in [91] ms
15-Apr-2026 11:39:22.154 INFO [main] org.apache.catalina.startup.HostConfig.deployDirectory Deploying web application directory [/home/moni/Desktop/apache-tomcat-9.0.85/webapps/manager]
15-Apr-2026 11:39:22.249 INFO [main] org.apache.catalina.startup.HostConfig.deployDirectory Deployment of web application directory [/home/moni/Desktop/apache-tomcat-9.0.85/webapps/manager] has finished in [94] ms
15-Apr-2026 11:39:22.250 INFO [main] org.apache.catalina.startup.HostConfig.deployDirectory Deploying web application directory [/home/moni/Desktop/apache-tomcat-9.0.85/webapps/docs]
15-Apr-2026 11:39:22.319 INFO [main] org.apache.catalina.startup.HostConfig.deployDirectory Deployment of web application directory [/home/moni/Desktop/apache-tomcat-9.0.85/webapps/docs] has finished in [67] ms
15-Apr-2026 11:39:22.335 INFO [main] org.apache.catalina.startup.Catalina.start Server startup in [38799] milliseconds
15-Apr-2026 11:50:42.393 INFO [main] org.apache.catalina.core.StandardServer.await A valid shutdown command was received via the shutdown port. Stopping the Server instance.
15-Apr-2026 11:50:42.424 INFO [main] org.apache.coyote.AbstractProtocol.pause Pausing ProtocolHandler ["http-nio-8082"]
15-Apr-2026 11:50:42.426 INFO [main] org.apache.catalina.core.StandardService.stopInternal Stopping service [Catalina]
15-Apr-2026 11:50:42.747 INFO [main] org.apache.coyote.AbstractProtocol.stop Stopping ProtocolHandler ["http-nio-8082"]
15-Apr-2026 11:50:42.808 INFO [main] org.apache.coyote.AbstractProtocol.destroy Destroying ProtocolHandler ["http-nio-8082"]
15-Apr-2026 11:50:55.218 INFO [main] org.apache.catalina.startup.VersionLoggerListener.log Server version name:   Apache Tomcat/9.0.85
15-Apr-2026 11:50:55.247 INFO [main] org.apache.catalina.startup.VersionLoggerListener.log Server built:          Jan 5 2024 08:28:07 UTC
15-Apr-2026 11:50:55.248 INFO [main] org.apache.catalina.startup.VersionLoggerListener.log Server version number: 9.0.85.0
15-Apr-2026 11:50:55.248 INFO [main] org.apache.catalina.startup.VersionLoggerListener.log OS Name:               Linux
15-Apr-2026 11:50:55.249 INFO [main] org.apache.catalina.startup.VersionLoggerListener.log OS Version:            5.15.0-139-generic
15-Apr-2026 11:50:55.249 INFO [main] org.apache.catalina.startup.VersionLoggerListener.log Architecture:          amd64
15-Apr-2026 11:50:55.250 INFO [main] org.apache.catalina.startup.VersionLoggerListener.log Java Home:             /usr/lib/jvm/java-17-openjdk-amd64
15-Apr-2026 11:50:55.250 INFO [main] org.apache.catalina.startup.VersionLoggerListener.log JVM Version:           17.0.15+6-Ubuntu-0ubuntu120.04
15-Apr-2026 11:50:55.251 INFO [main] org.apache.catalina.startup.VersionLoggerListener.log JVM Vendor:            Ubuntu
15-Apr-2026 11:50:55.251 INFO [main] org.apache.catalina.startup.VersionLoggerListener.log CATALINA_BASE:         /home/moni/Desktop/apache-tomcat-9.0.85
15-Apr-2026 11:50:55.252 INFO [main] org.apache.catalina.startup.VersionLoggerListener.log CATALINA_HOME:         /home/moni/Desktop/apache-tomcat-9.0.85
15-Apr-2026 11:50:55.349 INFO [main] org.apache.catalina.startup.VersionLoggerListener.log Command line argument: --add-opens=java.base/java.lang=ALL-UNNAMED
15-Apr-2026 11:50:55.351 INFO [main] org.apache.catalina.startup.VersionLoggerListener.log Command line argument: --add-opens=java.base/java.io=ALL-UNNAMED
15-Apr-2026 11:50:55.351 INFO [main] org.apache.catalina.startup.VersionLoggerListener.log Command line argument: --add-opens=java.base/java.util=ALL-UNNAMED
15-Apr-2026 11:50:55.351 INFO [main] org.apache.catalina.startup.VersionLoggerListener.log Command line argument: --add-opens=java.base/java.util.concurrent=ALL-UNNAMED
15-Apr-2026 11:50:55.353 INFO [main] org.apache.catalina.startup.VersionLoggerListener.log Command line argument: --add-opens=java.rmi/sun.rmi.transport=ALL-UNNAMED
15-Apr-2026 11:50:55.353 INFO [main] org.apache.catalina.startup.VersionLoggerListener.log Command line argument: -Djava.util.logging.config.file=/home/moni/Desktop/apache-tomcat-9.0.85/conf/logging.properties
15-Apr-2026 11:50:55.354 INFO [main] org.apache.catalina.startup.VersionLoggerListener.log Command line argument: -Djava.util.logging.manager=org.apache.juli.ClassLoaderLogManager
15-Apr-2026 11:50:55.355 INFO [main] org.apache.catalina.startup.VersionLoggerListener.log Command line argument: -Djdk.tls.ephemeralDHKeySize=2048
15-Apr-2026 11:50:55.355 INFO [main] org.apache.catalina.startup.VersionLoggerListener.log Command line argument: -Djava.protocol.handler.pkgs=org.apache.catalina.webresources
15-Apr-2026 11:50:55.356 INFO [main] org.apache.catalina.startup.VersionLoggerListener.log Command line argument: -Dorg.apache.catalina.security.SecurityListener.UMASK=0027
15-Apr-2026 11:50:55.356 INFO [main] org.apache.catalina.startup.VersionLoggerListener.log Command line argument: -Dignore.endorsed.dirs=
15-Apr-2026 11:50:55.357 INFO [main] org.apache.catalina.startup.VersionLoggerListener.log Command line argument: -Dcatalina.base=/home/moni/Desktop/apache-tomcat-9.0.85
15-Apr-2026 11:50:55.357 INFO [main] org.apache.catalina.startup.VersionLoggerListener.log Command line argument: -Dcatalina.home=/home/moni/Desktop/apache-tomcat-9.0.85
15-Apr-2026 11:50:55.358 INFO [main] org.apache.catalina.startup.VersionLoggerListener.log Command line argument: -Djava.io.tmpdir=/home/moni/Desktop/apache-tomcat-9.0.85/temp
15-Apr-2026 11:50:55.371 INFO [main] org.apache.catalina.core.AprLifecycleListener.lifecycleEvent The Apache Tomcat Native library which allows using OpenSSL was not found on the java.library.path: [/usr/java/packages/lib:/usr/lib/x86_64-linux-gnu/jni:/lib/x86_64-linux-gnu:/usr/lib/x86_64-linux-gnu:/usr/lib/jni:/lib:/usr/lib]
15-Apr-2026 11:50:57.351 INFO [main] org.apache.coyote.AbstractProtocol.init Initializing ProtocolHandler ["http-nio-8082"]
15-Apr-2026 11:50:57.405 SEVERE [main] org.apache.catalina.util.LifecycleBase.handleSubClassException Failed to initialize component [Connector["http-nio-8082"]]
	org.apache.catalina.LifecycleException: Protocol handler initialization failed
		at org.apache.catalina.connector.Connector.initInternal(Connector.java:1011)
		at org.apache.catalina.util.LifecycleBase.init(LifecycleBase.java:127)
		at org.apache.catalina.core.StandardService.initInternal(StandardService.java:554)
		at org.apache.catalina.util.LifecycleBase.init(LifecycleBase.java:127)
		at org.apache.catalina.core.StandardServer.initInternal(StandardServer.java:1039)
		at org.apache.catalina.util.LifecycleBase.init(LifecycleBase.java:127)
		at org.apache.catalina.startup.Catalina.load(Catalina.java:724)
		at org.apache.catalina.startup.Catalina.load(Catalina.java:746)
		at java.base/jdk.internal.reflect.NativeMethodAccessorImpl.invoke0(Native Method)
		at java.base/jdk.internal.reflect.NativeMethodAccessorImpl.invoke(NativeMethodAccessorImpl.java:77)
		at java.base/jdk.internal.reflect.DelegatingMethodAccessorImpl.invoke(DelegatingMethodAccessorImpl.java:43)
		at java.base/java.lang.reflect.Method.invoke(Method.java:569)
		at org.apache.catalina.startup.Bootstrap.load(Bootstrap.java:307)
		at org.apache.catalina.startup.Bootstrap.main(Bootstrap.java:477)
	Caused by: java.net.BindException: Address already in use
		at java.base/sun.nio.ch.Net.bind0(Native Method)
		at java.base/sun.nio.ch.Net.bind(Net.java:555)
		at java.base/sun.nio.ch.ServerSocketChannelImpl.netBind(ServerSocketChannelImpl.java:337)
		at java.base/sun.nio.ch.ServerSocketChannelImpl.bind(ServerSocketChannelImpl.java:294)
		at org.apache.tomcat.util.net.NioEndpoint.initServerSocket(NioEndpoint.java:276)
		at org.apache.tomcat.util.net.NioEndpoint.bind(NioEndpoint.java:231)
		at org.apache.tomcat.util.net.AbstractEndpoint.bindWithCleanup(AbstractEndpoint.java:1332)
		at org.apache.tomcat.util.net.AbstractEndpoint.init(AbstractEndpoint.java:1345)
		at org.apache.coyote.AbstractProtocol.init(AbstractProtocol.java:654)
		at org.apache.coyote.http11.AbstractHttp11Protocol.init(AbstractHttp11Protocol.java:75)
		at org.apache.catalina.connector.Connector.initInternal(Connector.java:1009)
		... 13 more
15-Apr-2026 11:50:57.409 INFO [main] org.apache.catalina.startup.Catalina.load Server initialization in [3806] milliseconds
15-Apr-2026 11:50:57.596 INFO [main] org.apache.catalina.core.StandardService.startInternal Starting service [Catalina]
15-Apr-2026 11:50:57.597 INFO [main] org.apache.catalina.core.StandardEngine.startInternal Starting Servlet engine: [Apache Tomcat/9.0.85]
15-Apr-2026 11:50:57.675 INFO [main] org.apache.catalina.startup.HostConfig.deployWAR Deploying web application archive [/home/moni/Desktop/apache-tomcat-9.0.85/webapps/jenkins.war]
15-Apr-2026 11:50:59.231 WARNING [main] org.apache.tomcat.util.descriptor.web.WebXml.setVersion Unknown version string [5.0]. Default version will be used.
15-Apr-2026 11:51:18.085 INFO [main] org.apache.jasper.servlet.TldScanner.scanJars At least one JAR was scanned for TLDs yet contained no TLDs. Enable debug logging for this logger for a complete list of JARs that were scanned but no TLDs were found in them. Skipping unneeded JARs during scanning can improve startup time and JSP compilation time.
15-Apr-2026 11:51:18.105 SEVERE [main] org.apache.catalina.core.StandardContext.startInternal One or more listeners failed to start. Full details will be found in the appropriate container log file
15-Apr-2026 11:51:18.160 SEVERE [main] org.apache.catalina.core.StandardContext.startInternal Context [/jenkins] startup failed due to previous errors
15-Apr-2026 11:51:18.216 INFO [main] org.apache.catalina.startup.HostConfig.deployWAR Deployment of web application archive [/home/moni/Desktop/apache-tomcat-9.0.85/webapps/jenkins.war] has finished in [20,537] ms
15-Apr-2026 11:51:18.218 INFO [main] org.apache.catalina.startup.HostConfig.deployDirectory Deploying web application directory [/home/moni/Desktop/apache-tomcat-9.0.85/webapps/Amazon]
15-Apr-2026 11:51:32.131 INFO [main] org.apache.jasper.servlet.TldScanner.scanJars At least one JAR was scanned for TLDs yet contained no TLDs. Enable debug logging for this logger for a complete list of JARs that were scanned but no TLDs were found in them. Skipping unneeded JARs during scanning can improve startup time and JSP compilation time.
15-Apr-2026 11:51:32.221 INFO [main] org.apache.catalina.startup.HostConfig.deployDirectory Deployment of web application directory [/home/moni/Desktop/apache-tomcat-9.0.85/webapps/Amazon] has finished in [14,003] ms
15-Apr-2026 11:51:32.222 INFO [main] org.apache.catalina.startup.HostConfig.deployDirectory Deploying web application directory [/home/moni/Desktop/apache-tomcat-9.0.85/webapps/examples]
15-Apr-2026 11:51:32.838 INFO [main] org.apache.catalina.startup.HostConfig.deployDirectory Deployment of web application directory [/home/moni/Desktop/apache-tomcat-9.0.85/webapps/examples] has finished in [615] ms
15-Apr-2026 11:51:32.839 INFO [main] org.apache.catalina.startup.HostConfig.deployDirectory Deploying web application directory [/home/moni/Desktop/apache-tomcat-9.0.85/webapps/ROOT]
15-Apr-2026 11:51:32.884 INFO [main] org.apache.catalina.startup.HostConfig.deployDirectory Deployment of web application directory [/home/moni/Desktop/apache-tomcat-9.0.85/webapps/ROOT] has finished in [45] ms
15-Apr-2026 11:51:32.885 INFO [main] org.apache.catalina.startup.HostConfig.deployDirectory Deploying web application directory [/home/moni/Desktop/apache-tomcat-9.0.85/webapps/host-manager]
15-Apr-2026 11:51:32.957 INFO [main] org.apache.catalina.startup.HostConfig.deployDirectory Deployment of web application directory [/home/moni/Desktop/apache-tomcat-9.0.85/webapps/host-manager] has finished in [72] ms
15-Apr-2026 11:51:32.958 INFO [main] org.apache.catalina.startup.HostConfig.deployDirectory Deploying web application directory [/home/moni/Desktop/apache-tomcat-9.0.85/webapps/manager]
15-Apr-2026 11:51:33.020 INFO [main] org.apache.catalina.startup.HostConfig.deployDirectory Deployment of web application directory [/home/moni/Desktop/apache-tomcat-9.0.85/webapps/manager] has finished in [62] ms
15-Apr-2026 11:51:33.021 INFO [main] org.apache.catalina.startup.HostConfig.deployDirectory Deploying web application directory [/home/moni/Desktop/apache-tomcat-9.0.85/webapps/docs]
15-Apr-2026 11:51:33.070 INFO [main] org.apache.catalina.startup.HostConfig.deployDirectory Deployment of web application directory [/home/moni/Desktop/apache-tomcat-9.0.85/webapps/docs] has finished in [49] ms
15-Apr-2026 11:51:33.081 INFO [main] org.apache.catalina.startup.Catalina.start Server startup in [35671] milliseconds
15-Apr-2026 11:53:30.292 INFO [main] org.apache.catalina.core.StandardServer.await A valid shutdown command was received via the shutdown port. Stopping the Server instance.
15-Apr-2026 11:53:30.295 INFO [main] org.apache.coyote.AbstractProtocol.pause Pausing ProtocolHandler ["http-nio-8082"]
15-Apr-2026 11:53:30.296 INFO [main] org.apache.catalina.core.StandardService.stopInternal Stopping service [Catalina]
15-Apr-2026 11:53:30.356 INFO [main] org.apache.coyote.AbstractProtocol.stop Stopping ProtocolHandler ["http-nio-8082"]
15-Apr-2026 11:53:30.362 INFO [main] org.apache.coyote.AbstractProtocol.destroy Destroying ProtocolHandler ["http-nio-8082"]
15-Apr-2026 11:59:31.095 INFO [main] org.apache.catalina.startup.VersionLoggerListener.log Server version name:   Apache Tomcat/9.0.85
15-Apr-2026 11:59:31.107 INFO [main] org.apache.catalina.startup.VersionLoggerListener.log Server built:          Jan 5 2024 08:28:07 UTC
15-Apr-2026 11:59:31.110 INFO [main] org.apache.catalina.startup.VersionLoggerListener.log Server version number: 9.0.85.0
15-Apr-2026 11:59:31.110 INFO [main] org.apache.catalina.startup.VersionLoggerListener.log OS Name:               Linux
15-Apr-2026 11:59:31.112 INFO [main] org.apache.catalina.startup.VersionLoggerListener.log OS Version:            5.15.0-139-generic
15-Apr-2026 11:59:31.112 INFO [main] org.apache.catalina.startup.VersionLoggerListener.log Architecture:          amd64
15-Apr-2026 11:59:31.112 INFO [main] org.apache.catalina.startup.VersionLoggerListener.log Java Home:             /usr/lib/jvm/java-17-openjdk-amd64
15-Apr-2026 11:59:31.113 INFO [main] org.apache.catalina.startup.VersionLoggerListener.log JVM Version:           17.0.15+6-Ubuntu-0ubuntu120.04
15-Apr-2026 11:59:31.113 INFO [main] org.apache.catalina.startup.VersionLoggerListener.log JVM Vendor:            Ubuntu
15-Apr-2026 11:59:31.113 INFO [main] org.apache.catalina.startup.VersionLoggerListener.log CATALINA_BASE:         /home/moni/Desktop/apache-tomcat-9.0.85
15-Apr-2026 11:59:31.114 INFO [main] org.apache.catalina.startup.VersionLoggerListener.log CATALINA_HOME:         /home/moni/Desktop/apache-tomcat-9.0.85
15-Apr-2026 11:59:31.145 INFO [main] org.apache.catalina.startup.VersionLoggerListener.log Command line argument: --add-opens=java.base/java.lang=ALL-UNNAMED
15-Apr-2026 11:59:31.147 INFO [main] org.apache.catalina.startup.VersionLoggerListener.log Command line argument: --add-opens=java.base/java.io=ALL-UNNAMED
15-Apr-2026 11:59:31.149 INFO [main] org.apache.catalina.startup.VersionLoggerListener.log Command line argument: --add-opens=java.base/java.util=ALL-UNNAMED
15-Apr-2026 11:59:31.149 INFO [main] org.apache.catalina.startup.VersionLoggerListener.log Command line argument: --add-opens=java.base/java.util.concurrent=ALL-UNNAMED
15-Apr-2026 11:59:31.149 INFO [main] org.apache.catalina.startup.VersionLoggerListener.log Command line argument: --add-opens=java.rmi/sun.rmi.transport=ALL-UNNAMED
15-Apr-2026 11:59:31.150 INFO [main] org.apache.catalina.startup.VersionLoggerListener.log Command line argument: -Djava.util.logging.config.file=/home/moni/Desktop/apache-tomcat-9.0.85/conf/logging.properties
15-Apr-2026 11:59:31.150 INFO [main] org.apache.catalina.startup.VersionLoggerListener.log Command line argument: -Djava.util.logging.manager=org.apache.juli.ClassLoaderLogManager
15-Apr-2026 11:59:31.151 INFO [main] org.apache.catalina.startup.VersionLoggerListener.log Command line argument: -Djdk.tls.ephemeralDHKeySize=2048
15-Apr-2026 11:59:31.151 INFO [main] org.apache.catalina.startup.VersionLoggerListener.log Command line argument: -Djava.protocol.handler.pkgs=org.apache.catalina.webresources
15-Apr-2026 11:59:31.151 INFO [main] org.apache.catalina.startup.VersionLoggerListener.log Command line argument: -Dorg.apache.catalina.security.SecurityListener.UMASK=0027
15-Apr-2026 11:59:31.152 INFO [main] org.apache.catalina.startup.VersionLoggerListener.log Command line argument: -Dignore.endorsed.dirs=
15-Apr-2026 11:59:31.152 INFO [main] org.apache.catalina.startup.VersionLoggerListener.log Command line argument: -Dcatalina.base=/home/moni/Desktop/apache-tomcat-9.0.85
15-Apr-2026 11:59:31.153 INFO [main] org.apache.catalina.startup.VersionLoggerListener.log Command line argument: -Dcatalina.home=/home/moni/Desktop/apache-tomcat-9.0.85
15-Apr-2026 11:59:31.153 INFO [main] org.apache.catalina.startup.VersionLoggerListener.log Command line argument: -Djava.io.tmpdir=/home/moni/Desktop/apache-tomcat-9.0.85/temp
15-Apr-2026 11:59:31.162 INFO [main] org.apache.catalina.core.AprLifecycleListener.lifecycleEvent The Apache Tomcat Native library which allows using OpenSSL was not found on the java.library.path: [/usr/java/packages/lib:/usr/lib/x86_64-linux-gnu/jni:/lib/x86_64-linux-gnu:/usr/lib/x86_64-linux-gnu:/usr/lib/jni:/lib:/usr/lib]
15-Apr-2026 11:59:32.196 INFO [main] org.apache.coyote.AbstractProtocol.init Initializing ProtocolHandler ["http-nio-8082"]
15-Apr-2026 11:59:32.267 INFO [main] org.apache.catalina.startup.Catalina.load Server initialization in [1809] milliseconds
15-Apr-2026 11:59:32.421 INFO [main] org.apache.catalina.core.StandardService.startInternal Starting service [Catalina]
15-Apr-2026 11:59:32.422 INFO [main] org.apache.catalina.core.StandardEngine.startInternal Starting Servlet engine: [Apache Tomcat/9.0.85]
15-Apr-2026 11:59:32.483 INFO [main] org.apache.catalina.startup.HostConfig.deployWAR Deploying web application archive [/home/moni/Desktop/apache-tomcat-9.0.85/webapps/jenkins.war]
15-Apr-2026 11:59:33.561 WARNING [main] org.apache.tomcat.util.descriptor.web.WebXml.setVersion Unknown version string [5.0]. Default version will be used.
15-Apr-2026 11:59:42.711 INFO [main] org.apache.jasper.servlet.TldScanner.scanJars At least one JAR was scanned for TLDs yet contained no TLDs. Enable debug logging for this logger for a complete list of JARs that were scanned but no TLDs were found in them. Skipping unneeded JARs during scanning can improve startup time and JSP compilation time.
15-Apr-2026 11:59:42.727 SEVERE [main] org.apache.catalina.core.StandardContext.startInternal One or more listeners failed to start. Full details will be found in the appropriate container log file
15-Apr-2026 11:59:42.775 SEVERE [main] org.apache.catalina.core.StandardContext.startInternal Context [/jenkins] startup failed due to previous errors
15-Apr-2026 11:59:42.846 INFO [main] org.apache.catalina.startup.HostConfig.deployWAR Deployment of web application archive [/home/moni/Desktop/apache-tomcat-9.0.85/webapps/jenkins.war] has finished in [10,355] ms
15-Apr-2026 11:59:42.850 INFO [main] org.apache.catalina.startup.HostConfig.deployDirectory Deploying web application directory [/home/moni/Desktop/apache-tomcat-9.0.85/webapps/Amazon]
15-Apr-2026 12:00:04.243 INFO [main] org.apache.jasper.servlet.TldScanner.scanJars At least one JAR was scanned for TLDs yet contained no TLDs. Enable debug logging for this logger for a complete list of JARs that were scanned but no TLDs were found in them. Skipping unneeded JARs during scanning can improve startup time and JSP compilation time.
15-Apr-2026 12:00:04.652 INFO [main] org.apache.catalina.startup.HostConfig.deployDirectory Deployment of web application directory [/home/moni/Desktop/apache-tomcat-9.0.85/webapps/Amazon] has finished in [21,800] ms
15-Apr-2026 12:00:04.654 INFO [main] org.apache.catalina.startup.HostConfig.deployDirectory Deploying web application directory [/home/moni/Desktop/apache-tomcat-9.0.85/webapps/examples]
15-Apr-2026 12:00:05.579 INFO [main] org.apache.catalina.startup.HostConfig.deployDirectory Deployment of web application directory [/home/moni/Desktop/apache-tomcat-9.0.85/webapps/examples] has finished in [925] ms
15-Apr-2026 12:00:05.580 INFO [main] org.apache.catalina.startup.HostConfig.deployDirectory Deploying web application directory [/home/moni/Desktop/apache-tomcat-9.0.85/webapps/ROOT]
15-Apr-2026 12:00:05.653 INFO [main] org.apache.catalina.startup.HostConfig.deployDirectory Deployment of web application directory [/home/moni/Desktop/apache-tomcat-9.0.85/webapps/ROOT] has finished in [72] ms
15-Apr-2026 12:00:05.654 INFO [main] org.apache.catalina.startup.HostConfig.deployDirectory Deploying web application directory [/home/moni/Desktop/apache-tomcat-9.0.85/webapps/host-manager]
15-Apr-2026 12:00:05.756 INFO [main] org.apache.catalina.startup.HostConfig.deployDirectory Deployment of web application directory [/home/moni/Desktop/apache-tomcat-9.0.85/webapps/host-manager] has finished in [101] ms
15-Apr-2026 12:00:05.757 INFO [main] org.apache.catalina.startup.HostConfig.deployDirectory Deploying web application directory [/home/moni/Desktop/apache-tomcat-9.0.85/webapps/manager]
15-Apr-2026 12:00:05.851 INFO [main] org.apache.catalina.startup.HostConfig.deployDirectory Deployment of web application directory [/home/moni/Desktop/apache-tomcat-9.0.85/webapps/manager] has finished in [94] ms
15-Apr-2026 12:00:05.852 INFO [main] org.apache.catalina.startup.HostConfig.deployDirectory Deploying web application directory [/home/moni/Desktop/apache-tomcat-9.0.85/webapps/docs]
15-Apr-2026 12:00:05.924 INFO [main] org.apache.catalina.startup.HostConfig.deployDirectory Deployment of web application directory [/home/moni/Desktop/apache-tomcat-9.0.85/webapps/docs] has finished in [71] ms
15-Apr-2026 12:00:05.944 INFO [main] org.apache.coyote.AbstractProtocol.start Starting ProtocolHandler ["http-nio-8082"]
15-Apr-2026 12:00:06.016 INFO [main] org.apache.catalina.startup.Catalina.start Server startup in [33748] milliseconds
15-Apr-2026 12:01:02.682 INFO [main] org.apache.catalina.core.StandardServer.await A valid shutdown command was received via the shutdown port. Stopping the Server instance.
15-Apr-2026 12:01:02.691 INFO [main] org.apache.coyote.AbstractProtocol.pause Pausing ProtocolHandler ["http-nio-8082"]
15-Apr-2026 12:01:02.726 INFO [main] org.apache.catalina.core.StandardService.stopInternal Stopping service [Catalina]
15-Apr-2026 12:01:02.821 INFO [main] org.apache.coyote.AbstractProtocol.stop Stopping ProtocolHandler ["http-nio-8082"]
15-Apr-2026 12:01:02.876 INFO [main] org.apache.coyote.AbstractProtocol.destroy Destroying ProtocolHandler ["http-nio-8082"]
