15-Apr-2026 09:21:44.787 SEVERE [main] org.apache.catalina.core.StandardContext.listenerStart Error configuring application listener of class [jenkins.util.SystemProperties$Listener]
	java.lang.NoClassDefFoundError: jakarta/servlet/ServletContextListener
		at java.base/java.lang.ClassLoader.defineClass1(Native Method)
		at java.base/java.lang.ClassLoader.defineClass(ClassLoader.java:1017)
		at java.base/java.security.SecureClassLoader.defineClass(SecureClassLoader.java:150)
		at org.apache.catalina.loader.WebappClassLoaderBase.findClassInternal(WebappClassLoaderBase.java:2337)
		at org.apache.catalina.loader.WebappClassLoaderBase.findClass(WebappClassLoaderBase.java:810)
		at org.apache.catalina.loader.WebappClassLoaderBase.loadClass(WebappClassLoaderBase.java:1293)
		at org.apache.catalina.loader.WebappClassLoaderBase.loadClass(WebappClassLoaderBase.java:1141)
		at org.apache.catalina.core.DefaultInstanceManager.loadClass(DefaultInstanceManager.java:488)
		at org.apache.catalina.core.DefaultInstanceManager.loadClassMaybePrivileged(DefaultInstanceManager.java:470)
		at org.apache.catalina.core.DefaultInstanceManager.newInstance(DefaultInstanceManager.java:142)
		at org.apache.catalina.core.StandardContext.listenerStart(StandardContext.java:4389)
		at org.apache.catalina.core.StandardContext.startInternal(StandardContext.java:4914)
		at org.apache.catalina.util.LifecycleBase.start(LifecycleBase.java:171)
		at org.apache.catalina.core.ContainerBase.addChildInternal(ContainerBase.java:683)
		at org.apache.catalina.core.ContainerBase.addChild(ContainerBase.java:658)
		at org.apache.catalina.core.StandardHost.addChild(StandardHost.java:661)
		at org.apache.catalina.startup.HostConfig.deployWAR(HostConfig.java:1025)
		at org.apache.catalina.startup.HostConfig$DeployWar.run(HostConfig.java:1919)
		at java.base/java.util.concurrent.Executors$RunnableAdapter.call(Executors.java:539)
		at java.base/java.util.concurrent.FutureTask.run(FutureTask.java:264)
		at org.apache.tomcat.util.threads.InlineExecutorService.execute(InlineExecutorService.java:75)
		at java.base/java.util.concurrent.AbstractExecutorService.submit(AbstractExecutorService.java:123)
		at org.apache.catalina.startup.HostConfig.deployWARs(HostConfig.java:826)
		at org.apache.catalina.startup.HostConfig.deployApps(HostConfig.java:476)
		at org.apache.catalina.startup.HostConfig.start(HostConfig.java:1619)
		at org.apache.catalina.startup.HostConfig.lifecycleEvent(HostConfig.java:318)
		at org.apache.catalina.util.LifecycleBase.fireLifecycleEvent(LifecycleBase.java:114)
		at org.apache.catalina.util.LifecycleBase.setStateInternal(LifecycleBase.java:402)
		at org.apache.catalina.util.LifecycleBase.setState(LifecycleBase.java:345)
		at org.apache.catalina.core.ContainerBase.startInternal(ContainerBase.java:893)
		at org.apache.catalina.core.StandardHost.startInternal(StandardHost.java:794)
		at org.apache.catalina.util.LifecycleBase.start(LifecycleBase.java:171)
		at org.apache.catalina.core.ContainerBase$StartChild.call(ContainerBase.java:1332)
		at org.apache.catalina.core.ContainerBase$StartChild.call(ContainerBase.java:1322)
		at java.base/java.util.concurrent.FutureTask.run(FutureTask.java:264)
		at org.apache.tomcat.util.threads.InlineExecutorService.execute(InlineExecutorService.java:75)
		at java.base/java.util.concurrent.AbstractExecutorService.submit(AbstractExecutorService.java:145)
		at org.apache.catalina.core.ContainerBase.startInternal(ContainerBase.java:866)
		at org.apache.catalina.core.StandardEngine.startInternal(StandardEngine.java:248)
		at org.apache.catalina.util.LifecycleBase.start(LifecycleBase.java:171)
		at org.apache.catalina.core.StandardService.startInternal(StandardService.java:433)
		at org.apache.catalina.util.LifecycleBase.start(LifecycleBase.java:171)
		at org.apache.catalina.core.StandardServer.startInternal(StandardServer.java:921)
		at org.apache.catalina.util.LifecycleBase.start(LifecycleBase.java:171)
		at org.apache.catalina.startup.Catalina.start(Catalina.java:772)
		at java.base/jdk.internal.reflect.NativeMethodAccessorImpl.invoke0(Native Method)
		at java.base/jdk.internal.reflect.NativeMethodAccessorImpl.invoke(NativeMethodAccessorImpl.java:77)
		at java.base/jdk.internal.reflect.DelegatingMethodAccessorImpl.invoke(DelegatingMethodAccessorImpl.java:43)
		at java.base/java.lang.reflect.Method.invoke(Method.java:569)
		at org.apache.catalina.startup.Bootstrap.start(Bootstrap.java:347)
		at org.apache.catalina.startup.Bootstrap.main(Bootstrap.java:478)
	Caused by: java.lang.ClassNotFoundException: jakarta.servlet.ServletContextListener
		at org.apache.catalina.loader.WebappClassLoaderBase.loadClass(WebappClassLoaderBase.java:1329)
		at org.apache.catalina.loader.WebappClassLoaderBase.loadClass(WebappClassLoaderBase.java:1141)
		... 51 more
15-Apr-2026 09:21:44.792 SEVERE [main] org.apache.catalina.core.StandardContext.listenerStart Error configuring application listener of class [hudson.WebAppMain]
	java.lang.NoClassDefFoundError: jakarta/servlet/ServletContextListener
		at java.base/java.lang.ClassLoader.defineClass1(Native Method)
		at java.base/java.lang.ClassLoader.defineClass(ClassLoader.java:1017)
		at java.base/java.security.SecureClassLoader.defineClass(SecureClassLoader.java:150)
		at org.apache.catalina.loader.WebappClassLoaderBase.findClassInternal(WebappClassLoaderBase.java:2337)
		at org.apache.catalina.loader.WebappClassLoaderBase.findClass(WebappClassLoaderBase.java:810)
		at org.apache.catalina.loader.WebappClassLoaderBase.loadClass(WebappClassLoaderBase.java:1293)
		at org.apache.catalina.loader.WebappClassLoaderBase.loadClass(WebappClassLoaderBase.java:1141)
		at org.apache.catalina.core.DefaultInstanceManager.loadClass(DefaultInstanceManager.java:488)
		at org.apache.catalina.core.DefaultInstanceManager.loadClassMaybePrivileged(DefaultInstanceManager.java:470)
		at org.apache.catalina.core.DefaultInstanceManager.newInstance(DefaultInstanceManager.java:142)
		at org.apache.catalina.core.StandardContext.listenerStart(StandardContext.java:4389)
		at org.apache.catalina.core.StandardContext.startInternal(StandardContext.java:4914)
		at org.apache.catalina.util.LifecycleBase.start(LifecycleBase.java:171)
		at org.apache.catalina.core.ContainerBase.addChildInternal(ContainerBase.java:683)
		at org.apache.catalina.core.ContainerBase.addChild(ContainerBase.java:658)
		at org.apache.catalina.core.StandardHost.addChild(StandardHost.java:661)
		at org.apache.catalina.startup.HostConfig.deployWAR(HostConfig.java:1025)
		at org.apache.catalina.startup.HostConfig$DeployWar.run(HostConfig.java:1919)
		at java.base/java.util.concurrent.Executors$RunnableAdapter.call(Executors.java:539)
		at java.base/java.util.concurrent.FutureTask.run(FutureTask.java:264)
		at org.apache.tomcat.util.threads.InlineExecutorService.execute(InlineExecutorService.java:75)
		at java.base/java.util.concurrent.AbstractExecutorService.submit(AbstractExecutorService.java:123)
		at org.apache.catalina.startup.HostConfig.deployWARs(HostConfig.java:826)
		at org.apache.catalina.startup.HostConfig.deployApps(HostConfig.java:476)
		at org.apache.catalina.startup.HostConfig.start(HostConfig.java:1619)
		at org.apache.catalina.startup.HostConfig.lifecycleEvent(HostConfig.java:318)
		at org.apache.catalina.util.LifecycleBase.fireLifecycleEvent(LifecycleBase.java:114)
		at org.apache.catalina.util.LifecycleBase.setStateInternal(LifecycleBase.java:402)
		at org.apache.catalina.util.LifecycleBase.setState(LifecycleBase.java:345)
		at org.apache.catalina.core.ContainerBase.startInternal(ContainerBase.java:893)
		at org.apache.catalina.core.StandardHost.startInternal(StandardHost.java:794)
		at org.apache.catalina.util.LifecycleBase.start(LifecycleBase.java:171)
		at org.apache.catalina.core.ContainerBase$StartChild.call(ContainerBase.java:1332)
		at org.apache.catalina.core.ContainerBase$StartChild.call(ContainerBase.java:1322)
		at java.base/java.util.concurrent.FutureTask.run(FutureTask.java:264)
		at org.apache.tomcat.util.threads.InlineExecutorService.execute(InlineExecutorService.java:75)
		at java.base/java.util.concurrent.AbstractExecutorService.submit(AbstractExecutorService.java:145)
		at org.apache.catalina.core.ContainerBase.startInternal(ContainerBase.java:866)
		at org.apache.catalina.core.StandardEngine.startInternal(StandardEngine.java:248)
		at org.apache.catalina.util.LifecycleBase.start(LifecycleBase.java:171)
		at org.apache.catalina.core.StandardService.startInternal(StandardService.java:433)
		at org.apache.catalina.util.LifecycleBase.start(LifecycleBase.java:171)
		at org.apache.catalina.core.StandardServer.startInternal(StandardServer.java:921)
		at org.apache.catalina.util.LifecycleBase.start(LifecycleBase.java:171)
		at org.apache.catalina.startup.Catalina.start(Catalina.java:772)
		at java.base/jdk.internal.reflect.NativeMethodAccessorImpl.invoke0(Native Method)
		at java.base/jdk.internal.reflect.NativeMethodAccessorImpl.invoke(NativeMethodAccessorImpl.java:77)
		at java.base/jdk.internal.reflect.DelegatingMethodAccessorImpl.invoke(DelegatingMethodAccessorImpl.java:43)
		at java.base/java.lang.reflect.Method.invoke(Method.java:569)
		at org.apache.catalina.startup.Bootstrap.start(Bootstrap.java:347)
		at org.apache.catalina.startup.Bootstrap.main(Bootstrap.java:478)
	Caused by: java.lang.ClassNotFoundException: jakarta.servlet.ServletContextListener
		at org.apache.catalina.loader.WebappClassLoaderBase.loadClass(WebappClassLoaderBase.java:1329)
		at org.apache.catalina.loader.WebappClassLoaderBase.loadClass(WebappClassLoaderBase.java:1141)
		... 51 more
15-Apr-2026 09:21:44.798 SEVERE [main] org.apache.catalina.core.StandardContext.listenerStart Error configuring application listener of class [jenkins.JenkinsHttpSessionListener]
	java.lang.NoClassDefFoundError: jakarta/servlet/http/HttpSessionListener
		at java.base/java.lang.ClassLoader.defineClass1(Native Method)
		at java.base/java.lang.ClassLoader.defineClass(ClassLoader.java:1017)
		at java.base/java.security.SecureClassLoader.defineClass(SecureClassLoader.java:150)
		at org.apache.catalina.loader.WebappClassLoaderBase.findClassInternal(WebappClassLoaderBase.java:2337)
		at org.apache.catalina.loader.WebappClassLoaderBase.findClass(WebappClassLoaderBase.java:810)
		at org.apache.catalina.loader.WebappClassLoaderBase.loadClass(WebappClassLoaderBase.java:1293)
		at org.apache.catalina.loader.WebappClassLoaderBase.loadClass(WebappClassLoaderBase.java:1141)
		at org.apache.catalina.core.DefaultInstanceManager.loadClass(DefaultInstanceManager.java:488)
		at org.apache.catalina.core.DefaultInstanceManager.loadClassMaybePrivileged(DefaultInstanceManager.java:470)
		at org.apache.catalina.core.DefaultInstanceManager.newInstance(DefaultInstanceManager.java:142)
		at org.apache.catalina.core.StandardContext.listenerStart(StandardContext.java:4389)
		at org.apache.catalina.core.StandardContext.startInternal(StandardContext.java:4914)
		at org.apache.catalina.util.LifecycleBase.start(LifecycleBase.java:171)
		at org.apache.catalina.core.ContainerBase.addChildInternal(ContainerBase.java:683)
		at org.apache.catalina.core.ContainerBase.addChild(ContainerBase.java:658)
		at org.apache.catalina.core.StandardHost.addChild(StandardHost.java:661)
		at org.apache.catalina.startup.HostConfig.deployWAR(HostConfig.java:1025)
		at org.apache.catalina.startup.HostConfig$DeployWar.run(HostConfig.java:1919)
		at java.base/java.util.concurrent.Executors$RunnableAdapter.call(Executors.java:539)
		at java.base/java.util.concurrent.FutureTask.run(FutureTask.java:264)
		at org.apache.tomcat.util.threads.InlineExecutorService.execute(InlineExecutorService.java:75)
		at java.base/java.util.concurrent.AbstractExecutorService.submit(AbstractExecutorService.java:123)
		at org.apache.catalina.startup.HostConfig.deployWARs(HostConfig.java:826)
		at org.apache.catalina.startup.HostConfig.deployApps(HostConfig.java:476)
		at org.apache.catalina.startup.HostConfig.start(HostConfig.java:1619)
		at org.apache.catalina.startup.HostConfig.lifecycleEvent(HostConfig.java:318)
		at org.apache.catalina.util.LifecycleBase.fireLifecycleEvent(LifecycleBase.java:114)
		at org.apache.catalina.util.LifecycleBase.setStateInternal(LifecycleBase.java:402)
		at org.apache.catalina.util.LifecycleBase.setState(LifecycleBase.java:345)
		at org.apache.catalina.core.ContainerBase.startInternal(ContainerBase.java:893)
		at org.apache.catalina.core.StandardHost.startInternal(StandardHost.java:794)
		at org.apache.catalina.util.LifecycleBase.start(LifecycleBase.java:171)
		at org.apache.catalina.core.ContainerBase$StartChild.call(ContainerBase.java:1332)
		at org.apache.catalina.core.ContainerBase$StartChild.call(ContainerBase.java:1322)
		at java.base/java.util.concurrent.FutureTask.run(FutureTask.java:264)
		at org.apache.tomcat.util.threads.InlineExecutorService.execute(InlineExecutorService.java:75)
		at java.base/java.util.concurrent.AbstractExecutorService.submit(AbstractExecutorService.java:145)
		at org.apache.catalina.core.ContainerBase.startInternal(ContainerBase.java:866)
		at org.apache.catalina.core.StandardEngine.startInternal(StandardEngine.java:248)
		at org.apache.catalina.util.LifecycleBase.start(LifecycleBase.java:171)
		at org.apache.catalina.core.StandardService.startInternal(StandardService.java:433)
		at org.apache.catalina.util.LifecycleBase.start(LifecycleBase.java:171)
		at org.apache.catalina.core.StandardServer.startInternal(StandardServer.java:921)
		at org.apache.catalina.util.LifecycleBase.start(LifecycleBase.java:171)
		at org.apache.catalina.startup.Catalina.start(Catalina.java:772)
		at java.base/jdk.internal.reflect.NativeMethodAccessorImpl.invoke0(Native Method)
		at java.base/jdk.internal.reflect.NativeMethodAccessorImpl.invoke(NativeMethodAccessorImpl.java:77)
		at java.base/jdk.internal.reflect.DelegatingMethodAccessorImpl.invoke(DelegatingMethodAccessorImpl.java:43)
		at java.base/java.lang.reflect.Method.invoke(Method.java:569)
		at org.apache.catalina.startup.Bootstrap.start(Bootstrap.java:347)
		at org.apache.catalina.startup.Bootstrap.main(Bootstrap.java:478)
	Caused by: java.lang.ClassNotFoundException: jakarta.servlet.http.HttpSessionListener
		at org.apache.catalina.loader.WebappClassLoaderBase.loadClass(WebappClassLoaderBase.java:1329)
		at org.apache.catalina.loader.WebappClassLoaderBase.loadClass(WebappClassLoaderBase.java:1141)
		... 51 more
15-Apr-2026 09:21:44.799 SEVERE [main] org.apache.catalina.core.StandardContext.listenerStart Skipped installing application listeners due to previous error(s)
15-Apr-2026 09:21:56.364 INFO [main] org.apache.catalina.core.ApplicationContext.log No Spring WebApplicationInitializer types detected on classpath
15-Apr-2026 09:21:57.301 INFO [main] org.apache.catalina.core.ApplicationContext.log ContextListener: contextInitialized()
15-Apr-2026 09:21:57.301 INFO [main] org.apache.catalina.core.ApplicationContext.log SessionListener: contextInitialized()
15-Apr-2026 09:21:57.305 INFO [main] org.apache.catalina.core.ApplicationContext.log ContextListener: attributeAdded('StockTicker', 'async.Stockticker@7757fa2')
15-Apr-2026 09:25:50.794 SEVERE [main] org.apache.catalina.core.StandardContext.listenerStart Error configuring application listener of class [jenkins.util.SystemProperties$Listener]
	java.lang.NoClassDefFoundError: jakarta/servlet/ServletContextListener
		at java.base/java.lang.ClassLoader.defineClass1(Native Method)
		at java.base/java.lang.ClassLoader.defineClass(ClassLoader.java:1017)
		at java.base/java.security.SecureClassLoader.defineClass(SecureClassLoader.java:150)
		at org.apache.catalina.loader.WebappClassLoaderBase.findClassInternal(WebappClassLoaderBase.java:2337)
		at org.apache.catalina.loader.WebappClassLoaderBase.findClass(WebappClassLoaderBase.java:810)
		at org.apache.catalina.loader.WebappClassLoaderBase.loadClass(WebappClassLoaderBase.java:1293)
		at org.apache.catalina.loader.WebappClassLoaderBase.loadClass(WebappClassLoaderBase.java:1141)
		at org.apache.catalina.core.DefaultInstanceManager.loadClass(DefaultInstanceManager.java:488)
		at org.apache.catalina.core.DefaultInstanceManager.loadClassMaybePrivileged(DefaultInstanceManager.java:470)
		at org.apache.catalina.core.DefaultInstanceManager.newInstance(DefaultInstanceManager.java:142)
		at org.apache.catalina.core.StandardContext.listenerStart(StandardContext.java:4389)
		at org.apache.catalina.core.StandardContext.startInternal(StandardContext.java:4914)
		at org.apache.catalina.util.LifecycleBase.start(LifecycleBase.java:171)
		at org.apache.catalina.core.ContainerBase.addChildInternal(ContainerBase.java:683)
		at org.apache.catalina.core.ContainerBase.addChild(ContainerBase.java:658)
		at org.apache.catalina.core.StandardHost.addChild(StandardHost.java:661)
		at org.apache.catalina.startup.HostConfig.deployWAR(HostConfig.java:1025)
		at org.apache.catalina.startup.HostConfig$DeployWar.run(HostConfig.java:1919)
		at java.base/java.util.concurrent.Executors$RunnableAdapter.call(Executors.java:539)
		at java.base/java.util.concurrent.FutureTask.run(FutureTask.java:264)
		at org.apache.tomcat.util.threads.InlineExecutorService.execute(InlineExecutorService.java:75)
		at java.base/java.util.concurrent.AbstractExecutorService.submit(AbstractExecutorService.java:123)
		at org.apache.catalina.startup.HostConfig.deployWARs(HostConfig.java:826)
		at org.apache.catalina.startup.HostConfig.deployApps(HostConfig.java:476)
		at org.apache.catalina.startup.HostConfig.start(HostConfig.java:1619)
		at org.apache.catalina.startup.HostConfig.lifecycleEvent(HostConfig.java:318)
		at org.apache.catalina.util.LifecycleBase.fireLifecycleEvent(LifecycleBase.java:114)
		at org.apache.catalina.util.LifecycleBase.setStateInternal(LifecycleBase.java:402)
		at org.apache.catalina.util.LifecycleBase.setState(LifecycleBase.java:345)
		at org.apache.catalina.core.ContainerBase.startInternal(ContainerBase.java:893)
		at org.apache.catalina.core.StandardHost.startInternal(StandardHost.java:794)
		at org.apache.catalina.util.LifecycleBase.start(LifecycleBase.java:171)
		at org.apache.catalina.core.ContainerBase$StartChild.call(ContainerBase.java:1332)
		at org.apache.catalina.core.ContainerBase$StartChild.call(ContainerBase.java:1322)
		at java.base/java.util.concurrent.FutureTask.run(FutureTask.java:264)
		at org.apache.tomcat.util.threads.InlineExecutorService.execute(InlineExecutorService.java:75)
		at java.base/java.util.concurrent.AbstractExecutorService.submit(AbstractExecutorService.java:145)
		at org.apache.catalina.core.ContainerBase.startInternal(ContainerBase.java:866)
		at org.apache.catalina.core.StandardEngine.startInternal(StandardEngine.java:248)
		at org.apache.catalina.util.LifecycleBase.start(LifecycleBase.java:171)
		at org.apache.catalina.core.StandardService.startInternal(StandardService.java:433)
		at org.apache.catalina.util.LifecycleBase.start(LifecycleBase.java:171)
		at org.apache.catalina.core.StandardServer.startInternal(StandardServer.java:921)
		at org.apache.catalina.util.LifecycleBase.start(LifecycleBase.java:171)
		at org.apache.catalina.startup.Catalina.start(Catalina.java:772)
		at java.base/jdk.internal.reflect.NativeMethodAccessorImpl.invoke0(Native Method)
		at java.base/jdk.internal.reflect.NativeMethodAccessorImpl.invoke(NativeMethodAccessorImpl.java:77)
		at java.base/jdk.internal.reflect.DelegatingMethodAccessorImpl.invoke(DelegatingMethodAccessorImpl.java:43)
		at java.base/java.lang.reflect.Method.invoke(Method.java:569)
		at org.apache.catalina.startup.Bootstrap.start(Bootstrap.java:347)
		at org.apache.catalina.startup.Bootstrap.main(Bootstrap.java:478)
	Caused by: java.lang.ClassNotFoundException: jakarta.servlet.ServletContextListener
		at org.apache.catalina.loader.WebappClassLoaderBase.loadClass(WebappClassLoaderBase.java:1329)
		at org.apache.catalina.loader.WebappClassLoaderBase.loadClass(WebappClassLoaderBase.java:1141)
		... 51 more
15-Apr-2026 09:25:50.801 SEVERE [main] org.apache.catalina.core.StandardContext.listenerStart Error configuring application listener of class [hudson.WebAppMain]
	java.lang.NoClassDefFoundError: jakarta/servlet/ServletContextListener
		at java.base/java.lang.ClassLoader.defineClass1(Native Method)
		at java.base/java.lang.ClassLoader.defineClass(ClassLoader.java:1017)
		at java.base/java.security.SecureClassLoader.defineClass(SecureClassLoader.java:150)
		at org.apache.catalina.loader.WebappClassLoaderBase.findClassInternal(WebappClassLoaderBase.java:2337)
		at org.apache.catalina.loader.WebappClassLoaderBase.findClass(WebappClassLoaderBase.java:810)
		at org.apache.catalina.loader.WebappClassLoaderBase.loadClass(WebappClassLoaderBase.java:1293)
		at org.apache.catalina.loader.WebappClassLoaderBase.loadClass(WebappClassLoaderBase.java:1141)
		at org.apache.catalina.core.DefaultInstanceManager.loadClass(DefaultInstanceManager.java:488)
		at org.apache.catalina.core.DefaultInstanceManager.loadClassMaybePrivileged(DefaultInstanceManager.java:470)
		at org.apache.catalina.core.DefaultInstanceManager.newInstance(DefaultInstanceManager.java:142)
		at org.apache.catalina.core.StandardContext.listenerStart(StandardContext.java:4389)
		at org.apache.catalina.core.StandardContext.startInternal(StandardContext.java:4914)
		at org.apache.catalina.util.LifecycleBase.start(LifecycleBase.java:171)
		at org.apache.catalina.core.ContainerBase.addChildInternal(ContainerBase.java:683)
		at org.apache.catalina.core.ContainerBase.addChild(ContainerBase.java:658)
		at org.apache.catalina.core.StandardHost.addChild(StandardHost.java:661)
		at org.apache.catalina.startup.HostConfig.deployWAR(HostConfig.java:1025)
		at org.apache.catalina.startup.HostConfig$DeployWar.run(HostConfig.java:1919)
		at java.base/java.util.concurrent.Executors$RunnableAdapter.call(Executors.java:539)
		at java.base/java.util.concurrent.FutureTask.run(FutureTask.java:264)
		at org.apache.tomcat.util.threads.InlineExecutorService.execute(InlineExecutorService.java:75)
		at java.base/java.util.concurrent.AbstractExecutorService.submit(AbstractExecutorService.java:123)
		at org.apache.catalina.startup.HostConfig.deployWARs(HostConfig.java:826)
		at org.apache.catalina.startup.HostConfig.deployApps(HostConfig.java:476)
		at org.apache.catalina.startup.HostConfig.start(HostConfig.java:1619)
		at org.apache.catalina.startup.HostConfig.lifecycleEvent(HostConfig.java:318)
		at org.apache.catalina.util.LifecycleBase.fireLifecycleEvent(LifecycleBase.java:114)
		at org.apache.catalina.util.LifecycleBase.setStateInternal(LifecycleBase.java:402)
		at org.apache.catalina.util.LifecycleBase.setState(LifecycleBase.java:345)
		at org.apache.catalina.core.ContainerBase.startInternal(ContainerBase.java:893)
		at org.apache.catalina.core.StandardHost.startInternal(StandardHost.java:794)
		at org.apache.catalina.util.LifecycleBase.start(LifecycleBase.java:171)
		at org.apache.catalina.core.ContainerBase$StartChild.call(ContainerBase.java:1332)
		at org.apache.catalina.core.ContainerBase$StartChild.call(ContainerBase.java:1322)
		at java.base/java.util.concurrent.FutureTask.run(FutureTask.java:264)
		at org.apache.tomcat.util.threads.InlineExecutorService.execute(InlineExecutorService.java:75)
		at java.base/java.util.concurrent.AbstractExecutorService.submit(AbstractExecutorService.java:145)
		at org.apache.catalina.core.ContainerBase.startInternal(ContainerBase.java:866)
		at org.apache.catalina.core.StandardEngine.startInternal(StandardEngine.java:248)
		at org.apache.catalina.util.LifecycleBase.start(LifecycleBase.java:171)
		at org.apache.catalina.core.StandardService.startInternal(StandardService.java:433)
		at org.apache.catalina.util.LifecycleBase.start(LifecycleBase.java:171)
		at org.apache.catalina.core.StandardServer.startInternal(StandardServer.java:921)
		at org.apache.catalina.util.LifecycleBase.start(LifecycleBase.java:171)
		at org.apache.catalina.startup.Catalina.start(Catalina.java:772)
		at java.base/jdk.internal.reflect.NativeMethodAccessorImpl.invoke0(Native Method)
		at java.base/jdk.internal.reflect.NativeMethodAccessorImpl.invoke(NativeMethodAccessorImpl.java:77)
		at java.base/jdk.internal.reflect.DelegatingMethodAccessorImpl.invoke(DelegatingMethodAccessorImpl.java:43)
		at java.base/java.lang.reflect.Method.invoke(Method.java:569)
		at org.apache.catalina.startup.Bootstrap.start(Bootstrap.java:347)
		at org.apache.catalina.startup.Bootstrap.main(Bootstrap.java:478)
	Caused by: java.lang.ClassNotFoundException: jakarta.servlet.ServletContextListener
		at org.apache.catalina.loader.WebappClassLoaderBase.loadClass(WebappClassLoaderBase.java:1329)
		at org.apache.catalina.loader.WebappClassLoaderBase.loadClass(WebappClassLoaderBase.java:1141)
		... 51 more
15-Apr-2026 09:25:50.805 SEVERE [main] org.apache.catalina.core.StandardContext.listenerStart Error configuring application listener of class [jenkins.JenkinsHttpSessionListener]
	java.lang.NoClassDefFoundError: jakarta/servlet/http/HttpSessionListener
		at java.base/java.lang.ClassLoader.defineClass1(Native Method)
		at java.base/java.lang.ClassLoader.defineClass(ClassLoader.java:1017)
		at java.base/java.security.SecureClassLoader.defineClass(SecureClassLoader.java:150)
		at org.apache.catalina.loader.WebappClassLoaderBase.findClassInternal(WebappClassLoaderBase.java:2337)
		at org.apache.catalina.loader.WebappClassLoaderBase.findClass(WebappClassLoaderBase.java:810)
		at org.apache.catalina.loader.WebappClassLoaderBase.loadClass(WebappClassLoaderBase.java:1293)
		at org.apache.catalina.loader.WebappClassLoaderBase.loadClass(WebappClassLoaderBase.java:1141)
		at org.apache.catalina.core.DefaultInstanceManager.loadClass(DefaultInstanceManager.java:488)
		at org.apache.catalina.core.DefaultInstanceManager.loadClassMaybePrivileged(DefaultInstanceManager.java:470)
		at org.apache.catalina.core.DefaultInstanceManager.newInstance(DefaultInstanceManager.java:142)
		at org.apache.catalina.core.StandardContext.listenerStart(StandardContext.java:4389)
		at org.apache.catalina.core.StandardContext.startInternal(StandardContext.java:4914)
		at org.apache.catalina.util.LifecycleBase.start(LifecycleBase.java:171)
		at org.apache.catalina.core.ContainerBase.addChildInternal(ContainerBase.java:683)
		at org.apache.catalina.core.ContainerBase.addChild(ContainerBase.java:658)
		at org.apache.catalina.core.StandardHost.addChild(StandardHost.java:661)
		at org.apache.catalina.startup.HostConfig.deployWAR(HostConfig.java:1025)
		at org.apache.catalina.startup.HostConfig$DeployWar.run(HostConfig.java:1919)
		at java.base/java.util.concurrent.Executors$RunnableAdapter.call(Executors.java:539)
		at java.base/java.util.concurrent.FutureTask.run(FutureTask.java:264)
		at org.apache.tomcat.util.threads.InlineExecutorService.execute(InlineExecutorService.java:75)
		at java.base/java.util.concurrent.AbstractExecutorService.submit(AbstractExecutorService.java:123)
		at org.apache.catalina.startup.HostConfig.deployWARs(HostConfig.java:826)
		at org.apache.catalina.startup.HostConfig.deployApps(HostConfig.java:476)
		at org.apache.catalina.startup.HostConfig.start(HostConfig.java:1619)
		at org.apache.catalina.startup.HostConfig.lifecycleEvent(HostConfig.java:318)
		at org.apache.catalina.util.LifecycleBase.fireLifecycleEvent(LifecycleBase.java:114)
		at org.apache.catalina.util.LifecycleBase.setStateInternal(LifecycleBase.java:402)
		at org.apache.catalina.util.LifecycleBase.setState(LifecycleBase.java:345)
		at org.apache.catalina.core.ContainerBase.startInternal(ContainerBase.java:893)
		at org.apache.catalina.core.StandardHost.startInternal(StandardHost.java:794)
		at org.apache.catalina.util.LifecycleBase.start(LifecycleBase.java:171)
		at org.apache.catalina.core.ContainerBase$StartChild.call(ContainerBase.java:1332)
		at org.apache.catalina.core.ContainerBase$StartChild.call(ContainerBase.java:1322)
		at java.base/java.util.concurrent.FutureTask.run(FutureTask.java:264)
		at org.apache.tomcat.util.threads.InlineExecutorService.execute(InlineExecutorService.java:75)
		at java.base/java.util.concurrent.AbstractExecutorService.submit(AbstractExecutorService.java:145)
		at org.apache.catalina.core.ContainerBase.startInternal(ContainerBase.java:866)
		at org.apache.catalina.core.StandardEngine.startInternal(StandardEngine.java:248)
		at org.apache.catalina.util.LifecycleBase.start(LifecycleBase.java:171)
		at org.apache.catalina.core.StandardService.startInternal(StandardService.java:433)
		at org.apache.catalina.util.LifecycleBase.start(LifecycleBase.java:171)
		at org.apache.catalina.core.StandardServer.startInternal(StandardServer.java:921)
		at org.apache.catalina.util.LifecycleBase.start(LifecycleBase.java:171)
		at org.apache.catalina.startup.Catalina.start(Catalina.java:772)
		at java.base/jdk.internal.reflect.NativeMethodAccessorImpl.invoke0(Native Method)
		at java.base/jdk.internal.reflect.NativeMethodAccessorImpl.invoke(NativeMethodAccessorImpl.java:77)
		at java.base/jdk.internal.reflect.DelegatingMethodAccessorImpl.invoke(DelegatingMethodAccessorImpl.java:43)
		at java.base/java.lang.reflect.Method.invoke(Method.java:569)
		at org.apache.catalina.startup.Bootstrap.start(Bootstrap.java:347)
		at org.apache.catalina.startup.Bootstrap.main(Bootstrap.java:478)
	Caused by: java.lang.ClassNotFoundException: jakarta.servlet.http.HttpSessionListener
		at org.apache.catalina.loader.WebappClassLoaderBase.loadClass(WebappClassLoaderBase.java:1329)
		at org.apache.catalina.loader.WebappClassLoaderBase.loadClass(WebappClassLoaderBase.java:1141)
		... 51 more
15-Apr-2026 09:25:50.805 SEVERE [main] org.apache.catalina.core.StandardContext.listenerStart Skipped installing application listeners due to previous error(s)
15-Apr-2026 09:26:00.333 INFO [main] org.apache.catalina.core.ApplicationContext.log No Spring WebApplicationInitializer types detected on classpath
15-Apr-2026 09:26:00.882 INFO [main] org.apache.catalina.core.ApplicationContext.log ContextListener: contextInitialized()
15-Apr-2026 09:26:00.883 INFO [main] org.apache.catalina.core.ApplicationContext.log SessionListener: contextInitialized()
15-Apr-2026 09:26:00.887 INFO [main] org.apache.catalina.core.ApplicationContext.log ContextListener: attributeAdded('StockTicker', 'async.Stockticker@7be3f9b0')
15-Apr-2026 10:16:59.224 SEVERE [main] org.apache.catalina.core.StandardContext.listenerStart Error configuring application listener of class [jenkins.util.SystemProperties$Listener]
	java.lang.NoClassDefFoundError: jakarta/servlet/ServletContextListener
		at java.base/java.lang.ClassLoader.defineClass1(Native Method)
		at java.base/java.lang.ClassLoader.defineClass(ClassLoader.java:1017)
		at java.base/java.security.SecureClassLoader.defineClass(SecureClassLoader.java:150)
		at org.apache.catalina.loader.WebappClassLoaderBase.findClassInternal(WebappClassLoaderBase.java:2337)
		at org.apache.catalina.loader.WebappClassLoaderBase.findClass(WebappClassLoaderBase.java:810)
		at org.apache.catalina.loader.WebappClassLoaderBase.loadClass(WebappClassLoaderBase.java:1293)
		at org.apache.catalina.loader.WebappClassLoaderBase.loadClass(WebappClassLoaderBase.java:1141)
		at org.apache.catalina.core.DefaultInstanceManager.loadClass(DefaultInstanceManager.java:488)
		at org.apache.catalina.core.DefaultInstanceManager.loadClassMaybePrivileged(DefaultInstanceManager.java:470)
		at org.apache.catalina.core.DefaultInstanceManager.newInstance(DefaultInstanceManager.java:142)
		at org.apache.catalina.core.StandardContext.listenerStart(StandardContext.java:4389)
		at org.apache.catalina.core.StandardContext.startInternal(StandardContext.java:4914)
		at org.apache.catalina.util.LifecycleBase.start(LifecycleBase.java:171)
		at org.apache.catalina.core.ContainerBase.addChildInternal(ContainerBase.java:683)
		at org.apache.catalina.core.ContainerBase.addChild(ContainerBase.java:658)
		at org.apache.catalina.core.StandardHost.addChild(StandardHost.java:661)
		at org.apache.catalina.startup.HostConfig.deployWAR(HostConfig.java:1025)
		at org.apache.catalina.startup.HostConfig$DeployWar.run(HostConfig.java:1919)
		at java.base/java.util.concurrent.Executors$RunnableAdapter.call(Executors.java:539)
		at java.base/java.util.concurrent.FutureTask.run(FutureTask.java:264)
		at org.apache.tomcat.util.threads.InlineExecutorService.execute(InlineExecutorService.java:75)
		at java.base/java.util.concurrent.AbstractExecutorService.submit(AbstractExecutorService.java:123)
		at org.apache.catalina.startup.HostConfig.deployWARs(HostConfig.java:826)
		at org.apache.catalina.startup.HostConfig.deployApps(HostConfig.java:476)
		at org.apache.catalina.startup.HostConfig.start(HostConfig.java:1619)
		at org.apache.catalina.startup.HostConfig.lifecycleEvent(HostConfig.java:318)
		at org.apache.catalina.util.LifecycleBase.fireLifecycleEvent(LifecycleBase.java:114)
		at org.apache.catalina.util.LifecycleBase.setStateInternal(LifecycleBase.java:402)
		at org.apache.catalina.util.LifecycleBase.setState(LifecycleBase.java:345)
		at org.apache.catalina.core.ContainerBase.startInternal(ContainerBase.java:893)
		at org.apache.catalina.core.StandardHost.startInternal(StandardHost.java:794)
		at org.apache.catalina.util.LifecycleBase.start(LifecycleBase.java:171)
		at org.apache.catalina.core.ContainerBase$StartChild.call(ContainerBase.java:1332)
		at org.apache.catalina.core.ContainerBase$StartChild.call(ContainerBase.java:1322)
		at java.base/java.util.concurrent.FutureTask.run(FutureTask.java:264)
		at org.apache.tomcat.util.threads.InlineExecutorService.execute(InlineExecutorService.java:75)
		at java.base/java.util.concurrent.AbstractExecutorService.submit(AbstractExecutorService.java:145)
		at org.apache.catalina.core.ContainerBase.startInternal(ContainerBase.java:866)
		at org.apache.catalina.core.StandardEngine.startInternal(StandardEngine.java:248)
		at org.apache.catalina.util.LifecycleBase.start(LifecycleBase.java:171)
		at org.apache.catalina.core.StandardService.startInternal(StandardService.java:433)
		at org.apache.catalina.util.LifecycleBase.start(LifecycleBase.java:171)
		at org.apache.catalina.core.StandardServer.startInternal(StandardServer.java:921)
		at org.apache.catalina.util.LifecycleBase.start(LifecycleBase.java:171)
		at org.apache.catalina.startup.Catalina.start(Catalina.java:772)
		at java.base/jdk.internal.reflect.NativeMethodAccessorImpl.invoke0(Native Method)
		at java.base/jdk.internal.reflect.NativeMethodAccessorImpl.invoke(NativeMethodAccessorImpl.java:77)
		at java.base/jdk.internal.reflect.DelegatingMethodAccessorImpl.invoke(DelegatingMethodAccessorImpl.java:43)
		at java.base/java.lang.reflect.Method.invoke(Method.java:569)
		at org.apache.catalina.startup.Bootstrap.start(Bootstrap.java:347)
		at org.apache.catalina.startup.Bootstrap.main(Bootstrap.java:478)
	Caused by: java.lang.ClassNotFoundException: jakarta.servlet.ServletContextListener
		at org.apache.catalina.loader.WebappClassLoaderBase.loadClass(WebappClassLoaderBase.java:1329)
		at org.apache.catalina.loader.WebappClassLoaderBase.loadClass(WebappClassLoaderBase.java:1141)
		... 51 more
15-Apr-2026 10:16:59.229 SEVERE [main] org.apache.catalina.core.StandardContext.listenerStart Error configuring application listener of class [hudson.WebAppMain]
	java.lang.NoClassDefFoundError: jakarta/servlet/ServletContextListener
		at java.base/java.lang.ClassLoader.defineClass1(Native Method)
		at java.base/java.lang.ClassLoader.defineClass(ClassLoader.java:1017)
		at java.base/java.security.SecureClassLoader.defineClass(SecureClassLoader.java:150)
		at org.apache.catalina.loader.WebappClassLoaderBase.findClassInternal(WebappClassLoaderBase.java:2337)
		at org.apache.catalina.loader.WebappClassLoaderBase.findClass(WebappClassLoaderBase.java:810)
		at org.apache.catalina.loader.WebappClassLoaderBase.loadClass(WebappClassLoaderBase.java:1293)
		at org.apache.catalina.loader.WebappClassLoaderBase.loadClass(WebappClassLoaderBase.java:1141)
		at org.apache.catalina.core.DefaultInstanceManager.loadClass(DefaultInstanceManager.java:488)
		at org.apache.catalina.core.DefaultInstanceManager.loadClassMaybePrivileged(DefaultInstanceManager.java:470)
		at org.apache.catalina.core.DefaultInstanceManager.newInstance(DefaultInstanceManager.java:142)
		at org.apache.catalina.core.StandardContext.listenerStart(StandardContext.java:4389)
		at org.apache.catalina.core.StandardContext.startInternal(StandardContext.java:4914)
		at org.apache.catalina.util.LifecycleBase.start(LifecycleBase.java:171)
		at org.apache.catalina.core.ContainerBase.addChildInternal(ContainerBase.java:683)
		at org.apache.catalina.core.ContainerBase.addChild(ContainerBase.java:658)
		at org.apache.catalina.core.StandardHost.addChild(StandardHost.java:661)
		at org.apache.catalina.startup.HostConfig.deployWAR(HostConfig.java:1025)
		at org.apache.catalina.startup.HostConfig$DeployWar.run(HostConfig.java:1919)
		at java.base/java.util.concurrent.Executors$RunnableAdapter.call(Executors.java:539)
		at java.base/java.util.concurrent.FutureTask.run(FutureTask.java:264)
		at org.apache.tomcat.util.threads.InlineExecutorService.execute(InlineExecutorService.java:75)
		at java.base/java.util.concurrent.AbstractExecutorService.submit(AbstractExecutorService.java:123)
		at org.apache.catalina.startup.HostConfig.deployWARs(HostConfig.java:826)
		at org.apache.catalina.startup.HostConfig.deployApps(HostConfig.java:476)
		at org.apache.catalina.startup.HostConfig.start(HostConfig.java:1619)
		at org.apache.catalina.startup.HostConfig.lifecycleEvent(HostConfig.java:318)
		at org.apache.catalina.util.LifecycleBase.fireLifecycleEvent(LifecycleBase.java:114)
		at org.apache.catalina.util.LifecycleBase.setStateInternal(LifecycleBase.java:402)
		at org.apache.catalina.util.LifecycleBase.setState(LifecycleBase.java:345)
		at org.apache.catalina.core.ContainerBase.startInternal(ContainerBase.java:893)
		at org.apache.catalina.core.StandardHost.startInternal(StandardHost.java:794)
		at org.apache.catalina.util.LifecycleBase.start(LifecycleBase.java:171)
		at org.apache.catalina.core.ContainerBase$StartChild.call(ContainerBase.java:1332)
		at org.apache.catalina.core.ContainerBase$StartChild.call(ContainerBase.java:1322)
		at java.base/java.util.concurrent.FutureTask.run(FutureTask.java:264)
		at org.apache.tomcat.util.threads.InlineExecutorService.execute(InlineExecutorService.java:75)
		at java.base/java.util.concurrent.AbstractExecutorService.submit(AbstractExecutorService.java:145)
		at org.apache.catalina.core.ContainerBase.startInternal(ContainerBase.java:866)
		at org.apache.catalina.core.StandardEngine.startInternal(StandardEngine.java:248)
		at org.apache.catalina.util.LifecycleBase.start(LifecycleBase.java:171)
		at org.apache.catalina.core.StandardService.startInternal(StandardService.java:433)
		at org.apache.catalina.util.LifecycleBase.start(LifecycleBase.java:171)
		at org.apache.catalina.core.StandardServer.startInternal(StandardServer.java:921)
		at org.apache.catalina.util.LifecycleBase.start(LifecycleBase.java:171)
		at org.apache.catalina.startup.Catalina.start(Catalina.java:772)
		at java.base/jdk.internal.reflect.NativeMethodAccessorImpl.invoke0(Native Method)
		at java.base/jdk.internal.reflect.NativeMethodAccessorImpl.invoke(NativeMethodAccessorImpl.java:77)
		at java.base/jdk.internal.reflect.DelegatingMethodAccessorImpl.invoke(DelegatingMethodAccessorImpl.java:43)
		at java.base/java.lang.reflect.Method.invoke(Method.java:569)
		at org.apache.catalina.startup.Bootstrap.start(Bootstrap.java:347)
		at org.apache.catalina.startup.Bootstrap.main(Bootstrap.java:478)
	Caused by: java.lang.ClassNotFoundException: jakarta.servlet.ServletContextListener
		at org.apache.catalina.loader.WebappClassLoaderBase.loadClass(WebappClassLoaderBase.java:1329)
		at org.apache.catalina.loader.WebappClassLoaderBase.loadClass(WebappClassLoaderBase.java:1141)
		... 51 more
15-Apr-2026 10:16:59.234 SEVERE [main] org.apache.catalina.core.StandardContext.listenerStart Error configuring application listener of class [jenkins.JenkinsHttpSessionListener]
	java.lang.NoClassDefFoundError: jakarta/servlet/http/HttpSessionListener
		at java.base/java.lang.ClassLoader.defineClass1(Native Method)
		at java.base/java.lang.ClassLoader.defineClass(ClassLoader.java:1017)
		at java.base/java.security.SecureClassLoader.defineClass(SecureClassLoader.java:150)
		at org.apache.catalina.loader.WebappClassLoaderBase.findClassInternal(WebappClassLoaderBase.java:2337)
		at org.apache.catalina.loader.WebappClassLoaderBase.findClass(WebappClassLoaderBase.java:810)
		at org.apache.catalina.loader.WebappClassLoaderBase.loadClass(WebappClassLoaderBase.java:1293)
		at org.apache.catalina.loader.WebappClassLoaderBase.loadClass(WebappClassLoaderBase.java:1141)
		at org.apache.catalina.core.DefaultInstanceManager.loadClass(DefaultInstanceManager.java:488)
		at org.apache.catalina.core.DefaultInstanceManager.loadClassMaybePrivileged(DefaultInstanceManager.java:470)
		at org.apache.catalina.core.DefaultInstanceManager.newInstance(DefaultInstanceManager.java:142)
		at org.apache.catalina.core.StandardContext.listenerStart(StandardContext.java:4389)
		at org.apache.catalina.core.StandardContext.startInternal(StandardContext.java:4914)
		at org.apache.catalina.util.LifecycleBase.start(LifecycleBase.java:171)
		at org.apache.catalina.core.ContainerBase.addChildInternal(ContainerBase.java:683)
		at org.apache.catalina.core.ContainerBase.addChild(ContainerBase.java:658)
		at org.apache.catalina.core.StandardHost.addChild(StandardHost.java:661)
		at org.apache.catalina.startup.HostConfig.deployWAR(HostConfig.java:1025)
		at org.apache.catalina.startup.HostConfig$DeployWar.run(HostConfig.java:1919)
		at java.base/java.util.concurrent.Executors$RunnableAdapter.call(Executors.java:539)
		at java.base/java.util.concurrent.FutureTask.run(FutureTask.java:264)
		at org.apache.tomcat.util.threads.InlineExecutorService.execute(InlineExecutorService.java:75)
		at java.base/java.util.concurrent.AbstractExecutorService.submit(AbstractExecutorService.java:123)
		at org.apache.catalina.startup.HostConfig.deployWARs(HostConfig.java:826)
		at org.apache.catalina.startup.HostConfig.deployApps(HostConfig.java:476)
		at org.apache.catalina.startup.HostConfig.start(HostConfig.java:1619)
		at org.apache.catalina.startup.HostConfig.lifecycleEvent(HostConfig.java:318)
		at org.apache.catalina.util.LifecycleBase.fireLifecycleEvent(LifecycleBase.java:114)
		at org.apache.catalina.util.LifecycleBase.setStateInternal(LifecycleBase.java:402)
		at org.apache.catalina.util.LifecycleBase.setState(LifecycleBase.java:345)
		at org.apache.catalina.core.ContainerBase.startInternal(ContainerBase.java:893)
		at org.apache.catalina.core.StandardHost.startInternal(StandardHost.java:794)
		at org.apache.catalina.util.LifecycleBase.start(LifecycleBase.java:171)
		at org.apache.catalina.core.ContainerBase$StartChild.call(ContainerBase.java:1332)
		at org.apache.catalina.core.ContainerBase$StartChild.call(ContainerBase.java:1322)
		at java.base/java.util.concurrent.FutureTask.run(FutureTask.java:264)
		at org.apache.tomcat.util.threads.InlineExecutorService.execute(InlineExecutorService.java:75)
		at java.base/java.util.concurrent.AbstractExecutorService.submit(AbstractExecutorService.java:145)
		at org.apache.catalina.core.ContainerBase.startInternal(ContainerBase.java:866)
		at org.apache.catalina.core.StandardEngine.startInternal(StandardEngine.java:248)
		at org.apache.catalina.util.LifecycleBase.start(LifecycleBase.java:171)
		at org.apache.catalina.core.StandardService.startInternal(StandardService.java:433)
		at org.apache.catalina.util.LifecycleBase.start(LifecycleBase.java:171)
		at org.apache.catalina.core.StandardServer.startInternal(StandardServer.java:921)
		at org.apache.catalina.util.LifecycleBase.start(LifecycleBase.java:171)
		at org.apache.catalina.startup.Catalina.start(Catalina.java:772)
		at java.base/jdk.internal.reflect.NativeMethodAccessorImpl.invoke0(Native Method)
		at java.base/jdk.internal.reflect.NativeMethodAccessorImpl.invoke(NativeMethodAccessorImpl.java:77)
		at java.base/jdk.internal.reflect.DelegatingMethodAccessorImpl.invoke(DelegatingMethodAccessorImpl.java:43)
		at java.base/java.lang.reflect.Method.invoke(Method.java:569)
		at org.apache.catalina.startup.Bootstrap.start(Bootstrap.java:347)
		at org.apache.catalina.startup.Bootstrap.main(Bootstrap.java:478)
	Caused by: java.lang.ClassNotFoundException: jakarta.servlet.http.HttpSessionListener
		at org.apache.catalina.loader.WebappClassLoaderBase.loadClass(WebappClassLoaderBase.java:1329)
		at org.apache.catalina.loader.WebappClassLoaderBase.loadClass(WebappClassLoaderBase.java:1141)
		... 51 more
15-Apr-2026 10:16:59.234 SEVERE [main] org.apache.catalina.core.StandardContext.listenerStart Skipped installing application listeners due to previous error(s)
15-Apr-2026 10:17:11.125 INFO [main] org.apache.catalina.core.ApplicationContext.log No Spring WebApplicationInitializer types detected on classpath
15-Apr-2026 10:17:11.812 INFO [main] org.apache.catalina.core.ApplicationContext.log ContextListener: contextInitialized()
15-Apr-2026 10:17:11.812 INFO [main] org.apache.catalina.core.ApplicationContext.log SessionListener: contextInitialized()
15-Apr-2026 10:17:11.816 INFO [main] org.apache.catalina.core.ApplicationContext.log ContextListener: attributeAdded('StockTicker', 'async.Stockticker@7a3002ce')
15-Apr-2026 10:17:12.261 INFO [main] org.apache.catalina.core.ApplicationContext.log SessionListener: contextDestroyed()
15-Apr-2026 10:17:12.261 INFO [main] org.apache.catalina.core.ApplicationContext.log ContextListener: contextDestroyed()
15-Apr-2026 10:23:35.149 INFO [main] org.apache.catalina.core.ApplicationContext.log SessionListener: contextDestroyed()
15-Apr-2026 10:23:35.150 INFO [main] org.apache.catalina.core.ApplicationContext.log ContextListener: contextDestroyed()
15-Apr-2026 10:23:55.683 SEVERE [main] org.apache.catalina.core.StandardContext.listenerStart Error configuring application listener of class [jenkins.util.SystemProperties$Listener]
	java.lang.NoClassDefFoundError: jakarta/servlet/ServletContextListener
		at java.base/java.lang.ClassLoader.defineClass1(Native Method)
		at java.base/java.lang.ClassLoader.defineClass(ClassLoader.java:1017)
		at java.base/java.security.SecureClassLoader.defineClass(SecureClassLoader.java:150)
		at org.apache.catalina.loader.WebappClassLoaderBase.findClassInternal(WebappClassLoaderBase.java:2337)
		at org.apache.catalina.loader.WebappClassLoaderBase.findClass(WebappClassLoaderBase.java:810)
		at org.apache.catalina.loader.WebappClassLoaderBase.loadClass(WebappClassLoaderBase.java:1293)
		at org.apache.catalina.loader.WebappClassLoaderBase.loadClass(WebappClassLoaderBase.java:1141)
		at org.apache.catalina.core.DefaultInstanceManager.loadClass(DefaultInstanceManager.java:488)
		at org.apache.catalina.core.DefaultInstanceManager.loadClassMaybePrivileged(DefaultInstanceManager.java:470)
		at org.apache.catalina.core.DefaultInstanceManager.newInstance(DefaultInstanceManager.java:142)
		at org.apache.catalina.core.StandardContext.listenerStart(StandardContext.java:4389)
		at org.apache.catalina.core.StandardContext.startInternal(StandardContext.java:4914)
		at org.apache.catalina.util.LifecycleBase.start(LifecycleBase.java:171)
		at org.apache.catalina.core.ContainerBase.addChildInternal(ContainerBase.java:683)
		at org.apache.catalina.core.ContainerBase.addChild(ContainerBase.java:658)
		at org.apache.catalina.core.StandardHost.addChild(StandardHost.java:661)
		at org.apache.catalina.startup.HostConfig.deployWAR(HostConfig.java:1025)
		at org.apache.catalina.startup.HostConfig$DeployWar.run(HostConfig.java:1919)
		at java.base/java.util.concurrent.Executors$RunnableAdapter.call(Executors.java:539)
		at java.base/java.util.concurrent.FutureTask.run(FutureTask.java:264)
		at org.apache.tomcat.util.threads.InlineExecutorService.execute(InlineExecutorService.java:75)
		at java.base/java.util.concurrent.AbstractExecutorService.submit(AbstractExecutorService.java:123)
		at org.apache.catalina.startup.HostConfig.deployWARs(HostConfig.java:826)
		at org.apache.catalina.startup.HostConfig.deployApps(HostConfig.java:476)
		at org.apache.catalina.startup.HostConfig.start(HostConfig.java:1619)
		at org.apache.catalina.startup.HostConfig.lifecycleEvent(HostConfig.java:318)
		at org.apache.catalina.util.LifecycleBase.fireLifecycleEvent(LifecycleBase.java:114)
		at org.apache.catalina.util.LifecycleBase.setStateInternal(LifecycleBase.java:402)
		at org.apache.catalina.util.LifecycleBase.setState(LifecycleBase.java:345)
		at org.apache.catalina.core.ContainerBase.startInternal(ContainerBase.java:893)
		at org.apache.catalina.core.StandardHost.startInternal(StandardHost.java:794)
		at org.apache.catalina.util.LifecycleBase.start(LifecycleBase.java:171)
		at org.apache.catalina.core.ContainerBase$StartChild.call(ContainerBase.java:1332)
		at org.apache.catalina.core.ContainerBase$StartChild.call(ContainerBase.java:1322)
		at java.base/java.util.concurrent.FutureTask.run(FutureTask.java:264)
		at org.apache.tomcat.util.threads.InlineExecutorService.execute(InlineExecutorService.java:75)
		at java.base/java.util.concurrent.AbstractExecutorService.submit(AbstractExecutorService.java:145)
		at org.apache.catalina.core.ContainerBase.startInternal(ContainerBase.java:866)
		at org.apache.catalina.core.StandardEngine.startInternal(StandardEngine.java:248)
		at org.apache.catalina.util.LifecycleBase.start(LifecycleBase.java:171)
		at org.apache.catalina.core.StandardService.startInternal(StandardService.java:433)
		at org.apache.catalina.util.LifecycleBase.start(LifecycleBase.java:171)
		at org.apache.catalina.core.StandardServer.startInternal(StandardServer.java:921)
		at org.apache.catalina.util.LifecycleBase.start(LifecycleBase.java:171)
		at org.apache.catalina.startup.Catalina.start(Catalina.java:772)
		at java.base/jdk.internal.reflect.NativeMethodAccessorImpl.invoke0(Native Method)
		at java.base/jdk.internal.reflect.NativeMethodAccessorImpl.invoke(NativeMethodAccessorImpl.java:77)
		at java.base/jdk.internal.reflect.DelegatingMethodAccessorImpl.invoke(DelegatingMethodAccessorImpl.java:43)
		at java.base/java.lang.reflect.Method.invoke(Method.java:569)
		at org.apache.catalina.startup.Bootstrap.start(Bootstrap.java:347)
		at org.apache.catalina.startup.Bootstrap.main(Bootstrap.java:478)
	Caused by: java.lang.ClassNotFoundException: jakarta.servlet.ServletContextListener
		at org.apache.catalina.loader.WebappClassLoaderBase.loadClass(WebappClassLoaderBase.java:1329)
		at org.apache.catalina.loader.WebappClassLoaderBase.loadClass(WebappClassLoaderBase.java:1141)
		... 51 more
15-Apr-2026 10:23:55.688 SEVERE [main] org.apache.catalina.core.StandardContext.listenerStart Error configuring application listener of class [hudson.WebAppMain]
	java.lang.NoClassDefFoundError: jakarta/servlet/ServletContextListener
		at java.base/java.lang.ClassLoader.defineClass1(Native Method)
		at java.base/java.lang.ClassLoader.defineClass(ClassLoader.java:1017)
		at java.base/java.security.SecureClassLoader.defineClass(SecureClassLoader.java:150)
		at org.apache.catalina.loader.WebappClassLoaderBase.findClassInternal(WebappClassLoaderBase.java:2337)
		at org.apache.catalina.loader.WebappClassLoaderBase.findClass(WebappClassLoaderBase.java:810)
		at org.apache.catalina.loader.WebappClassLoaderBase.loadClass(WebappClassLoaderBase.java:1293)
		at org.apache.catalina.loader.WebappClassLoaderBase.loadClass(WebappClassLoaderBase.java:1141)
		at org.apache.catalina.core.DefaultInstanceManager.loadClass(DefaultInstanceManager.java:488)
		at org.apache.catalina.core.DefaultInstanceManager.loadClassMaybePrivileged(DefaultInstanceManager.java:470)
		at org.apache.catalina.core.DefaultInstanceManager.newInstance(DefaultInstanceManager.java:142)
		at org.apache.catalina.core.StandardContext.listenerStart(StandardContext.java:4389)
		at org.apache.catalina.core.StandardContext.startInternal(StandardContext.java:4914)
		at org.apache.catalina.util.LifecycleBase.start(LifecycleBase.java:171)
		at org.apache.catalina.core.ContainerBase.addChildInternal(ContainerBase.java:683)
		at org.apache.catalina.core.ContainerBase.addChild(ContainerBase.java:658)
		at org.apache.catalina.core.StandardHost.addChild(StandardHost.java:661)
		at org.apache.catalina.startup.HostConfig.deployWAR(HostConfig.java:1025)
		at org.apache.catalina.startup.HostConfig$DeployWar.run(HostConfig.java:1919)
		at java.base/java.util.concurrent.Executors$RunnableAdapter.call(Executors.java:539)
		at java.base/java.util.concurrent.FutureTask.run(FutureTask.java:264)
		at org.apache.tomcat.util.threads.InlineExecutorService.execute(InlineExecutorService.java:75)
		at java.base/java.util.concurrent.AbstractExecutorService.submit(AbstractExecutorService.java:123)
		at org.apache.catalina.startup.HostConfig.deployWARs(HostConfig.java:826)
		at org.apache.catalina.startup.HostConfig.deployApps(HostConfig.java:476)
		at org.apache.catalina.startup.HostConfig.start(HostConfig.java:1619)
		at org.apache.catalina.startup.HostConfig.lifecycleEvent(HostConfig.java:318)
		at org.apache.catalina.util.LifecycleBase.fireLifecycleEvent(LifecycleBase.java:114)
		at org.apache.catalina.util.LifecycleBase.setStateInternal(LifecycleBase.java:402)
		at org.apache.catalina.util.LifecycleBase.setState(LifecycleBase.java:345)
		at org.apache.catalina.core.ContainerBase.startInternal(ContainerBase.java:893)
		at org.apache.catalina.core.StandardHost.startInternal(StandardHost.java:794)
		at org.apache.catalina.util.LifecycleBase.start(LifecycleBase.java:171)
		at org.apache.catalina.core.ContainerBase$StartChild.call(ContainerBase.java:1332)
		at org.apache.catalina.core.ContainerBase$StartChild.call(ContainerBase.java:1322)
		at java.base/java.util.concurrent.FutureTask.run(FutureTask.java:264)
		at org.apache.tomcat.util.threads.InlineExecutorService.execute(InlineExecutorService.java:75)
		at java.base/java.util.concurrent.AbstractExecutorService.submit(AbstractExecutorService.java:145)
		at org.apache.catalina.core.ContainerBase.startInternal(ContainerBase.java:866)
		at org.apache.catalina.core.StandardEngine.startInternal(StandardEngine.java:248)
		at org.apache.catalina.util.LifecycleBase.start(LifecycleBase.java:171)
		at org.apache.catalina.core.StandardService.startInternal(StandardService.java:433)
		at org.apache.catalina.util.LifecycleBase.start(LifecycleBase.java:171)
		at org.apache.catalina.core.StandardServer.startInternal(StandardServer.java:921)
		at org.apache.catalina.util.LifecycleBase.start(LifecycleBase.java:171)
		at org.apache.catalina.startup.Catalina.start(Catalina.java:772)
		at java.base/jdk.internal.reflect.NativeMethodAccessorImpl.invoke0(Native Method)
		at java.base/jdk.internal.reflect.NativeMethodAccessorImpl.invoke(NativeMethodAccessorImpl.java:77)
		at java.base/jdk.internal.reflect.DelegatingMethodAccessorImpl.invoke(DelegatingMethodAccessorImpl.java:43)
		at java.base/java.lang.reflect.Method.invoke(Method.java:569)
		at org.apache.catalina.startup.Bootstrap.start(Bootstrap.java:347)
		at org.apache.catalina.startup.Bootstrap.main(Bootstrap.java:478)
	Caused by: java.lang.ClassNotFoundException: jakarta.servlet.ServletContextListener
		at org.apache.catalina.loader.WebappClassLoaderBase.loadClass(WebappClassLoaderBase.java:1329)
		at org.apache.catalina.loader.WebappClassLoaderBase.loadClass(WebappClassLoaderBase.java:1141)
		... 51 more
15-Apr-2026 10:23:55.693 SEVERE [main] org.apache.catalina.core.StandardContext.listenerStart Error configuring application listener of class [jenkins.JenkinsHttpSessionListener]
	java.lang.NoClassDefFoundError: jakarta/servlet/http/HttpSessionListener
		at java.base/java.lang.ClassLoader.defineClass1(Native Method)
		at java.base/java.lang.ClassLoader.defineClass(ClassLoader.java:1017)
		at java.base/java.security.SecureClassLoader.defineClass(SecureClassLoader.java:150)
		at org.apache.catalina.loader.WebappClassLoaderBase.findClassInternal(WebappClassLoaderBase.java:2337)
		at org.apache.catalina.loader.WebappClassLoaderBase.findClass(WebappClassLoaderBase.java:810)
		at org.apache.catalina.loader.WebappClassLoaderBase.loadClass(WebappClassLoaderBase.java:1293)
		at org.apache.catalina.loader.WebappClassLoaderBase.loadClass(WebappClassLoaderBase.java:1141)
		at org.apache.catalina.core.DefaultInstanceManager.loadClass(DefaultInstanceManager.java:488)
		at org.apache.catalina.core.DefaultInstanceManager.loadClassMaybePrivileged(DefaultInstanceManager.java:470)
		at org.apache.catalina.core.DefaultInstanceManager.newInstance(DefaultInstanceManager.java:142)
		at org.apache.catalina.core.StandardContext.listenerStart(StandardContext.java:4389)
		at org.apache.catalina.core.StandardContext.startInternal(StandardContext.java:4914)
		at org.apache.catalina.util.LifecycleBase.start(LifecycleBase.java:171)
		at org.apache.catalina.core.ContainerBase.addChildInternal(ContainerBase.java:683)
		at org.apache.catalina.core.ContainerBase.addChild(ContainerBase.java:658)
		at org.apache.catalina.core.StandardHost.addChild(StandardHost.java:661)
		at org.apache.catalina.startup.HostConfig.deployWAR(HostConfig.java:1025)
		at org.apache.catalina.startup.HostConfig$DeployWar.run(HostConfig.java:1919)
		at java.base/java.util.concurrent.Executors$RunnableAdapter.call(Executors.java:539)
		at java.base/java.util.concurrent.FutureTask.run(FutureTask.java:264)
		at org.apache.tomcat.util.threads.InlineExecutorService.execute(InlineExecutorService.java:75)
		at java.base/java.util.concurrent.AbstractExecutorService.submit(AbstractExecutorService.java:123)
		at org.apache.catalina.startup.HostConfig.deployWARs(HostConfig.java:826)
		at org.apache.catalina.startup.HostConfig.deployApps(HostConfig.java:476)
		at org.apache.catalina.startup.HostConfig.start(HostConfig.java:1619)
		at org.apache.catalina.startup.HostConfig.lifecycleEvent(HostConfig.java:318)
		at org.apache.catalina.util.LifecycleBase.fireLifecycleEvent(LifecycleBase.java:114)
		at org.apache.catalina.util.LifecycleBase.setStateInternal(LifecycleBase.java:402)
		at org.apache.catalina.util.LifecycleBase.setState(LifecycleBase.java:345)
		at org.apache.catalina.core.ContainerBase.startInternal(ContainerBase.java:893)
		at org.apache.catalina.core.StandardHost.startInternal(StandardHost.java:794)
		at org.apache.catalina.util.LifecycleBase.start(LifecycleBase.java:171)
		at org.apache.catalina.core.ContainerBase$StartChild.call(ContainerBase.java:1332)
		at org.apache.catalina.core.ContainerBase$StartChild.call(ContainerBase.java:1322)
		at java.base/java.util.concurrent.FutureTask.run(FutureTask.java:264)
		at org.apache.tomcat.util.threads.InlineExecutorService.execute(InlineExecutorService.java:75)
		at java.base/java.util.concurrent.AbstractExecutorService.submit(AbstractExecutorService.java:145)
		at org.apache.catalina.core.ContainerBase.startInternal(ContainerBase.java:866)
		at org.apache.catalina.core.StandardEngine.startInternal(StandardEngine.java:248)
		at org.apache.catalina.util.LifecycleBase.start(LifecycleBase.java:171)
		at org.apache.catalina.core.StandardService.startInternal(StandardService.java:433)
		at org.apache.catalina.util.LifecycleBase.start(LifecycleBase.java:171)
		at org.apache.catalina.core.StandardServer.startInternal(StandardServer.java:921)
		at org.apache.catalina.util.LifecycleBase.start(LifecycleBase.java:171)
		at org.apache.catalina.startup.Catalina.start(Catalina.java:772)
		at java.base/jdk.internal.reflect.NativeMethodAccessorImpl.invoke0(Native Method)
		at java.base/jdk.internal.reflect.NativeMethodAccessorImpl.invoke(NativeMethodAccessorImpl.java:77)
		at java.base/jdk.internal.reflect.DelegatingMethodAccessorImpl.invoke(DelegatingMethodAccessorImpl.java:43)
		at java.base/java.lang.reflect.Method.invoke(Method.java:569)
		at org.apache.catalina.startup.Bootstrap.start(Bootstrap.java:347)
		at org.apache.catalina.startup.Bootstrap.main(Bootstrap.java:478)
	Caused by: java.lang.ClassNotFoundException: jakarta.servlet.http.HttpSessionListener
		at org.apache.catalina.loader.WebappClassLoaderBase.loadClass(WebappClassLoaderBase.java:1329)
		at org.apache.catalina.loader.WebappClassLoaderBase.loadClass(WebappClassLoaderBase.java:1141)
		... 51 more
15-Apr-2026 10:23:55.693 SEVERE [main] org.apache.catalina.core.StandardContext.listenerStart Skipped installing application listeners due to previous error(s)
15-Apr-2026 10:24:07.703 INFO [main] org.apache.catalina.core.ApplicationContext.log No Spring WebApplicationInitializer types detected on classpath
15-Apr-2026 10:24:08.111 SEVERE [main] org.apache.catalina.core.StandardContext.listenerStart Error configuring application listener of class [jenkins.util.SystemProperties$Listener]
	java.lang.NoClassDefFoundError: jakarta/servlet/ServletContextListener
		at java.base/java.lang.ClassLoader.defineClass1(Native Method)
		at java.base/java.lang.ClassLoader.defineClass(ClassLoader.java:1017)
		at java.base/java.security.SecureClassLoader.defineClass(SecureClassLoader.java:150)
		at org.apache.catalina.loader.WebappClassLoaderBase.findClassInternal(WebappClassLoaderBase.java:2337)
		at org.apache.catalina.loader.WebappClassLoaderBase.findClass(WebappClassLoaderBase.java:810)
		at org.apache.catalina.loader.WebappClassLoaderBase.loadClass(WebappClassLoaderBase.java:1293)
		at org.apache.catalina.loader.WebappClassLoaderBase.loadClass(WebappClassLoaderBase.java:1141)
		at org.apache.catalina.core.DefaultInstanceManager.loadClass(DefaultInstanceManager.java:488)
		at org.apache.catalina.core.DefaultInstanceManager.loadClassMaybePrivileged(DefaultInstanceManager.java:470)
		at org.apache.catalina.core.DefaultInstanceManager.newInstance(DefaultInstanceManager.java:142)
		at org.apache.catalina.core.StandardContext.listenerStart(StandardContext.java:4389)
		at org.apache.catalina.core.StandardContext.startInternal(StandardContext.java:4914)
		at org.apache.catalina.util.LifecycleBase.start(LifecycleBase.java:171)
		at org.apache.catalina.core.ContainerBase.addChildInternal(ContainerBase.java:683)
		at org.apache.catalina.core.ContainerBase.addChild(ContainerBase.java:658)
		at org.apache.catalina.core.StandardHost.addChild(StandardHost.java:661)
		at org.apache.catalina.startup.HostConfig.deployWAR(HostConfig.java:1025)
		at org.apache.catalina.startup.HostConfig$DeployWar.run(HostConfig.java:1919)
		at java.base/java.util.concurrent.Executors$RunnableAdapter.call(Executors.java:539)
		at java.base/java.util.concurrent.FutureTask.run(FutureTask.java:264)
		at org.apache.tomcat.util.threads.InlineExecutorService.execute(InlineExecutorService.java:75)
		at java.base/java.util.concurrent.AbstractExecutorService.submit(AbstractExecutorService.java:123)
		at org.apache.catalina.startup.HostConfig.deployWARs(HostConfig.java:826)
		at org.apache.catalina.startup.HostConfig.deployApps(HostConfig.java:476)
		at org.apache.catalina.startup.HostConfig.start(HostConfig.java:1619)
		at org.apache.catalina.startup.HostConfig.lifecycleEvent(HostConfig.java:318)
		at org.apache.catalina.util.LifecycleBase.fireLifecycleEvent(LifecycleBase.java:114)
		at org.apache.catalina.util.LifecycleBase.setStateInternal(LifecycleBase.java:402)
		at org.apache.catalina.util.LifecycleBase.setState(LifecycleBase.java:345)
		at org.apache.catalina.core.ContainerBase.startInternal(ContainerBase.java:893)
		at org.apache.catalina.core.StandardHost.startInternal(StandardHost.java:794)
		at org.apache.catalina.util.LifecycleBase.start(LifecycleBase.java:171)
		at org.apache.catalina.core.ContainerBase$StartChild.call(ContainerBase.java:1332)
		at org.apache.catalina.core.ContainerBase$StartChild.call(ContainerBase.java:1322)
		at java.base/java.util.concurrent.FutureTask.run(FutureTask.java:264)
		at org.apache.tomcat.util.threads.InlineExecutorService.execute(InlineExecutorService.java:75)
		at java.base/java.util.concurrent.AbstractExecutorService.submit(AbstractExecutorService.java:145)
		at org.apache.catalina.core.ContainerBase.startInternal(ContainerBase.java:866)
		at org.apache.catalina.core.StandardEngine.startInternal(StandardEngine.java:248)
		at org.apache.catalina.util.LifecycleBase.start(LifecycleBase.java:171)
		at org.apache.catalina.core.StandardService.startInternal(StandardService.java:433)
		at org.apache.catalina.util.LifecycleBase.start(LifecycleBase.java:171)
		at org.apache.catalina.core.StandardServer.startInternal(StandardServer.java:921)
		at org.apache.catalina.util.LifecycleBase.start(LifecycleBase.java:171)
		at org.apache.catalina.startup.Catalina.start(Catalina.java:772)
		at java.base/jdk.internal.reflect.NativeMethodAccessorImpl.invoke0(Native Method)
		at java.base/jdk.internal.reflect.NativeMethodAccessorImpl.invoke(NativeMethodAccessorImpl.java:77)
		at java.base/jdk.internal.reflect.DelegatingMethodAccessorImpl.invoke(DelegatingMethodAccessorImpl.java:43)
		at java.base/java.lang.reflect.Method.invoke(Method.java:569)
		at org.apache.catalina.startup.Bootstrap.start(Bootstrap.java:347)
		at org.apache.catalina.startup.Bootstrap.main(Bootstrap.java:478)
	Caused by: java.lang.ClassNotFoundException: jakarta.servlet.ServletContextListener
		at org.apache.catalina.loader.WebappClassLoaderBase.loadClass(WebappClassLoaderBase.java:1329)
		at org.apache.catalina.loader.WebappClassLoaderBase.loadClass(WebappClassLoaderBase.java:1141)
		... 51 more
15-Apr-2026 10:24:08.116 SEVERE [main] org.apache.catalina.core.StandardContext.listenerStart Error configuring application listener of class [hudson.WebAppMain]
	java.lang.NoClassDefFoundError: jakarta/servlet/ServletContextListener
		at java.base/java.lang.ClassLoader.defineClass1(Native Method)
		at java.base/java.lang.ClassLoader.defineClass(ClassLoader.java:1017)
		at java.base/java.security.SecureClassLoader.defineClass(SecureClassLoader.java:150)
		at org.apache.catalina.loader.WebappClassLoaderBase.findClassInternal(WebappClassLoaderBase.java:2337)
		at org.apache.catalina.loader.WebappClassLoaderBase.findClass(WebappClassLoaderBase.java:810)
		at org.apache.catalina.loader.WebappClassLoaderBase.loadClass(WebappClassLoaderBase.java:1293)
		at org.apache.catalina.loader.WebappClassLoaderBase.loadClass(WebappClassLoaderBase.java:1141)
		at org.apache.catalina.core.DefaultInstanceManager.loadClass(DefaultInstanceManager.java:488)
		at org.apache.catalina.core.DefaultInstanceManager.loadClassMaybePrivileged(DefaultInstanceManager.java:470)
		at org.apache.catalina.core.DefaultInstanceManager.newInstance(DefaultInstanceManager.java:142)
		at org.apache.catalina.core.StandardContext.listenerStart(StandardContext.java:4389)
		at org.apache.catalina.core.StandardContext.startInternal(StandardContext.java:4914)
		at org.apache.catalina.util.LifecycleBase.start(LifecycleBase.java:171)
		at org.apache.catalina.core.ContainerBase.addChildInternal(ContainerBase.java:683)
		at org.apache.catalina.core.ContainerBase.addChild(ContainerBase.java:658)
		at org.apache.catalina.core.StandardHost.addChild(StandardHost.java:661)
		at org.apache.catalina.startup.HostConfig.deployWAR(HostConfig.java:1025)
		at org.apache.catalina.startup.HostConfig$DeployWar.run(HostConfig.java:1919)
		at java.base/java.util.concurrent.Executors$RunnableAdapter.call(Executors.java:539)
		at java.base/java.util.concurrent.FutureTask.run(FutureTask.java:264)
		at org.apache.tomcat.util.threads.InlineExecutorService.execute(InlineExecutorService.java:75)
		at java.base/java.util.concurrent.AbstractExecutorService.submit(AbstractExecutorService.java:123)
		at org.apache.catalina.startup.HostConfig.deployWARs(HostConfig.java:826)
		at org.apache.catalina.startup.HostConfig.deployApps(HostConfig.java:476)
		at org.apache.catalina.startup.HostConfig.start(HostConfig.java:1619)
		at org.apache.catalina.startup.HostConfig.lifecycleEvent(HostConfig.java:318)
		at org.apache.catalina.util.LifecycleBase.fireLifecycleEvent(LifecycleBase.java:114)
		at org.apache.catalina.util.LifecycleBase.setStateInternal(LifecycleBase.java:402)
		at org.apache.catalina.util.LifecycleBase.setState(LifecycleBase.java:345)
		at org.apache.catalina.core.ContainerBase.startInternal(ContainerBase.java:893)
		at org.apache.catalina.core.StandardHost.startInternal(StandardHost.java:794)
		at org.apache.catalina.util.LifecycleBase.start(LifecycleBase.java:171)
		at org.apache.catalina.core.ContainerBase$StartChild.call(ContainerBase.java:1332)
		at org.apache.catalina.core.ContainerBase$StartChild.call(ContainerBase.java:1322)
		at java.base/java.util.concurrent.FutureTask.run(FutureTask.java:264)
		at org.apache.tomcat.util.threads.InlineExecutorService.execute(InlineExecutorService.java:75)
		at java.base/java.util.concurrent.AbstractExecutorService.submit(AbstractExecutorService.java:145)
		at org.apache.catalina.core.ContainerBase.startInternal(ContainerBase.java:866)
		at org.apache.catalina.core.StandardEngine.startInternal(StandardEngine.java:248)
		at org.apache.catalina.util.LifecycleBase.start(LifecycleBase.java:171)
		at org.apache.catalina.core.StandardService.startInternal(StandardService.java:433)
		at org.apache.catalina.util.LifecycleBase.start(LifecycleBase.java:171)
		at org.apache.catalina.core.StandardServer.startInternal(StandardServer.java:921)
		at org.apache.catalina.util.LifecycleBase.start(LifecycleBase.java:171)
		at org.apache.catalina.startup.Catalina.start(Catalina.java:772)
		at java.base/jdk.internal.reflect.NativeMethodAccessorImpl.invoke0(Native Method)
		at java.base/jdk.internal.reflect.NativeMethodAccessorImpl.invoke(NativeMethodAccessorImpl.java:77)
		at java.base/jdk.internal.reflect.DelegatingMethodAccessorImpl.invoke(DelegatingMethodAccessorImpl.java:43)
		at java.base/java.lang.reflect.Method.invoke(Method.java:569)
		at org.apache.catalina.startup.Bootstrap.start(Bootstrap.java:347)
		at org.apache.catalina.startup.Bootstrap.main(Bootstrap.java:478)
	Caused by: java.lang.ClassNotFoundException: jakarta.servlet.ServletContextListener
		at org.apache.catalina.loader.WebappClassLoaderBase.loadClass(WebappClassLoaderBase.java:1329)
		at org.apache.catalina.loader.WebappClassLoaderBase.loadClass(WebappClassLoaderBase.java:1141)
		... 51 more
15-Apr-2026 10:24:08.120 SEVERE [main] org.apache.catalina.core.StandardContext.listenerStart Error configuring application listener of class [jenkins.JenkinsHttpSessionListener]
	java.lang.NoClassDefFoundError: jakarta/servlet/http/HttpSessionListener
		at java.base/java.lang.ClassLoader.defineClass1(Native Method)
		at java.base/java.lang.ClassLoader.defineClass(ClassLoader.java:1017)
		at java.base/java.security.SecureClassLoader.defineClass(SecureClassLoader.java:150)
		at org.apache.catalina.loader.WebappClassLoaderBase.findClassInternal(WebappClassLoaderBase.java:2337)
		at org.apache.catalina.loader.WebappClassLoaderBase.findClass(WebappClassLoaderBase.java:810)
		at org.apache.catalina.loader.WebappClassLoaderBase.loadClass(WebappClassLoaderBase.java:1293)
		at org.apache.catalina.loader.WebappClassLoaderBase.loadClass(WebappClassLoaderBase.java:1141)
		at org.apache.catalina.core.DefaultInstanceManager.loadClass(DefaultInstanceManager.java:488)
		at org.apache.catalina.core.DefaultInstanceManager.loadClassMaybePrivileged(DefaultInstanceManager.java:470)
		at org.apache.catalina.core.DefaultInstanceManager.newInstance(DefaultInstanceManager.java:142)
		at org.apache.catalina.core.StandardContext.listenerStart(StandardContext.java:4389)
		at org.apache.catalina.core.StandardContext.startInternal(StandardContext.java:4914)
		at org.apache.catalina.util.LifecycleBase.start(LifecycleBase.java:171)
		at org.apache.catalina.core.ContainerBase.addChildInternal(ContainerBase.java:683)
		at org.apache.catalina.core.ContainerBase.addChild(ContainerBase.java:658)
		at org.apache.catalina.core.StandardHost.addChild(StandardHost.java:661)
		at org.apache.catalina.startup.HostConfig.deployWAR(HostConfig.java:1025)
		at org.apache.catalina.startup.HostConfig$DeployWar.run(HostConfig.java:1919)
		at java.base/java.util.concurrent.Executors$RunnableAdapter.call(Executors.java:539)
		at java.base/java.util.concurrent.FutureTask.run(FutureTask.java:264)
		at org.apache.tomcat.util.threads.InlineExecutorService.execute(InlineExecutorService.java:75)
		at java.base/java.util.concurrent.AbstractExecutorService.submit(AbstractExecutorService.java:123)
		at org.apache.catalina.startup.HostConfig.deployWARs(HostConfig.java:826)
		at org.apache.catalina.startup.HostConfig.deployApps(HostConfig.java:476)
		at org.apache.catalina.startup.HostConfig.start(HostConfig.java:1619)
		at org.apache.catalina.startup.HostConfig.lifecycleEvent(HostConfig.java:318)
		at org.apache.catalina.util.LifecycleBase.fireLifecycleEvent(LifecycleBase.java:114)
		at org.apache.catalina.util.LifecycleBase.setStateInternal(LifecycleBase.java:402)
		at org.apache.catalina.util.LifecycleBase.setState(LifecycleBase.java:345)
		at org.apache.catalina.core.ContainerBase.startInternal(ContainerBase.java:893)
		at org.apache.catalina.core.StandardHost.startInternal(StandardHost.java:794)
		at org.apache.catalina.util.LifecycleBase.start(LifecycleBase.java:171)
		at org.apache.catalina.core.ContainerBase$StartChild.call(ContainerBase.java:1332)
		at org.apache.catalina.core.ContainerBase$StartChild.call(ContainerBase.java:1322)
		at java.base/java.util.concurrent.FutureTask.run(FutureTask.java:264)
		at org.apache.tomcat.util.threads.InlineExecutorService.execute(InlineExecutorService.java:75)
		at java.base/java.util.concurrent.AbstractExecutorService.submit(AbstractExecutorService.java:145)
		at org.apache.catalina.core.ContainerBase.startInternal(ContainerBase.java:866)
		at org.apache.catalina.core.StandardEngine.startInternal(StandardEngine.java:248)
		at org.apache.catalina.util.LifecycleBase.start(LifecycleBase.java:171)
		at org.apache.catalina.core.StandardService.startInternal(StandardService.java:433)
		at org.apache.catalina.util.LifecycleBase.start(LifecycleBase.java:171)
		at org.apache.catalina.core.StandardServer.startInternal(StandardServer.java:921)
		at org.apache.catalina.util.LifecycleBase.start(LifecycleBase.java:171)
		at org.apache.catalina.startup.Catalina.start(Catalina.java:772)
		at java.base/jdk.internal.reflect.NativeMethodAccessorImpl.invoke0(Native Method)
		at java.base/jdk.internal.reflect.NativeMethodAccessorImpl.invoke(NativeMethodAccessorImpl.java:77)
		at java.base/jdk.internal.reflect.DelegatingMethodAccessorImpl.invoke(DelegatingMethodAccessorImpl.java:43)
		at java.base/java.lang.reflect.Method.invoke(Method.java:569)
		at org.apache.catalina.startup.Bootstrap.start(Bootstrap.java:347)
		at org.apache.catalina.startup.Bootstrap.main(Bootstrap.java:478)
	Caused by: java.lang.ClassNotFoundException: jakarta.servlet.http.HttpSessionListener
		at org.apache.catalina.loader.WebappClassLoaderBase.loadClass(WebappClassLoaderBase.java:1329)
		at org.apache.catalina.loader.WebappClassLoaderBase.loadClass(WebappClassLoaderBase.java:1141)
		... 51 more
15-Apr-2026 10:24:08.121 SEVERE [main] org.apache.catalina.core.StandardContext.listenerStart Skipped installing application listeners due to previous error(s)
15-Apr-2026 10:24:09.149 INFO [main] org.apache.catalina.core.ApplicationContext.log ContextListener: contextInitialized()
15-Apr-2026 10:24:09.149 INFO [main] org.apache.catalina.core.ApplicationContext.log SessionListener: contextInitialized()
15-Apr-2026 10:24:09.156 INFO [main] org.apache.catalina.core.ApplicationContext.log ContextListener: attributeAdded('StockTicker', 'async.Stockticker@1e60c357')
15-Apr-2026 10:24:19.532 INFO [main] org.apache.catalina.core.ApplicationContext.log No Spring WebApplicationInitializer types detected on classpath
15-Apr-2026 10:24:20.159 INFO [main] org.apache.catalina.core.ApplicationContext.log ContextListener: contextInitialized()
15-Apr-2026 10:24:20.160 INFO [main] org.apache.catalina.core.ApplicationContext.log SessionListener: contextInitialized()
15-Apr-2026 10:24:20.163 INFO [main] org.apache.catalina.core.ApplicationContext.log ContextListener: attributeAdded('StockTicker', 'async.Stockticker@546fdd7')
15-Apr-2026 10:24:20.470 INFO [main] org.apache.catalina.core.ApplicationContext.log SessionListener: contextDestroyed()
15-Apr-2026 10:24:20.470 INFO [main] org.apache.catalina.core.ApplicationContext.log ContextListener: contextDestroyed()
15-Apr-2026 10:27:57.901 SEVERE [Catalina-utility-1] org.apache.catalina.core.StandardContext.listenerStart Error configuring application listener of class [jenkins.util.SystemProperties$Listener]
	java.lang.NoClassDefFoundError: jakarta/servlet/ServletContextListener
		at java.base/java.lang.ClassLoader.defineClass1(Native Method)
		at java.base/java.lang.ClassLoader.defineClass(ClassLoader.java:1017)
		at java.base/java.security.SecureClassLoader.defineClass(SecureClassLoader.java:150)
		at org.apache.catalina.loader.WebappClassLoaderBase.findClassInternal(WebappClassLoaderBase.java:2337)
		at org.apache.catalina.loader.WebappClassLoaderBase.findClass(WebappClassLoaderBase.java:810)
		at org.apache.catalina.loader.WebappClassLoaderBase.loadClass(WebappClassLoaderBase.java:1293)
		at org.apache.catalina.loader.WebappClassLoaderBase.loadClass(WebappClassLoaderBase.java:1141)
		at org.apache.catalina.core.DefaultInstanceManager.loadClass(DefaultInstanceManager.java:488)
		at org.apache.catalina.core.DefaultInstanceManager.loadClassMaybePrivileged(DefaultInstanceManager.java:470)
		at org.apache.catalina.core.DefaultInstanceManager.newInstance(DefaultInstanceManager.java:142)
		at org.apache.catalina.core.StandardContext.listenerStart(StandardContext.java:4389)
		at org.apache.catalina.core.StandardContext.startInternal(StandardContext.java:4914)
		at org.apache.catalina.util.LifecycleBase.start(LifecycleBase.java:171)
		at org.apache.catalina.core.ContainerBase.addChildInternal(ContainerBase.java:683)
		at org.apache.catalina.core.ContainerBase.addChild(ContainerBase.java:658)
		at org.apache.catalina.core.StandardHost.addChild(StandardHost.java:661)
		at org.apache.catalina.startup.HostConfig.deployWAR(HostConfig.java:1025)
		at org.apache.catalina.startup.HostConfig$DeployWar.run(HostConfig.java:1919)
		at java.base/java.util.concurrent.Executors$RunnableAdapter.call(Executors.java:539)
		at java.base/java.util.concurrent.FutureTask.run(FutureTask.java:264)
		at org.apache.tomcat.util.threads.InlineExecutorService.execute(InlineExecutorService.java:75)
		at java.base/java.util.concurrent.AbstractExecutorService.submit(AbstractExecutorService.java:123)
		at org.apache.catalina.startup.HostConfig.deployWARs(HostConfig.java:826)
		at org.apache.catalina.startup.HostConfig.deployApps(HostConfig.java:476)
		at org.apache.catalina.startup.HostConfig.check(HostConfig.java:1668)
		at org.apache.catalina.startup.HostConfig.lifecycleEvent(HostConfig.java:314)
		at org.apache.catalina.util.LifecycleBase.fireLifecycleEvent(LifecycleBase.java:114)
		at org.apache.catalina.core.ContainerBase.backgroundProcess(ContainerBase.java:1098)
		at org.apache.catalina.core.ContainerBase$ContainerBackgroundProcessor.processChildren(ContainerBase.java:1301)
		at org.apache.catalina.core.ContainerBase$ContainerBackgroundProcessor.processChildren(ContainerBase.java:1305)
		at org.apache.catalina.core.ContainerBase$ContainerBackgroundProcessor.run(ContainerBase.java:1283)
		at java.base/java.util.concurrent.Executors$RunnableAdapter.call(Executors.java:539)
		at java.base/java.util.concurrent.FutureTask.runAndReset(FutureTask.java:305)
		at java.base/java.util.concurrent.ScheduledThreadPoolExecutor$ScheduledFutureTask.run(ScheduledThreadPoolExecutor.java:305)
		at java.base/java.util.concurrent.ThreadPoolExecutor.runWorker(ThreadPoolExecutor.java:1136)
		at java.base/java.util.concurrent.ThreadPoolExecutor$Worker.run(ThreadPoolExecutor.java:635)
		at org.apache.tomcat.util.threads.TaskThread$WrappingRunnable.run(TaskThread.java:61)
		at java.base/java.lang.Thread.run(Thread.java:840)
	Caused by: java.lang.ClassNotFoundException: jakarta.servlet.ServletContextListener
		at org.apache.catalina.loader.WebappClassLoaderBase.loadClass(WebappClassLoaderBase.java:1329)
		at org.apache.catalina.loader.WebappClassLoaderBase.loadClass(WebappClassLoaderBase.java:1141)
		... 38 more
15-Apr-2026 10:27:57.904 SEVERE [Catalina-utility-1] org.apache.catalina.core.StandardContext.listenerStart Error configuring application listener of class [hudson.WebAppMain]
	java.lang.NoClassDefFoundError: jakarta/servlet/ServletContextListener
		at java.base/java.lang.ClassLoader.defineClass1(Native Method)
		at java.base/java.lang.ClassLoader.defineClass(ClassLoader.java:1017)
		at java.base/java.security.SecureClassLoader.defineClass(SecureClassLoader.java:150)
		at org.apache.catalina.loader.WebappClassLoaderBase.findClassInternal(WebappClassLoaderBase.java:2337)
		at org.apache.catalina.loader.WebappClassLoaderBase.findClass(WebappClassLoaderBase.java:810)
		at org.apache.catalina.loader.WebappClassLoaderBase.loadClass(WebappClassLoaderBase.java:1293)
		at org.apache.catalina.loader.WebappClassLoaderBase.loadClass(WebappClassLoaderBase.java:1141)
		at org.apache.catalina.core.DefaultInstanceManager.loadClass(DefaultInstanceManager.java:488)
		at org.apache.catalina.core.DefaultInstanceManager.loadClassMaybePrivileged(DefaultInstanceManager.java:470)
		at org.apache.catalina.core.DefaultInstanceManager.newInstance(DefaultInstanceManager.java:142)
		at org.apache.catalina.core.StandardContext.listenerStart(StandardContext.java:4389)
		at org.apache.catalina.core.StandardContext.startInternal(StandardContext.java:4914)
		at org.apache.catalina.util.LifecycleBase.start(LifecycleBase.java:171)
		at org.apache.catalina.core.ContainerBase.addChildInternal(ContainerBase.java:683)
		at org.apache.catalina.core.ContainerBase.addChild(ContainerBase.java:658)
		at org.apache.catalina.core.StandardHost.addChild(StandardHost.java:661)
		at org.apache.catalina.startup.HostConfig.deployWAR(HostConfig.java:1025)
		at org.apache.catalina.startup.HostConfig$DeployWar.run(HostConfig.java:1919)
		at java.base/java.util.concurrent.Executors$RunnableAdapter.call(Executors.java:539)
		at java.base/java.util.concurrent.FutureTask.run(FutureTask.java:264)
		at org.apache.tomcat.util.threads.InlineExecutorService.execute(InlineExecutorService.java:75)
		at java.base/java.util.concurrent.AbstractExecutorService.submit(AbstractExecutorService.java:123)
		at org.apache.catalina.startup.HostConfig.deployWARs(HostConfig.java:826)
		at org.apache.catalina.startup.HostConfig.deployApps(HostConfig.java:476)
		at org.apache.catalina.startup.HostConfig.check(HostConfig.java:1668)
		at org.apache.catalina.startup.HostConfig.lifecycleEvent(HostConfig.java:314)
		at org.apache.catalina.util.LifecycleBase.fireLifecycleEvent(LifecycleBase.java:114)
		at org.apache.catalina.core.ContainerBase.backgroundProcess(ContainerBase.java:1098)
		at org.apache.catalina.core.ContainerBase$ContainerBackgroundProcessor.processChildren(ContainerBase.java:1301)
		at org.apache.catalina.core.ContainerBase$ContainerBackgroundProcessor.processChildren(ContainerBase.java:1305)
		at org.apache.catalina.core.ContainerBase$ContainerBackgroundProcessor.run(ContainerBase.java:1283)
		at java.base/java.util.concurrent.Executors$RunnableAdapter.call(Executors.java:539)
		at java.base/java.util.concurrent.FutureTask.runAndReset(FutureTask.java:305)
		at java.base/java.util.concurrent.ScheduledThreadPoolExecutor$ScheduledFutureTask.run(ScheduledThreadPoolExecutor.java:305)
		at java.base/java.util.concurrent.ThreadPoolExecutor.runWorker(ThreadPoolExecutor.java:1136)
		at java.base/java.util.concurrent.ThreadPoolExecutor$Worker.run(ThreadPoolExecutor.java:635)
		at org.apache.tomcat.util.threads.TaskThread$WrappingRunnable.run(TaskThread.java:61)
		at java.base/java.lang.Thread.run(Thread.java:840)
	Caused by: java.lang.ClassNotFoundException: jakarta.servlet.ServletContextListener
		at org.apache.catalina.loader.WebappClassLoaderBase.loadClass(WebappClassLoaderBase.java:1329)
		at org.apache.catalina.loader.WebappClassLoaderBase.loadClass(WebappClassLoaderBase.java:1141)
		... 38 more
15-Apr-2026 10:27:57.908 SEVERE [Catalina-utility-1] org.apache.catalina.core.StandardContext.listenerStart Error configuring application listener of class [jenkins.JenkinsHttpSessionListener]
	java.lang.NoClassDefFoundError: jakarta/servlet/http/HttpSessionListener
		at java.base/java.lang.ClassLoader.defineClass1(Native Method)
		at java.base/java.lang.ClassLoader.defineClass(ClassLoader.java:1017)
		at java.base/java.security.SecureClassLoader.defineClass(SecureClassLoader.java:150)
		at org.apache.catalina.loader.WebappClassLoaderBase.findClassInternal(WebappClassLoaderBase.java:2337)
		at org.apache.catalina.loader.WebappClassLoaderBase.findClass(WebappClassLoaderBase.java:810)
		at org.apache.catalina.loader.WebappClassLoaderBase.loadClass(WebappClassLoaderBase.java:1293)
		at org.apache.catalina.loader.WebappClassLoaderBase.loadClass(WebappClassLoaderBase.java:1141)
		at org.apache.catalina.core.DefaultInstanceManager.loadClass(DefaultInstanceManager.java:488)
		at org.apache.catalina.core.DefaultInstanceManager.loadClassMaybePrivileged(DefaultInstanceManager.java:470)
		at org.apache.catalina.core.DefaultInstanceManager.newInstance(DefaultInstanceManager.java:142)
		at org.apache.catalina.core.StandardContext.listenerStart(StandardContext.java:4389)
		at org.apache.catalina.core.StandardContext.startInternal(StandardContext.java:4914)
		at org.apache.catalina.util.LifecycleBase.start(LifecycleBase.java:171)
		at org.apache.catalina.core.ContainerBase.addChildInternal(ContainerBase.java:683)
		at org.apache.catalina.core.ContainerBase.addChild(ContainerBase.java:658)
		at org.apache.catalina.core.StandardHost.addChild(StandardHost.java:661)
		at org.apache.catalina.startup.HostConfig.deployWAR(HostConfig.java:1025)
		at org.apache.catalina.startup.HostConfig$DeployWar.run(HostConfig.java:1919)
		at java.base/java.util.concurrent.Executors$RunnableAdapter.call(Executors.java:539)
		at java.base/java.util.concurrent.FutureTask.run(FutureTask.java:264)
		at org.apache.tomcat.util.threads.InlineExecutorService.execute(InlineExecutorService.java:75)
		at java.base/java.util.concurrent.AbstractExecutorService.submit(AbstractExecutorService.java:123)
		at org.apache.catalina.startup.HostConfig.deployWARs(HostConfig.java:826)
		at org.apache.catalina.startup.HostConfig.deployApps(HostConfig.java:476)
		at org.apache.catalina.startup.HostConfig.check(HostConfig.java:1668)
		at org.apache.catalina.startup.HostConfig.lifecycleEvent(HostConfig.java:314)
		at org.apache.catalina.util.LifecycleBase.fireLifecycleEvent(LifecycleBase.java:114)
		at org.apache.catalina.core.ContainerBase.backgroundProcess(ContainerBase.java:1098)
		at org.apache.catalina.core.ContainerBase$ContainerBackgroundProcessor.processChildren(ContainerBase.java:1301)
		at org.apache.catalina.core.ContainerBase$ContainerBackgroundProcessor.processChildren(ContainerBase.java:1305)
		at org.apache.catalina.core.ContainerBase$ContainerBackgroundProcessor.run(ContainerBase.java:1283)
		at java.base/java.util.concurrent.Executors$RunnableAdapter.call(Executors.java:539)
		at java.base/java.util.concurrent.FutureTask.runAndReset(FutureTask.java:305)
		at java.base/java.util.concurrent.ScheduledThreadPoolExecutor$ScheduledFutureTask.run(ScheduledThreadPoolExecutor.java:305)
		at java.base/java.util.concurrent.ThreadPoolExecutor.runWorker(ThreadPoolExecutor.java:1136)
		at java.base/java.util.concurrent.ThreadPoolExecutor$Worker.run(ThreadPoolExecutor.java:635)
		at org.apache.tomcat.util.threads.TaskThread$WrappingRunnable.run(TaskThread.java:61)
		at java.base/java.lang.Thread.run(Thread.java:840)
	Caused by: java.lang.ClassNotFoundException: jakarta.servlet.http.HttpSessionListener
		at org.apache.catalina.loader.WebappClassLoaderBase.loadClass(WebappClassLoaderBase.java:1329)
		at org.apache.catalina.loader.WebappClassLoaderBase.loadClass(WebappClassLoaderBase.java:1141)
		... 38 more
15-Apr-2026 10:27:57.908 SEVERE [Catalina-utility-1] org.apache.catalina.core.StandardContext.listenerStart Skipped installing application listeners due to previous error(s)
15-Apr-2026 10:28:41.811 SEVERE [Catalina-utility-2] org.apache.catalina.core.StandardContext.listenerStart Error configuring application listener of class [jenkins.util.SystemProperties$Listener]
	java.lang.NoClassDefFoundError: jakarta/servlet/ServletContextListener
		at java.base/java.lang.ClassLoader.defineClass1(Native Method)
		at java.base/java.lang.ClassLoader.defineClass(ClassLoader.java:1017)
		at java.base/java.security.SecureClassLoader.defineClass(SecureClassLoader.java:150)
		at org.apache.catalina.loader.WebappClassLoaderBase.findClassInternal(WebappClassLoaderBase.java:2337)
		at org.apache.catalina.loader.WebappClassLoaderBase.findClass(WebappClassLoaderBase.java:810)
		at org.apache.catalina.loader.WebappClassLoaderBase.loadClass(WebappClassLoaderBase.java:1293)
		at org.apache.catalina.loader.WebappClassLoaderBase.loadClass(WebappClassLoaderBase.java:1141)
		at org.apache.catalina.core.DefaultInstanceManager.loadClass(DefaultInstanceManager.java:488)
		at org.apache.catalina.core.DefaultInstanceManager.loadClassMaybePrivileged(DefaultInstanceManager.java:470)
		at org.apache.catalina.core.DefaultInstanceManager.newInstance(DefaultInstanceManager.java:142)
		at org.apache.catalina.core.StandardContext.listenerStart(StandardContext.java:4389)
		at org.apache.catalina.core.StandardContext.startInternal(StandardContext.java:4914)
		at org.apache.catalina.util.LifecycleBase.start(LifecycleBase.java:171)
		at org.apache.catalina.core.ContainerBase.addChildInternal(ContainerBase.java:683)
		at org.apache.catalina.core.ContainerBase.addChild(ContainerBase.java:658)
		at org.apache.catalina.core.StandardHost.addChild(StandardHost.java:661)
		at org.apache.catalina.startup.HostConfig.deployWAR(HostConfig.java:1025)
		at org.apache.catalina.startup.HostConfig$DeployWar.run(HostConfig.java:1919)
		at java.base/java.util.concurrent.Executors$RunnableAdapter.call(Executors.java:539)
		at java.base/java.util.concurrent.FutureTask.run(FutureTask.java:264)
		at org.apache.tomcat.util.threads.InlineExecutorService.execute(InlineExecutorService.java:75)
		at java.base/java.util.concurrent.AbstractExecutorService.submit(AbstractExecutorService.java:123)
		at org.apache.catalina.startup.HostConfig.deployWARs(HostConfig.java:826)
		at org.apache.catalina.startup.HostConfig.deployApps(HostConfig.java:476)
		at org.apache.catalina.startup.HostConfig.check(HostConfig.java:1668)
		at org.apache.catalina.startup.HostConfig.lifecycleEvent(HostConfig.java:314)
		at org.apache.catalina.util.LifecycleBase.fireLifecycleEvent(LifecycleBase.java:114)
		at org.apache.catalina.core.ContainerBase.backgroundProcess(ContainerBase.java:1098)
		at org.apache.catalina.core.ContainerBase$ContainerBackgroundProcessor.processChildren(ContainerBase.java:1301)
		at org.apache.catalina.core.ContainerBase$ContainerBackgroundProcessor.processChildren(ContainerBase.java:1305)
		at org.apache.catalina.core.ContainerBase$ContainerBackgroundProcessor.run(ContainerBase.java:1283)
		at java.base/java.util.concurrent.Executors$RunnableAdapter.call(Executors.java:539)
		at java.base/java.util.concurrent.FutureTask.runAndReset(FutureTask.java:305)
		at java.base/java.util.concurrent.ScheduledThreadPoolExecutor$ScheduledFutureTask.run(ScheduledThreadPoolExecutor.java:305)
		at java.base/java.util.concurrent.ThreadPoolExecutor.runWorker(ThreadPoolExecutor.java:1136)
		at java.base/java.util.concurrent.ThreadPoolExecutor$Worker.run(ThreadPoolExecutor.java:635)
		at org.apache.tomcat.util.threads.TaskThread$WrappingRunnable.run(TaskThread.java:61)
		at java.base/java.lang.Thread.run(Thread.java:840)
	Caused by: java.lang.ClassNotFoundException: jakarta.servlet.ServletContextListener
		at org.apache.catalina.loader.WebappClassLoaderBase.loadClass(WebappClassLoaderBase.java:1329)
		at org.apache.catalina.loader.WebappClassLoaderBase.loadClass(WebappClassLoaderBase.java:1141)
		... 38 more
15-Apr-2026 10:28:41.815 SEVERE [Catalina-utility-2] org.apache.catalina.core.StandardContext.listenerStart Error configuring application listener of class [hudson.WebAppMain]
	java.lang.NoClassDefFoundError: jakarta/servlet/ServletContextListener
		at java.base/java.lang.ClassLoader.defineClass1(Native Method)
		at java.base/java.lang.ClassLoader.defineClass(ClassLoader.java:1017)
		at java.base/java.security.SecureClassLoader.defineClass(SecureClassLoader.java:150)
		at org.apache.catalina.loader.WebappClassLoaderBase.findClassInternal(WebappClassLoaderBase.java:2337)
		at org.apache.catalina.loader.WebappClassLoaderBase.findClass(WebappClassLoaderBase.java:810)
		at org.apache.catalina.loader.WebappClassLoaderBase.loadClass(WebappClassLoaderBase.java:1293)
		at org.apache.catalina.loader.WebappClassLoaderBase.loadClass(WebappClassLoaderBase.java:1141)
		at org.apache.catalina.core.DefaultInstanceManager.loadClass(DefaultInstanceManager.java:488)
		at org.apache.catalina.core.DefaultInstanceManager.loadClassMaybePrivileged(DefaultInstanceManager.java:470)
		at org.apache.catalina.core.DefaultInstanceManager.newInstance(DefaultInstanceManager.java:142)
		at org.apache.catalina.core.StandardContext.listenerStart(StandardContext.java:4389)
		at org.apache.catalina.core.StandardContext.startInternal(StandardContext.java:4914)
		at org.apache.catalina.util.LifecycleBase.start(LifecycleBase.java:171)
		at org.apache.catalina.core.ContainerBase.addChildInternal(ContainerBase.java:683)
		at org.apache.catalina.core.ContainerBase.addChild(ContainerBase.java:658)
		at org.apache.catalina.core.StandardHost.addChild(StandardHost.java:661)
		at org.apache.catalina.startup.HostConfig.deployWAR(HostConfig.java:1025)
		at org.apache.catalina.startup.HostConfig$DeployWar.run(HostConfig.java:1919)
		at java.base/java.util.concurrent.Executors$RunnableAdapter.call(Executors.java:539)
		at java.base/java.util.concurrent.FutureTask.run(FutureTask.java:264)
		at org.apache.tomcat.util.threads.InlineExecutorService.execute(InlineExecutorService.java:75)
		at java.base/java.util.concurrent.AbstractExecutorService.submit(AbstractExecutorService.java:123)
		at org.apache.catalina.startup.HostConfig.deployWARs(HostConfig.java:826)
		at org.apache.catalina.startup.HostConfig.deployApps(HostConfig.java:476)
		at org.apache.catalina.startup.HostConfig.check(HostConfig.java:1668)
		at org.apache.catalina.startup.HostConfig.lifecycleEvent(HostConfig.java:314)
		at org.apache.catalina.util.LifecycleBase.fireLifecycleEvent(LifecycleBase.java:114)
		at org.apache.catalina.core.ContainerBase.backgroundProcess(ContainerBase.java:1098)
		at org.apache.catalina.core.ContainerBase$ContainerBackgroundProcessor.processChildren(ContainerBase.java:1301)
		at org.apache.catalina.core.ContainerBase$ContainerBackgroundProcessor.processChildren(ContainerBase.java:1305)
		at org.apache.catalina.core.ContainerBase$ContainerBackgroundProcessor.run(ContainerBase.java:1283)
		at java.base/java.util.concurrent.Executors$RunnableAdapter.call(Executors.java:539)
		at java.base/java.util.concurrent.FutureTask.runAndReset(FutureTask.java:305)
		at java.base/java.util.concurrent.ScheduledThreadPoolExecutor$ScheduledFutureTask.run(ScheduledThreadPoolExecutor.java:305)
		at java.base/java.util.concurrent.ThreadPoolExecutor.runWorker(ThreadPoolExecutor.java:1136)
		at java.base/java.util.concurrent.ThreadPoolExecutor$Worker.run(ThreadPoolExecutor.java:635)
		at org.apache.tomcat.util.threads.TaskThread$WrappingRunnable.run(TaskThread.java:61)
		at java.base/java.lang.Thread.run(Thread.java:840)
	Caused by: java.lang.ClassNotFoundException: jakarta.servlet.ServletContextListener
		at org.apache.catalina.loader.WebappClassLoaderBase.loadClass(WebappClassLoaderBase.java:1329)
		at org.apache.catalina.loader.WebappClassLoaderBase.loadClass(WebappClassLoaderBase.java:1141)
		... 38 more
15-Apr-2026 10:28:41.817 SEVERE [Catalina-utility-2] org.apache.catalina.core.StandardContext.listenerStart Error configuring application listener of class [jenkins.JenkinsHttpSessionListener]
	java.lang.NoClassDefFoundError: jakarta/servlet/http/HttpSessionListener
		at java.base/java.lang.ClassLoader.defineClass1(Native Method)
		at java.base/java.lang.ClassLoader.defineClass(ClassLoader.java:1017)
		at java.base/java.security.SecureClassLoader.defineClass(SecureClassLoader.java:150)
		at org.apache.catalina.loader.WebappClassLoaderBase.findClassInternal(WebappClassLoaderBase.java:2337)
		at org.apache.catalina.loader.WebappClassLoaderBase.findClass(WebappClassLoaderBase.java:810)
		at org.apache.catalina.loader.WebappClassLoaderBase.loadClass(WebappClassLoaderBase.java:1293)
		at org.apache.catalina.loader.WebappClassLoaderBase.loadClass(WebappClassLoaderBase.java:1141)
		at org.apache.catalina.core.DefaultInstanceManager.loadClass(DefaultInstanceManager.java:488)
		at org.apache.catalina.core.DefaultInstanceManager.loadClassMaybePrivileged(DefaultInstanceManager.java:470)
		at org.apache.catalina.core.DefaultInstanceManager.newInstance(DefaultInstanceManager.java:142)
		at org.apache.catalina.core.StandardContext.listenerStart(StandardContext.java:4389)
		at org.apache.catalina.core.StandardContext.startInternal(StandardContext.java:4914)
		at org.apache.catalina.util.LifecycleBase.start(LifecycleBase.java:171)
		at org.apache.catalina.core.ContainerBase.addChildInternal(ContainerBase.java:683)
		at org.apache.catalina.core.ContainerBase.addChild(ContainerBase.java:658)
		at org.apache.catalina.core.StandardHost.addChild(StandardHost.java:661)
		at org.apache.catalina.startup.HostConfig.deployWAR(HostConfig.java:1025)
		at org.apache.catalina.startup.HostConfig$DeployWar.run(HostConfig.java:1919)
		at java.base/java.util.concurrent.Executors$RunnableAdapter.call(Executors.java:539)
		at java.base/java.util.concurrent.FutureTask.run(FutureTask.java:264)
		at org.apache.tomcat.util.threads.InlineExecutorService.execute(InlineExecutorService.java:75)
		at java.base/java.util.concurrent.AbstractExecutorService.submit(AbstractExecutorService.java:123)
		at org.apache.catalina.startup.HostConfig.deployWARs(HostConfig.java:826)
		at org.apache.catalina.startup.HostConfig.deployApps(HostConfig.java:476)
		at org.apache.catalina.startup.HostConfig.check(HostConfig.java:1668)
		at org.apache.catalina.startup.HostConfig.lifecycleEvent(HostConfig.java:314)
		at org.apache.catalina.util.LifecycleBase.fireLifecycleEvent(LifecycleBase.java:114)
		at org.apache.catalina.core.ContainerBase.backgroundProcess(ContainerBase.java:1098)
		at org.apache.catalina.core.ContainerBase$ContainerBackgroundProcessor.processChildren(ContainerBase.java:1301)
		at org.apache.catalina.core.ContainerBase$ContainerBackgroundProcessor.processChildren(ContainerBase.java:1305)
		at org.apache.catalina.core.ContainerBase$ContainerBackgroundProcessor.run(ContainerBase.java:1283)
		at java.base/java.util.concurrent.Executors$RunnableAdapter.call(Executors.java:539)
		at java.base/java.util.concurrent.FutureTask.runAndReset(FutureTask.java:305)
		at java.base/java.util.concurrent.ScheduledThreadPoolExecutor$ScheduledFutureTask.run(ScheduledThreadPoolExecutor.java:305)
		at java.base/java.util.concurrent.ThreadPoolExecutor.runWorker(ThreadPoolExecutor.java:1136)
		at java.base/java.util.concurrent.ThreadPoolExecutor$Worker.run(ThreadPoolExecutor.java:635)
		at org.apache.tomcat.util.threads.TaskThread$WrappingRunnable.run(TaskThread.java:61)
		at java.base/java.lang.Thread.run(Thread.java:840)
	Caused by: java.lang.ClassNotFoundException: jakarta.servlet.http.HttpSessionListener
		at org.apache.catalina.loader.WebappClassLoaderBase.loadClass(WebappClassLoaderBase.java:1329)
		at org.apache.catalina.loader.WebappClassLoaderBase.loadClass(WebappClassLoaderBase.java:1141)
		... 38 more
15-Apr-2026 10:28:41.817 SEVERE [Catalina-utility-2] org.apache.catalina.core.StandardContext.listenerStart Skipped installing application listeners due to previous error(s)
15-Apr-2026 10:28:46.009 INFO [main] org.apache.catalina.core.ApplicationContext.log SessionListener: contextDestroyed()
15-Apr-2026 10:28:46.009 INFO [main] org.apache.catalina.core.ApplicationContext.log ContextListener: contextDestroyed()
15-Apr-2026 10:29:04.677 SEVERE [main] org.apache.catalina.core.StandardContext.listenerStart Error configuring application listener of class [jenkins.util.SystemProperties$Listener]
	java.lang.NoClassDefFoundError: jakarta/servlet/ServletContextListener
		at java.base/java.lang.ClassLoader.defineClass1(Native Method)
		at java.base/java.lang.ClassLoader.defineClass(ClassLoader.java:1017)
		at java.base/java.security.SecureClassLoader.defineClass(SecureClassLoader.java:150)
		at org.apache.catalina.loader.WebappClassLoaderBase.findClassInternal(WebappClassLoaderBase.java:2337)
		at org.apache.catalina.loader.WebappClassLoaderBase.findClass(WebappClassLoaderBase.java:810)
		at org.apache.catalina.loader.WebappClassLoaderBase.loadClass(WebappClassLoaderBase.java:1293)
		at org.apache.catalina.loader.WebappClassLoaderBase.loadClass(WebappClassLoaderBase.java:1141)
		at org.apache.catalina.core.DefaultInstanceManager.loadClass(DefaultInstanceManager.java:488)
		at org.apache.catalina.core.DefaultInstanceManager.loadClassMaybePrivileged(DefaultInstanceManager.java:470)
		at org.apache.catalina.core.DefaultInstanceManager.newInstance(DefaultInstanceManager.java:142)
		at org.apache.catalina.core.StandardContext.listenerStart(StandardContext.java:4389)
		at org.apache.catalina.core.StandardContext.startInternal(StandardContext.java:4914)
		at org.apache.catalina.util.LifecycleBase.start(LifecycleBase.java:171)
		at org.apache.catalina.core.ContainerBase.addChildInternal(ContainerBase.java:683)
		at org.apache.catalina.core.ContainerBase.addChild(ContainerBase.java:658)
		at org.apache.catalina.core.StandardHost.addChild(StandardHost.java:661)
		at org.apache.catalina.startup.HostConfig.deployWAR(HostConfig.java:1025)
		at org.apache.catalina.startup.HostConfig$DeployWar.run(HostConfig.java:1919)
		at java.base/java.util.concurrent.Executors$RunnableAdapter.call(Executors.java:539)
		at java.base/java.util.concurrent.FutureTask.run(FutureTask.java:264)
		at org.apache.tomcat.util.threads.InlineExecutorService.execute(InlineExecutorService.java:75)
		at java.base/java.util.concurrent.AbstractExecutorService.submit(AbstractExecutorService.java:123)
		at org.apache.catalina.startup.HostConfig.deployWARs(HostConfig.java:826)
		at org.apache.catalina.startup.HostConfig.deployApps(HostConfig.java:476)
		at org.apache.catalina.startup.HostConfig.start(HostConfig.java:1619)
		at org.apache.catalina.startup.HostConfig.lifecycleEvent(HostConfig.java:318)
		at org.apache.catalina.util.LifecycleBase.fireLifecycleEvent(LifecycleBase.java:114)
		at org.apache.catalina.util.LifecycleBase.setStateInternal(LifecycleBase.java:402)
		at org.apache.catalina.util.LifecycleBase.setState(LifecycleBase.java:345)
		at org.apache.catalina.core.ContainerBase.startInternal(ContainerBase.java:893)
		at org.apache.catalina.core.StandardHost.startInternal(StandardHost.java:794)
		at org.apache.catalina.util.LifecycleBase.start(LifecycleBase.java:171)
		at org.apache.catalina.core.ContainerBase$StartChild.call(ContainerBase.java:1332)
		at org.apache.catalina.core.ContainerBase$StartChild.call(ContainerBase.java:1322)
		at java.base/java.util.concurrent.FutureTask.run(FutureTask.java:264)
		at org.apache.tomcat.util.threads.InlineExecutorService.execute(InlineExecutorService.java:75)
		at java.base/java.util.concurrent.AbstractExecutorService.submit(AbstractExecutorService.java:145)
		at org.apache.catalina.core.ContainerBase.startInternal(ContainerBase.java:866)
		at org.apache.catalina.core.StandardEngine.startInternal(StandardEngine.java:248)
		at org.apache.catalina.util.LifecycleBase.start(LifecycleBase.java:171)
		at org.apache.catalina.core.StandardService.startInternal(StandardService.java:433)
		at org.apache.catalina.util.LifecycleBase.start(LifecycleBase.java:171)
		at org.apache.catalina.core.StandardServer.startInternal(StandardServer.java:921)
		at org.apache.catalina.util.LifecycleBase.start(LifecycleBase.java:171)
		at org.apache.catalina.startup.Catalina.start(Catalina.java:772)
		at java.base/jdk.internal.reflect.NativeMethodAccessorImpl.invoke0(Native Method)
		at java.base/jdk.internal.reflect.NativeMethodAccessorImpl.invoke(NativeMethodAccessorImpl.java:77)
		at java.base/jdk.internal.reflect.DelegatingMethodAccessorImpl.invoke(DelegatingMethodAccessorImpl.java:43)
		at java.base/java.lang.reflect.Method.invoke(Method.java:569)
		at org.apache.catalina.startup.Bootstrap.start(Bootstrap.java:347)
		at org.apache.catalina.startup.Bootstrap.main(Bootstrap.java:478)
	Caused by: java.lang.ClassNotFoundException: jakarta.servlet.ServletContextListener
		at org.apache.catalina.loader.WebappClassLoaderBase.loadClass(WebappClassLoaderBase.java:1329)
		at org.apache.catalina.loader.WebappClassLoaderBase.loadClass(WebappClassLoaderBase.java:1141)
		... 51 more
15-Apr-2026 10:29:04.682 SEVERE [main] org.apache.catalina.core.StandardContext.listenerStart Error configuring application listener of class [hudson.WebAppMain]
	java.lang.NoClassDefFoundError: jakarta/servlet/ServletContextListener
		at java.base/java.lang.ClassLoader.defineClass1(Native Method)
		at java.base/java.lang.ClassLoader.defineClass(ClassLoader.java:1017)
		at java.base/java.security.SecureClassLoader.defineClass(SecureClassLoader.java:150)
		at org.apache.catalina.loader.WebappClassLoaderBase.findClassInternal(WebappClassLoaderBase.java:2337)
		at org.apache.catalina.loader.WebappClassLoaderBase.findClass(WebappClassLoaderBase.java:810)
		at org.apache.catalina.loader.WebappClassLoaderBase.loadClass(WebappClassLoaderBase.java:1293)
		at org.apache.catalina.loader.WebappClassLoaderBase.loadClass(WebappClassLoaderBase.java:1141)
		at org.apache.catalina.core.DefaultInstanceManager.loadClass(DefaultInstanceManager.java:488)
		at org.apache.catalina.core.DefaultInstanceManager.loadClassMaybePrivileged(DefaultInstanceManager.java:470)
		at org.apache.catalina.core.DefaultInstanceManager.newInstance(DefaultInstanceManager.java:142)
		at org.apache.catalina.core.StandardContext.listenerStart(StandardContext.java:4389)
		at org.apache.catalina.core.StandardContext.startInternal(StandardContext.java:4914)
		at org.apache.catalina.util.LifecycleBase.start(LifecycleBase.java:171)
		at org.apache.catalina.core.ContainerBase.addChildInternal(ContainerBase.java:683)
		at org.apache.catalina.core.ContainerBase.addChild(ContainerBase.java:658)
		at org.apache.catalina.core.StandardHost.addChild(StandardHost.java:661)
		at org.apache.catalina.startup.HostConfig.deployWAR(HostConfig.java:1025)
		at org.apache.catalina.startup.HostConfig$DeployWar.run(HostConfig.java:1919)
		at java.base/java.util.concurrent.Executors$RunnableAdapter.call(Executors.java:539)
		at java.base/java.util.concurrent.FutureTask.run(FutureTask.java:264)
		at org.apache.tomcat.util.threads.InlineExecutorService.execute(InlineExecutorService.java:75)
		at java.base/java.util.concurrent.AbstractExecutorService.submit(AbstractExecutorService.java:123)
		at org.apache.catalina.startup.HostConfig.deployWARs(HostConfig.java:826)
		at org.apache.catalina.startup.HostConfig.deployApps(HostConfig.java:476)
		at org.apache.catalina.startup.HostConfig.start(HostConfig.java:1619)
		at org.apache.catalina.startup.HostConfig.lifecycleEvent(HostConfig.java:318)
		at org.apache.catalina.util.LifecycleBase.fireLifecycleEvent(LifecycleBase.java:114)
		at org.apache.catalina.util.LifecycleBase.setStateInternal(LifecycleBase.java:402)
		at org.apache.catalina.util.LifecycleBase.setState(LifecycleBase.java:345)
		at org.apache.catalina.core.ContainerBase.startInternal(ContainerBase.java:893)
		at org.apache.catalina.core.StandardHost.startInternal(StandardHost.java:794)
		at org.apache.catalina.util.LifecycleBase.start(LifecycleBase.java:171)
		at org.apache.catalina.core.ContainerBase$StartChild.call(ContainerBase.java:1332)
		at org.apache.catalina.core.ContainerBase$StartChild.call(ContainerBase.java:1322)
		at java.base/java.util.concurrent.FutureTask.run(FutureTask.java:264)
		at org.apache.tomcat.util.threads.InlineExecutorService.execute(InlineExecutorService.java:75)
		at java.base/java.util.concurrent.AbstractExecutorService.submit(AbstractExecutorService.java:145)
		at org.apache.catalina.core.ContainerBase.startInternal(ContainerBase.java:866)
		at org.apache.catalina.core.StandardEngine.startInternal(StandardEngine.java:248)
		at org.apache.catalina.util.LifecycleBase.start(LifecycleBase.java:171)
		at org.apache.catalina.core.StandardService.startInternal(StandardService.java:433)
		at org.apache.catalina.util.LifecycleBase.start(LifecycleBase.java:171)
		at org.apache.catalina.core.StandardServer.startInternal(StandardServer.java:921)
		at org.apache.catalina.util.LifecycleBase.start(LifecycleBase.java:171)
		at org.apache.catalina.startup.Catalina.start(Catalina.java:772)
		at java.base/jdk.internal.reflect.NativeMethodAccessorImpl.invoke0(Native Method)
		at java.base/jdk.internal.reflect.NativeMethodAccessorImpl.invoke(NativeMethodAccessorImpl.java:77)
		at java.base/jdk.internal.reflect.DelegatingMethodAccessorImpl.invoke(DelegatingMethodAccessorImpl.java:43)
		at java.base/java.lang.reflect.Method.invoke(Method.java:569)
		at org.apache.catalina.startup.Bootstrap.start(Bootstrap.java:347)
		at org.apache.catalina.startup.Bootstrap.main(Bootstrap.java:478)
	Caused by: java.lang.ClassNotFoundException: jakarta.servlet.ServletContextListener
		at org.apache.catalina.loader.WebappClassLoaderBase.loadClass(WebappClassLoaderBase.java:1329)
		at org.apache.catalina.loader.WebappClassLoaderBase.loadClass(WebappClassLoaderBase.java:1141)
		... 51 more
15-Apr-2026 10:29:04.684 SEVERE [main] org.apache.catalina.core.StandardContext.listenerStart Error configuring application listener of class [jenkins.JenkinsHttpSessionListener]
	java.lang.NoClassDefFoundError: jakarta/servlet/http/HttpSessionListener
		at java.base/java.lang.ClassLoader.defineClass1(Native Method)
		at java.base/java.lang.ClassLoader.defineClass(ClassLoader.java:1017)
		at java.base/java.security.SecureClassLoader.defineClass(SecureClassLoader.java:150)
		at org.apache.catalina.loader.WebappClassLoaderBase.findClassInternal(WebappClassLoaderBase.java:2337)
		at org.apache.catalina.loader.WebappClassLoaderBase.findClass(WebappClassLoaderBase.java:810)
		at org.apache.catalina.loader.WebappClassLoaderBase.loadClass(WebappClassLoaderBase.java:1293)
		at org.apache.catalina.loader.WebappClassLoaderBase.loadClass(WebappClassLoaderBase.java:1141)
		at org.apache.catalina.core.DefaultInstanceManager.loadClass(DefaultInstanceManager.java:488)
		at org.apache.catalina.core.DefaultInstanceManager.loadClassMaybePrivileged(DefaultInstanceManager.java:470)
		at org.apache.catalina.core.DefaultInstanceManager.newInstance(DefaultInstanceManager.java:142)
		at org.apache.catalina.core.StandardContext.listenerStart(StandardContext.java:4389)
		at org.apache.catalina.core.StandardContext.startInternal(StandardContext.java:4914)
		at org.apache.catalina.util.LifecycleBase.start(LifecycleBase.java:171)
		at org.apache.catalina.core.ContainerBase.addChildInternal(ContainerBase.java:683)
		at org.apache.catalina.core.ContainerBase.addChild(ContainerBase.java:658)
		at org.apache.catalina.core.StandardHost.addChild(StandardHost.java:661)
		at org.apache.catalina.startup.HostConfig.deployWAR(HostConfig.java:1025)
		at org.apache.catalina.startup.HostConfig$DeployWar.run(HostConfig.java:1919)
		at java.base/java.util.concurrent.Executors$RunnableAdapter.call(Executors.java:539)
		at java.base/java.util.concurrent.FutureTask.run(FutureTask.java:264)
		at org.apache.tomcat.util.threads.InlineExecutorService.execute(InlineExecutorService.java:75)
		at java.base/java.util.concurrent.AbstractExecutorService.submit(AbstractExecutorService.java:123)
		at org.apache.catalina.startup.HostConfig.deployWARs(HostConfig.java:826)
		at org.apache.catalina.startup.HostConfig.deployApps(HostConfig.java:476)
		at org.apache.catalina.startup.HostConfig.start(HostConfig.java:1619)
		at org.apache.catalina.startup.HostConfig.lifecycleEvent(HostConfig.java:318)
		at org.apache.catalina.util.LifecycleBase.fireLifecycleEvent(LifecycleBase.java:114)
		at org.apache.catalina.util.LifecycleBase.setStateInternal(LifecycleBase.java:402)
		at org.apache.catalina.util.LifecycleBase.setState(LifecycleBase.java:345)
		at org.apache.catalina.core.ContainerBase.startInternal(ContainerBase.java:893)
		at org.apache.catalina.core.StandardHost.startInternal(StandardHost.java:794)
		at org.apache.catalina.util.LifecycleBase.start(LifecycleBase.java:171)
		at org.apache.catalina.core.ContainerBase$StartChild.call(ContainerBase.java:1332)
		at org.apache.catalina.core.ContainerBase$StartChild.call(ContainerBase.java:1322)
		at java.base/java.util.concurrent.FutureTask.run(FutureTask.java:264)
		at org.apache.tomcat.util.threads.InlineExecutorService.execute(InlineExecutorService.java:75)
		at java.base/java.util.concurrent.AbstractExecutorService.submit(AbstractExecutorService.java:145)
		at org.apache.catalina.core.ContainerBase.startInternal(ContainerBase.java:866)
		at org.apache.catalina.core.StandardEngine.startInternal(StandardEngine.java:248)
		at org.apache.catalina.util.LifecycleBase.start(LifecycleBase.java:171)
		at org.apache.catalina.core.StandardService.startInternal(StandardService.java:433)
		at org.apache.catalina.util.LifecycleBase.start(LifecycleBase.java:171)
		at org.apache.catalina.core.StandardServer.startInternal(StandardServer.java:921)
		at org.apache.catalina.util.LifecycleBase.start(LifecycleBase.java:171)
		at org.apache.catalina.startup.Catalina.start(Catalina.java:772)
		at java.base/jdk.internal.reflect.NativeMethodAccessorImpl.invoke0(Native Method)
		at java.base/jdk.internal.reflect.NativeMethodAccessorImpl.invoke(NativeMethodAccessorImpl.java:77)
		at java.base/jdk.internal.reflect.DelegatingMethodAccessorImpl.invoke(DelegatingMethodAccessorImpl.java:43)
		at java.base/java.lang.reflect.Method.invoke(Method.java:569)
		at org.apache.catalina.startup.Bootstrap.start(Bootstrap.java:347)
		at org.apache.catalina.startup.Bootstrap.main(Bootstrap.java:478)
	Caused by: java.lang.ClassNotFoundException: jakarta.servlet.http.HttpSessionListener
		at org.apache.catalina.loader.WebappClassLoaderBase.loadClass(WebappClassLoaderBase.java:1329)
		at org.apache.catalina.loader.WebappClassLoaderBase.loadClass(WebappClassLoaderBase.java:1141)
		... 51 more
15-Apr-2026 10:29:04.685 SEVERE [main] org.apache.catalina.core.StandardContext.listenerStart Skipped installing application listeners due to previous error(s)
15-Apr-2026 10:29:14.429 INFO [main] org.apache.catalina.core.ApplicationContext.log No Spring WebApplicationInitializer types detected on classpath
15-Apr-2026 10:29:14.981 INFO [main] org.apache.catalina.core.ApplicationContext.log ContextListener: contextInitialized()
15-Apr-2026 10:29:14.982 INFO [main] org.apache.catalina.core.ApplicationContext.log SessionListener: contextInitialized()
15-Apr-2026 10:29:14.985 INFO [main] org.apache.catalina.core.ApplicationContext.log ContextListener: attributeAdded('StockTicker', 'async.Stockticker@500d8768')
15-Apr-2026 10:31:47.448 INFO [main] org.apache.catalina.core.ApplicationContext.log SessionListener: contextDestroyed()
15-Apr-2026 10:31:47.449 INFO [main] org.apache.catalina.core.ApplicationContext.log ContextListener: contextDestroyed()
15-Apr-2026 10:32:09.822 SEVERE [main] org.apache.catalina.core.StandardContext.listenerStart Error configuring application listener of class [jenkins.util.SystemProperties$Listener]
	java.lang.NoClassDefFoundError: jakarta/servlet/ServletContextListener
		at java.base/java.lang.ClassLoader.defineClass1(Native Method)
		at java.base/java.lang.ClassLoader.defineClass(ClassLoader.java:1017)
		at java.base/java.security.SecureClassLoader.defineClass(SecureClassLoader.java:150)
		at org.apache.catalina.loader.WebappClassLoaderBase.findClassInternal(WebappClassLoaderBase.java:2337)
		at org.apache.catalina.loader.WebappClassLoaderBase.findClass(WebappClassLoaderBase.java:810)
		at org.apache.catalina.loader.WebappClassLoaderBase.loadClass(WebappClassLoaderBase.java:1293)
		at org.apache.catalina.loader.WebappClassLoaderBase.loadClass(WebappClassLoaderBase.java:1141)
		at org.apache.catalina.core.DefaultInstanceManager.loadClass(DefaultInstanceManager.java:488)
		at org.apache.catalina.core.DefaultInstanceManager.loadClassMaybePrivileged(DefaultInstanceManager.java:470)
		at org.apache.catalina.core.DefaultInstanceManager.newInstance(DefaultInstanceManager.java:142)
		at org.apache.catalina.core.StandardContext.listenerStart(StandardContext.java:4389)
		at org.apache.catalina.core.StandardContext.startInternal(StandardContext.java:4914)
		at org.apache.catalina.util.LifecycleBase.start(LifecycleBase.java:171)
		at org.apache.catalina.core.ContainerBase.addChildInternal(ContainerBase.java:683)
		at org.apache.catalina.core.ContainerBase.addChild(ContainerBase.java:658)
		at org.apache.catalina.core.StandardHost.addChild(StandardHost.java:661)
		at org.apache.catalina.startup.HostConfig.deployWAR(HostConfig.java:1025)
		at org.apache.catalina.startup.HostConfig$DeployWar.run(HostConfig.java:1919)
		at java.base/java.util.concurrent.Executors$RunnableAdapter.call(Executors.java:539)
		at java.base/java.util.concurrent.FutureTask.run(FutureTask.java:264)
		at org.apache.tomcat.util.threads.InlineExecutorService.execute(InlineExecutorService.java:75)
		at java.base/java.util.concurrent.AbstractExecutorService.submit(AbstractExecutorService.java:123)
		at org.apache.catalina.startup.HostConfig.deployWARs(HostConfig.java:826)
		at org.apache.catalina.startup.HostConfig.deployApps(HostConfig.java:476)
		at org.apache.catalina.startup.HostConfig.start(HostConfig.java:1619)
		at org.apache.catalina.startup.HostConfig.lifecycleEvent(HostConfig.java:318)
		at org.apache.catalina.util.LifecycleBase.fireLifecycleEvent(LifecycleBase.java:114)
		at org.apache.catalina.util.LifecycleBase.setStateInternal(LifecycleBase.java:402)
		at org.apache.catalina.util.LifecycleBase.setState(LifecycleBase.java:345)
		at org.apache.catalina.core.ContainerBase.startInternal(ContainerBase.java:893)
		at org.apache.catalina.core.StandardHost.startInternal(StandardHost.java:794)
		at org.apache.catalina.util.LifecycleBase.start(LifecycleBase.java:171)
		at org.apache.catalina.core.ContainerBase$StartChild.call(ContainerBase.java:1332)
		at org.apache.catalina.core.ContainerBase$StartChild.call(ContainerBase.java:1322)
		at java.base/java.util.concurrent.FutureTask.run(FutureTask.java:264)
		at org.apache.tomcat.util.threads.InlineExecutorService.execute(InlineExecutorService.java:75)
		at java.base/java.util.concurrent.AbstractExecutorService.submit(AbstractExecutorService.java:145)
		at org.apache.catalina.core.ContainerBase.startInternal(ContainerBase.java:866)
		at org.apache.catalina.core.StandardEngine.startInternal(StandardEngine.java:248)
		at org.apache.catalina.util.LifecycleBase.start(LifecycleBase.java:171)
		at org.apache.catalina.core.StandardService.startInternal(StandardService.java:433)
		at org.apache.catalina.util.LifecycleBase.start(LifecycleBase.java:171)
		at org.apache.catalina.core.StandardServer.startInternal(StandardServer.java:921)
		at org.apache.catalina.util.LifecycleBase.start(LifecycleBase.java:171)
		at org.apache.catalina.startup.Catalina.start(Catalina.java:772)
		at java.base/jdk.internal.reflect.NativeMethodAccessorImpl.invoke0(Native Method)
		at java.base/jdk.internal.reflect.NativeMethodAccessorImpl.invoke(NativeMethodAccessorImpl.java:77)
		at java.base/jdk.internal.reflect.DelegatingMethodAccessorImpl.invoke(DelegatingMethodAccessorImpl.java:43)
		at java.base/java.lang.reflect.Method.invoke(Method.java:569)
		at org.apache.catalina.startup.Bootstrap.start(Bootstrap.java:347)
		at org.apache.catalina.startup.Bootstrap.main(Bootstrap.java:478)
	Caused by: java.lang.ClassNotFoundException: jakarta.servlet.ServletContextListener
		at org.apache.catalina.loader.WebappClassLoaderBase.loadClass(WebappClassLoaderBase.java:1329)
		at org.apache.catalina.loader.WebappClassLoaderBase.loadClass(WebappClassLoaderBase.java:1141)
		... 51 more
15-Apr-2026 10:32:09.825 SEVERE [main] org.apache.catalina.core.StandardContext.listenerStart Error configuring application listener of class [hudson.WebAppMain]
	java.lang.NoClassDefFoundError: jakarta/servlet/ServletContextListener
		at java.base/java.lang.ClassLoader.defineClass1(Native Method)
		at java.base/java.lang.ClassLoader.defineClass(ClassLoader.java:1017)
		at java.base/java.security.SecureClassLoader.defineClass(SecureClassLoader.java:150)
		at org.apache.catalina.loader.WebappClassLoaderBase.findClassInternal(WebappClassLoaderBase.java:2337)
		at org.apache.catalina.loader.WebappClassLoaderBase.findClass(WebappClassLoaderBase.java:810)
		at org.apache.catalina.loader.WebappClassLoaderBase.loadClass(WebappClassLoaderBase.java:1293)
		at org.apache.catalina.loader.WebappClassLoaderBase.loadClass(WebappClassLoaderBase.java:1141)
		at org.apache.catalina.core.DefaultInstanceManager.loadClass(DefaultInstanceManager.java:488)
		at org.apache.catalina.core.DefaultInstanceManager.loadClassMaybePrivileged(DefaultInstanceManager.java:470)
		at org.apache.catalina.core.DefaultInstanceManager.newInstance(DefaultInstanceManager.java:142)
		at org.apache.catalina.core.StandardContext.listenerStart(StandardContext.java:4389)
		at org.apache.catalina.core.StandardContext.startInternal(StandardContext.java:4914)
		at org.apache.catalina.util.LifecycleBase.start(LifecycleBase.java:171)
		at org.apache.catalina.core.ContainerBase.addChildInternal(ContainerBase.java:683)
		at org.apache.catalina.core.ContainerBase.addChild(ContainerBase.java:658)
		at org.apache.catalina.core.StandardHost.addChild(StandardHost.java:661)
		at org.apache.catalina.startup.HostConfig.deployWAR(HostConfig.java:1025)
		at org.apache.catalina.startup.HostConfig$DeployWar.run(HostConfig.java:1919)
		at java.base/java.util.concurrent.Executors$RunnableAdapter.call(Executors.java:539)
		at java.base/java.util.concurrent.FutureTask.run(FutureTask.java:264)
		at org.apache.tomcat.util.threads.InlineExecutorService.execute(InlineExecutorService.java:75)
		at java.base/java.util.concurrent.AbstractExecutorService.submit(AbstractExecutorService.java:123)
		at org.apache.catalina.startup.HostConfig.deployWARs(HostConfig.java:826)
		at org.apache.catalina.startup.HostConfig.deployApps(HostConfig.java:476)
		at org.apache.catalina.startup.HostConfig.start(HostConfig.java:1619)
		at org.apache.catalina.startup.HostConfig.lifecycleEvent(HostConfig.java:318)
		at org.apache.catalina.util.LifecycleBase.fireLifecycleEvent(LifecycleBase.java:114)
		at org.apache.catalina.util.LifecycleBase.setStateInternal(LifecycleBase.java:402)
		at org.apache.catalina.util.LifecycleBase.setState(LifecycleBase.java:345)
		at org.apache.catalina.core.ContainerBase.startInternal(ContainerBase.java:893)
		at org.apache.catalina.core.StandardHost.startInternal(StandardHost.java:794)
		at org.apache.catalina.util.LifecycleBase.start(LifecycleBase.java:171)
		at org.apache.catalina.core.ContainerBase$StartChild.call(ContainerBase.java:1332)
		at org.apache.catalina.core.ContainerBase$StartChild.call(ContainerBase.java:1322)
		at java.base/java.util.concurrent.FutureTask.run(FutureTask.java:264)
		at org.apache.tomcat.util.threads.InlineExecutorService.execute(InlineExecutorService.java:75)
		at java.base/java.util.concurrent.AbstractExecutorService.submit(AbstractExecutorService.java:145)
		at org.apache.catalina.core.ContainerBase.startInternal(ContainerBase.java:866)
		at org.apache.catalina.core.StandardEngine.startInternal(StandardEngine.java:248)
		at org.apache.catalina.util.LifecycleBase.start(LifecycleBase.java:171)
		at org.apache.catalina.core.StandardService.startInternal(StandardService.java:433)
		at org.apache.catalina.util.LifecycleBase.start(LifecycleBase.java:171)
		at org.apache.catalina.core.StandardServer.startInternal(StandardServer.java:921)
		at org.apache.catalina.util.LifecycleBase.start(LifecycleBase.java:171)
		at org.apache.catalina.startup.Catalina.start(Catalina.java:772)
		at java.base/jdk.internal.reflect.NativeMethodAccessorImpl.invoke0(Native Method)
		at java.base/jdk.internal.reflect.NativeMethodAccessorImpl.invoke(NativeMethodAccessorImpl.java:77)
		at java.base/jdk.internal.reflect.DelegatingMethodAccessorImpl.invoke(DelegatingMethodAccessorImpl.java:43)
		at java.base/java.lang.reflect.Method.invoke(Method.java:569)
		at org.apache.catalina.startup.Bootstrap.start(Bootstrap.java:347)
		at org.apache.catalina.startup.Bootstrap.main(Bootstrap.java:478)
	Caused by: java.lang.ClassNotFoundException: jakarta.servlet.ServletContextListener
		at org.apache.catalina.loader.WebappClassLoaderBase.loadClass(WebappClassLoaderBase.java:1329)
		at org.apache.catalina.loader.WebappClassLoaderBase.loadClass(WebappClassLoaderBase.java:1141)
		... 51 more
15-Apr-2026 10:32:09.830 SEVERE [main] org.apache.catalina.core.StandardContext.listenerStart Error configuring application listener of class [jenkins.JenkinsHttpSessionListener]
	java.lang.NoClassDefFoundError: jakarta/servlet/http/HttpSessionListener
		at java.base/java.lang.ClassLoader.defineClass1(Native Method)
		at java.base/java.lang.ClassLoader.defineClass(ClassLoader.java:1017)
		at java.base/java.security.SecureClassLoader.defineClass(SecureClassLoader.java:150)
		at org.apache.catalina.loader.WebappClassLoaderBase.findClassInternal(WebappClassLoaderBase.java:2337)
		at org.apache.catalina.loader.WebappClassLoaderBase.findClass(WebappClassLoaderBase.java:810)
		at org.apache.catalina.loader.WebappClassLoaderBase.loadClass(WebappClassLoaderBase.java:1293)
		at org.apache.catalina.loader.WebappClassLoaderBase.loadClass(WebappClassLoaderBase.java:1141)
		at org.apache.catalina.core.DefaultInstanceManager.loadClass(DefaultInstanceManager.java:488)
		at org.apache.catalina.core.DefaultInstanceManager.loadClassMaybePrivileged(DefaultInstanceManager.java:470)
		at org.apache.catalina.core.DefaultInstanceManager.newInstance(DefaultInstanceManager.java:142)
		at org.apache.catalina.core.StandardContext.listenerStart(StandardContext.java:4389)
		at org.apache.catalina.core.StandardContext.startInternal(StandardContext.java:4914)
		at org.apache.catalina.util.LifecycleBase.start(LifecycleBase.java:171)
		at org.apache.catalina.core.ContainerBase.addChildInternal(ContainerBase.java:683)
		at org.apache.catalina.core.ContainerBase.addChild(ContainerBase.java:658)
		at org.apache.catalina.core.StandardHost.addChild(StandardHost.java:661)
		at org.apache.catalina.startup.HostConfig.deployWAR(HostConfig.java:1025)
		at org.apache.catalina.startup.HostConfig$DeployWar.run(HostConfig.java:1919)
		at java.base/java.util.concurrent.Executors$RunnableAdapter.call(Executors.java:539)
		at java.base/java.util.concurrent.FutureTask.run(FutureTask.java:264)
		at org.apache.tomcat.util.threads.InlineExecutorService.execute(InlineExecutorService.java:75)
		at java.base/java.util.concurrent.AbstractExecutorService.submit(AbstractExecutorService.java:123)
		at org.apache.catalina.startup.HostConfig.deployWARs(HostConfig.java:826)
		at org.apache.catalina.startup.HostConfig.deployApps(HostConfig.java:476)
		at org.apache.catalina.startup.HostConfig.start(HostConfig.java:1619)
		at org.apache.catalina.startup.HostConfig.lifecycleEvent(HostConfig.java:318)
		at org.apache.catalina.util.LifecycleBase.fireLifecycleEvent(LifecycleBase.java:114)
		at org.apache.catalina.util.LifecycleBase.setStateInternal(LifecycleBase.java:402)
		at org.apache.catalina.util.LifecycleBase.setState(LifecycleBase.java:345)
		at org.apache.catalina.core.ContainerBase.startInternal(ContainerBase.java:893)
		at org.apache.catalina.core.StandardHost.startInternal(StandardHost.java:794)
		at org.apache.catalina.util.LifecycleBase.start(LifecycleBase.java:171)
		at org.apache.catalina.core.ContainerBase$StartChild.call(ContainerBase.java:1332)
		at org.apache.catalina.core.ContainerBase$StartChild.call(ContainerBase.java:1322)
		at java.base/java.util.concurrent.FutureTask.run(FutureTask.java:264)
		at org.apache.tomcat.util.threads.InlineExecutorService.execute(InlineExecutorService.java:75)
		at java.base/java.util.concurrent.AbstractExecutorService.submit(AbstractExecutorService.java:145)
		at org.apache.catalina.core.ContainerBase.startInternal(ContainerBase.java:866)
		at org.apache.catalina.core.StandardEngine.startInternal(StandardEngine.java:248)
		at org.apache.catalina.util.LifecycleBase.start(LifecycleBase.java:171)
		at org.apache.catalina.core.StandardService.startInternal(StandardService.java:433)
		at org.apache.catalina.util.LifecycleBase.start(LifecycleBase.java:171)
		at org.apache.catalina.core.StandardServer.startInternal(StandardServer.java:921)
		at org.apache.catalina.util.LifecycleBase.start(LifecycleBase.java:171)
		at org.apache.catalina.startup.Catalina.start(Catalina.java:772)
		at java.base/jdk.internal.reflect.NativeMethodAccessorImpl.invoke0(Native Method)
		at java.base/jdk.internal.reflect.NativeMethodAccessorImpl.invoke(NativeMethodAccessorImpl.java:77)
		at java.base/jdk.internal.reflect.DelegatingMethodAccessorImpl.invoke(DelegatingMethodAccessorImpl.java:43)
		at java.base/java.lang.reflect.Method.invoke(Method.java:569)
		at org.apache.catalina.startup.Bootstrap.start(Bootstrap.java:347)
		at org.apache.catalina.startup.Bootstrap.main(Bootstrap.java:478)
	Caused by: java.lang.ClassNotFoundException: jakarta.servlet.http.HttpSessionListener
		at org.apache.catalina.loader.WebappClassLoaderBase.loadClass(WebappClassLoaderBase.java:1329)
		at org.apache.catalina.loader.WebappClassLoaderBase.loadClass(WebappClassLoaderBase.java:1141)
		... 51 more
15-Apr-2026 10:32:09.830 SEVERE [main] org.apache.catalina.core.StandardContext.listenerStart Skipped installing application listeners due to previous error(s)
15-Apr-2026 10:32:20.542 INFO [main] org.apache.catalina.core.ApplicationContext.log No Spring WebApplicationInitializer types detected on classpath
15-Apr-2026 10:32:21.129 INFO [main] org.apache.catalina.core.ApplicationContext.log ContextListener: contextInitialized()
15-Apr-2026 10:32:21.129 INFO [main] org.apache.catalina.core.ApplicationContext.log SessionListener: contextInitialized()
15-Apr-2026 10:32:21.133 INFO [main] org.apache.catalina.core.ApplicationContext.log ContextListener: attributeAdded('StockTicker', 'async.Stockticker@29ac2d4d')
15-Apr-2026 10:34:03.611 INFO [main] org.apache.catalina.core.ApplicationContext.log SessionListener: contextDestroyed()
15-Apr-2026 10:34:03.612 INFO [main] org.apache.catalina.core.ApplicationContext.log ContextListener: contextDestroyed()
15-Apr-2026 10:34:19.391 SEVERE [main] org.apache.catalina.core.StandardContext.listenerStart Error configuring application listener of class [jenkins.util.SystemProperties$Listener]
	java.lang.NoClassDefFoundError: jakarta/servlet/ServletContextListener
		at java.base/java.lang.ClassLoader.defineClass1(Native Method)
		at java.base/java.lang.ClassLoader.defineClass(ClassLoader.java:1017)
		at java.base/java.security.SecureClassLoader.defineClass(SecureClassLoader.java:150)
		at org.apache.catalina.loader.WebappClassLoaderBase.findClassInternal(WebappClassLoaderBase.java:2337)
		at org.apache.catalina.loader.WebappClassLoaderBase.findClass(WebappClassLoaderBase.java:810)
		at org.apache.catalina.loader.WebappClassLoaderBase.loadClass(WebappClassLoaderBase.java:1293)
		at org.apache.catalina.loader.WebappClassLoaderBase.loadClass(WebappClassLoaderBase.java:1141)
		at org.apache.catalina.core.DefaultInstanceManager.loadClass(DefaultInstanceManager.java:488)
		at org.apache.catalina.core.DefaultInstanceManager.loadClassMaybePrivileged(DefaultInstanceManager.java:470)
		at org.apache.catalina.core.DefaultInstanceManager.newInstance(DefaultInstanceManager.java:142)
		at org.apache.catalina.core.StandardContext.listenerStart(StandardContext.java:4389)
		at org.apache.catalina.core.StandardContext.startInternal(StandardContext.java:4914)
		at org.apache.catalina.util.LifecycleBase.start(LifecycleBase.java:171)
		at org.apache.catalina.core.ContainerBase.addChildInternal(ContainerBase.java:683)
		at org.apache.catalina.core.ContainerBase.addChild(ContainerBase.java:658)
		at org.apache.catalina.core.StandardHost.addChild(StandardHost.java:661)
		at org.apache.catalina.startup.HostConfig.deployWAR(HostConfig.java:1025)
		at org.apache.catalina.startup.HostConfig$DeployWar.run(HostConfig.java:1919)
		at java.base/java.util.concurrent.Executors$RunnableAdapter.call(Executors.java:539)
		at java.base/java.util.concurrent.FutureTask.run(FutureTask.java:264)
		at org.apache.tomcat.util.threads.InlineExecutorService.execute(InlineExecutorService.java:75)
		at java.base/java.util.concurrent.AbstractExecutorService.submit(AbstractExecutorService.java:123)
		at org.apache.catalina.startup.HostConfig.deployWARs(HostConfig.java:826)
		at org.apache.catalina.startup.HostConfig.deployApps(HostConfig.java:476)
		at org.apache.catalina.startup.HostConfig.start(HostConfig.java:1619)
		at org.apache.catalina.startup.HostConfig.lifecycleEvent(HostConfig.java:318)
		at org.apache.catalina.util.LifecycleBase.fireLifecycleEvent(LifecycleBase.java:114)
		at org.apache.catalina.util.LifecycleBase.setStateInternal(LifecycleBase.java:402)
		at org.apache.catalina.util.LifecycleBase.setState(LifecycleBase.java:345)
		at org.apache.catalina.core.ContainerBase.startInternal(ContainerBase.java:893)
		at org.apache.catalina.core.StandardHost.startInternal(StandardHost.java:794)
		at org.apache.catalina.util.LifecycleBase.start(LifecycleBase.java:171)
		at org.apache.catalina.core.ContainerBase$StartChild.call(ContainerBase.java:1332)
		at org.apache.catalina.core.ContainerBase$StartChild.call(ContainerBase.java:1322)
		at java.base/java.util.concurrent.FutureTask.run(FutureTask.java:264)
		at org.apache.tomcat.util.threads.InlineExecutorService.execute(InlineExecutorService.java:75)
		at java.base/java.util.concurrent.AbstractExecutorService.submit(AbstractExecutorService.java:145)
		at org.apache.catalina.core.ContainerBase.startInternal(ContainerBase.java:866)
		at org.apache.catalina.core.StandardEngine.startInternal(StandardEngine.java:248)
		at org.apache.catalina.util.LifecycleBase.start(LifecycleBase.java:171)
		at org.apache.catalina.core.StandardService.startInternal(StandardService.java:433)
		at org.apache.catalina.util.LifecycleBase.start(LifecycleBase.java:171)
		at org.apache.catalina.core.StandardServer.startInternal(StandardServer.java:921)
		at org.apache.catalina.util.LifecycleBase.start(LifecycleBase.java:171)
		at org.apache.catalina.startup.Catalina.start(Catalina.java:772)
		at java.base/jdk.internal.reflect.NativeMethodAccessorImpl.invoke0(Native Method)
		at java.base/jdk.internal.reflect.NativeMethodAccessorImpl.invoke(NativeMethodAccessorImpl.java:77)
		at java.base/jdk.internal.reflect.DelegatingMethodAccessorImpl.invoke(DelegatingMethodAccessorImpl.java:43)
		at java.base/java.lang.reflect.Method.invoke(Method.java:569)
		at org.apache.catalina.startup.Bootstrap.start(Bootstrap.java:347)
		at org.apache.catalina.startup.Bootstrap.main(Bootstrap.java:478)
	Caused by: java.lang.ClassNotFoundException: jakarta.servlet.ServletContextListener
		at org.apache.catalina.loader.WebappClassLoaderBase.loadClass(WebappClassLoaderBase.java:1329)
		at org.apache.catalina.loader.WebappClassLoaderBase.loadClass(WebappClassLoaderBase.java:1141)
		... 51 more
15-Apr-2026 10:34:19.397 SEVERE [main] org.apache.catalina.core.StandardContext.listenerStart Error configuring application listener of class [hudson.WebAppMain]
	java.lang.NoClassDefFoundError: jakarta/servlet/ServletContextListener
		at java.base/java.lang.ClassLoader.defineClass1(Native Method)
		at java.base/java.lang.ClassLoader.defineClass(ClassLoader.java:1017)
		at java.base/java.security.SecureClassLoader.defineClass(SecureClassLoader.java:150)
		at org.apache.catalina.loader.WebappClassLoaderBase.findClassInternal(WebappClassLoaderBase.java:2337)
		at org.apache.catalina.loader.WebappClassLoaderBase.findClass(WebappClassLoaderBase.java:810)
		at org.apache.catalina.loader.WebappClassLoaderBase.loadClass(WebappClassLoaderBase.java:1293)
		at org.apache.catalina.loader.WebappClassLoaderBase.loadClass(WebappClassLoaderBase.java:1141)
		at org.apache.catalina.core.DefaultInstanceManager.loadClass(DefaultInstanceManager.java:488)
		at org.apache.catalina.core.DefaultInstanceManager.loadClassMaybePrivileged(DefaultInstanceManager.java:470)
		at org.apache.catalina.core.DefaultInstanceManager.newInstance(DefaultInstanceManager.java:142)
		at org.apache.catalina.core.StandardContext.listenerStart(StandardContext.java:4389)
		at org.apache.catalina.core.StandardContext.startInternal(StandardContext.java:4914)
		at org.apache.catalina.util.LifecycleBase.start(LifecycleBase.java:171)
		at org.apache.catalina.core.ContainerBase.addChildInternal(ContainerBase.java:683)
		at org.apache.catalina.core.ContainerBase.addChild(ContainerBase.java:658)
		at org.apache.catalina.core.StandardHost.addChild(StandardHost.java:661)
		at org.apache.catalina.startup.HostConfig.deployWAR(HostConfig.java:1025)
		at org.apache.catalina.startup.HostConfig$DeployWar.run(HostConfig.java:1919)
		at java.base/java.util.concurrent.Executors$RunnableAdapter.call(Executors.java:539)
		at java.base/java.util.concurrent.FutureTask.run(FutureTask.java:264)
		at org.apache.tomcat.util.threads.InlineExecutorService.execute(InlineExecutorService.java:75)
		at java.base/java.util.concurrent.AbstractExecutorService.submit(AbstractExecutorService.java:123)
		at org.apache.catalina.startup.HostConfig.deployWARs(HostConfig.java:826)
		at org.apache.catalina.startup.HostConfig.deployApps(HostConfig.java:476)
		at org.apache.catalina.startup.HostConfig.start(HostConfig.java:1619)
		at org.apache.catalina.startup.HostConfig.lifecycleEvent(HostConfig.java:318)
		at org.apache.catalina.util.LifecycleBase.fireLifecycleEvent(LifecycleBase.java:114)
		at org.apache.catalina.util.LifecycleBase.setStateInternal(LifecycleBase.java:402)
		at org.apache.catalina.util.LifecycleBase.setState(LifecycleBase.java:345)
		at org.apache.catalina.core.ContainerBase.startInternal(ContainerBase.java:893)
		at org.apache.catalina.core.StandardHost.startInternal(StandardHost.java:794)
		at org.apache.catalina.util.LifecycleBase.start(LifecycleBase.java:171)
		at org.apache.catalina.core.ContainerBase$StartChild.call(ContainerBase.java:1332)
		at org.apache.catalina.core.ContainerBase$StartChild.call(ContainerBase.java:1322)
		at java.base/java.util.concurrent.FutureTask.run(FutureTask.java:264)
		at org.apache.tomcat.util.threads.InlineExecutorService.execute(InlineExecutorService.java:75)
		at java.base/java.util.concurrent.AbstractExecutorService.submit(AbstractExecutorService.java:145)
		at org.apache.catalina.core.ContainerBase.startInternal(ContainerBase.java:866)
		at org.apache.catalina.core.StandardEngine.startInternal(StandardEngine.java:248)
		at org.apache.catalina.util.LifecycleBase.start(LifecycleBase.java:171)
		at org.apache.catalina.core.StandardService.startInternal(StandardService.java:433)
		at org.apache.catalina.util.LifecycleBase.start(LifecycleBase.java:171)
		at org.apache.catalina.core.StandardServer.startInternal(StandardServer.java:921)
		at org.apache.catalina.util.LifecycleBase.start(LifecycleBase.java:171)
		at org.apache.catalina.startup.Catalina.start(Catalina.java:772)
		at java.base/jdk.internal.reflect.NativeMethodAccessorImpl.invoke0(Native Method)
		at java.base/jdk.internal.reflect.NativeMethodAccessorImpl.invoke(NativeMethodAccessorImpl.java:77)
		at java.base/jdk.internal.reflect.DelegatingMethodAccessorImpl.invoke(DelegatingMethodAccessorImpl.java:43)
		at java.base/java.lang.reflect.Method.invoke(Method.java:569)
		at org.apache.catalina.startup.Bootstrap.start(Bootstrap.java:347)
		at org.apache.catalina.startup.Bootstrap.main(Bootstrap.java:478)
	Caused by: java.lang.ClassNotFoundException: jakarta.servlet.ServletContextListener
		at org.apache.catalina.loader.WebappClassLoaderBase.loadClass(WebappClassLoaderBase.java:1329)
		at org.apache.catalina.loader.WebappClassLoaderBase.loadClass(WebappClassLoaderBase.java:1141)
		... 51 more
15-Apr-2026 10:34:19.402 SEVERE [main] org.apache.catalina.core.StandardContext.listenerStart Error configuring application listener of class [jenkins.JenkinsHttpSessionListener]
	java.lang.NoClassDefFoundError: jakarta/servlet/http/HttpSessionListener
		at java.base/java.lang.ClassLoader.defineClass1(Native Method)
		at java.base/java.lang.ClassLoader.defineClass(ClassLoader.java:1017)
		at java.base/java.security.SecureClassLoader.defineClass(SecureClassLoader.java:150)
		at org.apache.catalina.loader.WebappClassLoaderBase.findClassInternal(WebappClassLoaderBase.java:2337)
		at org.apache.catalina.loader.WebappClassLoaderBase.findClass(WebappClassLoaderBase.java:810)
		at org.apache.catalina.loader.WebappClassLoaderBase.loadClass(WebappClassLoaderBase.java:1293)
		at org.apache.catalina.loader.WebappClassLoaderBase.loadClass(WebappClassLoaderBase.java:1141)
		at org.apache.catalina.core.DefaultInstanceManager.loadClass(DefaultInstanceManager.java:488)
		at org.apache.catalina.core.DefaultInstanceManager.loadClassMaybePrivileged(DefaultInstanceManager.java:470)
		at org.apache.catalina.core.DefaultInstanceManager.newInstance(DefaultInstanceManager.java:142)
		at org.apache.catalina.core.StandardContext.listenerStart(StandardContext.java:4389)
		at org.apache.catalina.core.StandardContext.startInternal(StandardContext.java:4914)
		at org.apache.catalina.util.LifecycleBase.start(LifecycleBase.java:171)
		at org.apache.catalina.core.ContainerBase.addChildInternal(ContainerBase.java:683)
		at org.apache.catalina.core.ContainerBase.addChild(ContainerBase.java:658)
		at org.apache.catalina.core.StandardHost.addChild(StandardHost.java:661)
		at org.apache.catalina.startup.HostConfig.deployWAR(HostConfig.java:1025)
		at org.apache.catalina.startup.HostConfig$DeployWar.run(HostConfig.java:1919)
		at java.base/java.util.concurrent.Executors$RunnableAdapter.call(Executors.java:539)
		at java.base/java.util.concurrent.FutureTask.run(FutureTask.java:264)
		at org.apache.tomcat.util.threads.InlineExecutorService.execute(InlineExecutorService.java:75)
		at java.base/java.util.concurrent.AbstractExecutorService.submit(AbstractExecutorService.java:123)
		at org.apache.catalina.startup.HostConfig.deployWARs(HostConfig.java:826)
		at org.apache.catalina.startup.HostConfig.deployApps(HostConfig.java:476)
		at org.apache.catalina.startup.HostConfig.start(HostConfig.java:1619)
		at org.apache.catalina.startup.HostConfig.lifecycleEvent(HostConfig.java:318)
		at org.apache.catalina.util.LifecycleBase.fireLifecycleEvent(LifecycleBase.java:114)
		at org.apache.catalina.util.LifecycleBase.setStateInternal(LifecycleBase.java:402)
		at org.apache.catalina.util.LifecycleBase.setState(LifecycleBase.java:345)
		at org.apache.catalina.core.ContainerBase.startInternal(ContainerBase.java:893)
		at org.apache.catalina.core.StandardHost.startInternal(StandardHost.java:794)
		at org.apache.catalina.util.LifecycleBase.start(LifecycleBase.java:171)
		at org.apache.catalina.core.ContainerBase$StartChild.call(ContainerBase.java:1332)
		at org.apache.catalina.core.ContainerBase$StartChild.call(ContainerBase.java:1322)
		at java.base/java.util.concurrent.FutureTask.run(FutureTask.java:264)
		at org.apache.tomcat.util.threads.InlineExecutorService.execute(InlineExecutorService.java:75)
		at java.base/java.util.concurrent.AbstractExecutorService.submit(AbstractExecutorService.java:145)
		at org.apache.catalina.core.ContainerBase.startInternal(ContainerBase.java:866)
		at org.apache.catalina.core.StandardEngine.startInternal(StandardEngine.java:248)
		at org.apache.catalina.util.LifecycleBase.start(LifecycleBase.java:171)
		at org.apache.catalina.core.StandardService.startInternal(StandardService.java:433)
		at org.apache.catalina.util.LifecycleBase.start(LifecycleBase.java:171)
		at org.apache.catalina.core.StandardServer.startInternal(StandardServer.java:921)
		at org.apache.catalina.util.LifecycleBase.start(LifecycleBase.java:171)
		at org.apache.catalina.startup.Catalina.start(Catalina.java:772)
		at java.base/jdk.internal.reflect.NativeMethodAccessorImpl.invoke0(Native Method)
		at java.base/jdk.internal.reflect.NativeMethodAccessorImpl.invoke(NativeMethodAccessorImpl.java:77)
		at java.base/jdk.internal.reflect.DelegatingMethodAccessorImpl.invoke(DelegatingMethodAccessorImpl.java:43)
		at java.base/java.lang.reflect.Method.invoke(Method.java:569)
		at org.apache.catalina.startup.Bootstrap.start(Bootstrap.java:347)
		at org.apache.catalina.startup.Bootstrap.main(Bootstrap.java:478)
	Caused by: java.lang.ClassNotFoundException: jakarta.servlet.http.HttpSessionListener
		at org.apache.catalina.loader.WebappClassLoaderBase.loadClass(WebappClassLoaderBase.java:1329)
		at org.apache.catalina.loader.WebappClassLoaderBase.loadClass(WebappClassLoaderBase.java:1141)
		... 51 more
15-Apr-2026 10:34:19.403 SEVERE [main] org.apache.catalina.core.StandardContext.listenerStart Skipped installing application listeners due to previous error(s)
15-Apr-2026 10:34:29.148 INFO [main] org.apache.catalina.core.ApplicationContext.log No Spring WebApplicationInitializer types detected on classpath
15-Apr-2026 10:34:29.708 INFO [main] org.apache.catalina.core.ApplicationContext.log ContextListener: contextInitialized()
15-Apr-2026 10:34:29.709 INFO [main] org.apache.catalina.core.ApplicationContext.log SessionListener: contextInitialized()
15-Apr-2026 10:34:29.711 INFO [main] org.apache.catalina.core.ApplicationContext.log ContextListener: attributeAdded('StockTicker', 'async.Stockticker@6cdb907')
15-Apr-2026 10:35:51.031 SEVERE [Catalina-utility-2] org.apache.catalina.core.StandardContext.listenerStart Error configuring application listener of class [jenkins.util.SystemProperties$Listener]
	java.lang.NoClassDefFoundError: jakarta/servlet/ServletContextListener
		at java.base/java.lang.ClassLoader.defineClass1(Native Method)
		at java.base/java.lang.ClassLoader.defineClass(ClassLoader.java:1017)
		at java.base/java.security.SecureClassLoader.defineClass(SecureClassLoader.java:150)
		at org.apache.catalina.loader.WebappClassLoaderBase.findClassInternal(WebappClassLoaderBase.java:2337)
		at org.apache.catalina.loader.WebappClassLoaderBase.findClass(WebappClassLoaderBase.java:810)
		at org.apache.catalina.loader.WebappClassLoaderBase.loadClass(WebappClassLoaderBase.java:1293)
		at org.apache.catalina.loader.WebappClassLoaderBase.loadClass(WebappClassLoaderBase.java:1141)
		at org.apache.catalina.core.DefaultInstanceManager.loadClass(DefaultInstanceManager.java:488)
		at org.apache.catalina.core.DefaultInstanceManager.loadClassMaybePrivileged(DefaultInstanceManager.java:470)
		at org.apache.catalina.core.DefaultInstanceManager.newInstance(DefaultInstanceManager.java:142)
		at org.apache.catalina.core.StandardContext.listenerStart(StandardContext.java:4389)
		at org.apache.catalina.core.StandardContext.startInternal(StandardContext.java:4914)
		at org.apache.catalina.util.LifecycleBase.start(LifecycleBase.java:171)
		at org.apache.catalina.core.ContainerBase.addChildInternal(ContainerBase.java:683)
		at org.apache.catalina.core.ContainerBase.addChild(ContainerBase.java:658)
		at org.apache.catalina.core.StandardHost.addChild(StandardHost.java:661)
		at org.apache.catalina.startup.HostConfig.deployWAR(HostConfig.java:1025)
		at org.apache.catalina.startup.HostConfig$DeployWar.run(HostConfig.java:1919)
		at java.base/java.util.concurrent.Executors$RunnableAdapter.call(Executors.java:539)
		at java.base/java.util.concurrent.FutureTask.run(FutureTask.java:264)
		at org.apache.tomcat.util.threads.InlineExecutorService.execute(InlineExecutorService.java:75)
		at java.base/java.util.concurrent.AbstractExecutorService.submit(AbstractExecutorService.java:123)
		at org.apache.catalina.startup.HostConfig.deployWARs(HostConfig.java:826)
		at org.apache.catalina.startup.HostConfig.deployApps(HostConfig.java:476)
		at org.apache.catalina.startup.HostConfig.check(HostConfig.java:1668)
		at org.apache.catalina.startup.HostConfig.lifecycleEvent(HostConfig.java:314)
		at org.apache.catalina.util.LifecycleBase.fireLifecycleEvent(LifecycleBase.java:114)
		at org.apache.catalina.core.ContainerBase.backgroundProcess(ContainerBase.java:1098)
		at org.apache.catalina.core.ContainerBase$ContainerBackgroundProcessor.processChildren(ContainerBase.java:1301)
		at org.apache.catalina.core.ContainerBase$ContainerBackgroundProcessor.processChildren(ContainerBase.java:1305)
		at org.apache.catalina.core.ContainerBase$ContainerBackgroundProcessor.run(ContainerBase.java:1283)
		at java.base/java.util.concurrent.Executors$RunnableAdapter.call(Executors.java:539)
		at java.base/java.util.concurrent.FutureTask.runAndReset(FutureTask.java:305)
		at java.base/java.util.concurrent.ScheduledThreadPoolExecutor$ScheduledFutureTask.run(ScheduledThreadPoolExecutor.java:305)
		at java.base/java.util.concurrent.ThreadPoolExecutor.runWorker(ThreadPoolExecutor.java:1136)
		at java.base/java.util.concurrent.ThreadPoolExecutor$Worker.run(ThreadPoolExecutor.java:635)
		at org.apache.tomcat.util.threads.TaskThread$WrappingRunnable.run(TaskThread.java:61)
		at java.base/java.lang.Thread.run(Thread.java:840)
	Caused by: java.lang.ClassNotFoundException: jakarta.servlet.ServletContextListener
		at org.apache.catalina.loader.WebappClassLoaderBase.loadClass(WebappClassLoaderBase.java:1329)
		at org.apache.catalina.loader.WebappClassLoaderBase.loadClass(WebappClassLoaderBase.java:1141)
		... 38 more
15-Apr-2026 10:35:51.036 SEVERE [Catalina-utility-2] org.apache.catalina.core.StandardContext.listenerStart Error configuring application listener of class [hudson.WebAppMain]
	java.lang.NoClassDefFoundError: jakarta/servlet/ServletContextListener
		at java.base/java.lang.ClassLoader.defineClass1(Native Method)
		at java.base/java.lang.ClassLoader.defineClass(ClassLoader.java:1017)
		at java.base/java.security.SecureClassLoader.defineClass(SecureClassLoader.java:150)
		at org.apache.catalina.loader.WebappClassLoaderBase.findClassInternal(WebappClassLoaderBase.java:2337)
		at org.apache.catalina.loader.WebappClassLoaderBase.findClass(WebappClassLoaderBase.java:810)
		at org.apache.catalina.loader.WebappClassLoaderBase.loadClass(WebappClassLoaderBase.java:1293)
		at org.apache.catalina.loader.WebappClassLoaderBase.loadClass(WebappClassLoaderBase.java:1141)
		at org.apache.catalina.core.DefaultInstanceManager.loadClass(DefaultInstanceManager.java:488)
		at org.apache.catalina.core.DefaultInstanceManager.loadClassMaybePrivileged(DefaultInstanceManager.java:470)
		at org.apache.catalina.core.DefaultInstanceManager.newInstance(DefaultInstanceManager.java:142)
		at org.apache.catalina.core.StandardContext.listenerStart(StandardContext.java:4389)
		at org.apache.catalina.core.StandardContext.startInternal(StandardContext.java:4914)
		at org.apache.catalina.util.LifecycleBase.start(LifecycleBase.java:171)
		at org.apache.catalina.core.ContainerBase.addChildInternal(ContainerBase.java:683)
		at org.apache.catalina.core.ContainerBase.addChild(ContainerBase.java:658)
		at org.apache.catalina.core.StandardHost.addChild(StandardHost.java:661)
		at org.apache.catalina.startup.HostConfig.deployWAR(HostConfig.java:1025)
		at org.apache.catalina.startup.HostConfig$DeployWar.run(HostConfig.java:1919)
		at java.base/java.util.concurrent.Executors$RunnableAdapter.call(Executors.java:539)
		at java.base/java.util.concurrent.FutureTask.run(FutureTask.java:264)
		at org.apache.tomcat.util.threads.InlineExecutorService.execute(InlineExecutorService.java:75)
		at java.base/java.util.concurrent.AbstractExecutorService.submit(AbstractExecutorService.java:123)
		at org.apache.catalina.startup.HostConfig.deployWARs(HostConfig.java:826)
		at org.apache.catalina.startup.HostConfig.deployApps(HostConfig.java:476)
		at org.apache.catalina.startup.HostConfig.check(HostConfig.java:1668)
		at org.apache.catalina.startup.HostConfig.lifecycleEvent(HostConfig.java:314)
		at org.apache.catalina.util.LifecycleBase.fireLifecycleEvent(LifecycleBase.java:114)
		at org.apache.catalina.core.ContainerBase.backgroundProcess(ContainerBase.java:1098)
		at org.apache.catalina.core.ContainerBase$ContainerBackgroundProcessor.processChildren(ContainerBase.java:1301)
		at org.apache.catalina.core.ContainerBase$ContainerBackgroundProcessor.processChildren(ContainerBase.java:1305)
		at org.apache.catalina.core.ContainerBase$ContainerBackgroundProcessor.run(ContainerBase.java:1283)
		at java.base/java.util.concurrent.Executors$RunnableAdapter.call(Executors.java:539)
		at java.base/java.util.concurrent.FutureTask.runAndReset(FutureTask.java:305)
		at java.base/java.util.concurrent.ScheduledThreadPoolExecutor$ScheduledFutureTask.run(ScheduledThreadPoolExecutor.java:305)
		at java.base/java.util.concurrent.ThreadPoolExecutor.runWorker(ThreadPoolExecutor.java:1136)
		at java.base/java.util.concurrent.ThreadPoolExecutor$Worker.run(ThreadPoolExecutor.java:635)
		at org.apache.tomcat.util.threads.TaskThread$WrappingRunnable.run(TaskThread.java:61)
		at java.base/java.lang.Thread.run(Thread.java:840)
	Caused by: java.lang.ClassNotFoundException: jakarta.servlet.ServletContextListener
		at org.apache.catalina.loader.WebappClassLoaderBase.loadClass(WebappClassLoaderBase.java:1329)
		at org.apache.catalina.loader.WebappClassLoaderBase.loadClass(WebappClassLoaderBase.java:1141)
		... 38 more
15-Apr-2026 10:35:51.040 SEVERE [Catalina-utility-2] org.apache.catalina.core.StandardContext.listenerStart Error configuring application listener of class [jenkins.JenkinsHttpSessionListener]
	java.lang.NoClassDefFoundError: jakarta/servlet/http/HttpSessionListener
		at java.base/java.lang.ClassLoader.defineClass1(Native Method)
		at java.base/java.lang.ClassLoader.defineClass(ClassLoader.java:1017)
		at java.base/java.security.SecureClassLoader.defineClass(SecureClassLoader.java:150)
		at org.apache.catalina.loader.WebappClassLoaderBase.findClassInternal(WebappClassLoaderBase.java:2337)
		at org.apache.catalina.loader.WebappClassLoaderBase.findClass(WebappClassLoaderBase.java:810)
		at org.apache.catalina.loader.WebappClassLoaderBase.loadClass(WebappClassLoaderBase.java:1293)
		at org.apache.catalina.loader.WebappClassLoaderBase.loadClass(WebappClassLoaderBase.java:1141)
		at org.apache.catalina.core.DefaultInstanceManager.loadClass(DefaultInstanceManager.java:488)
		at org.apache.catalina.core.DefaultInstanceManager.loadClassMaybePrivileged(DefaultInstanceManager.java:470)
		at org.apache.catalina.core.DefaultInstanceManager.newInstance(DefaultInstanceManager.java:142)
		at org.apache.catalina.core.StandardContext.listenerStart(StandardContext.java:4389)
		at org.apache.catalina.core.StandardContext.startInternal(StandardContext.java:4914)
		at org.apache.catalina.util.LifecycleBase.start(LifecycleBase.java:171)
		at org.apache.catalina.core.ContainerBase.addChildInternal(ContainerBase.java:683)
		at org.apache.catalina.core.ContainerBase.addChild(ContainerBase.java:658)
		at org.apache.catalina.core.StandardHost.addChild(StandardHost.java:661)
		at org.apache.catalina.startup.HostConfig.deployWAR(HostConfig.java:1025)
		at org.apache.catalina.startup.HostConfig$DeployWar.run(HostConfig.java:1919)
		at java.base/java.util.concurrent.Executors$RunnableAdapter.call(Executors.java:539)
		at java.base/java.util.concurrent.FutureTask.run(FutureTask.java:264)
		at org.apache.tomcat.util.threads.InlineExecutorService.execute(InlineExecutorService.java:75)
		at java.base/java.util.concurrent.AbstractExecutorService.submit(AbstractExecutorService.java:123)
		at org.apache.catalina.startup.HostConfig.deployWARs(HostConfig.java:826)
		at org.apache.catalina.startup.HostConfig.deployApps(HostConfig.java:476)
		at org.apache.catalina.startup.HostConfig.check(HostConfig.java:1668)
		at org.apache.catalina.startup.HostConfig.lifecycleEvent(HostConfig.java:314)
		at org.apache.catalina.util.LifecycleBase.fireLifecycleEvent(LifecycleBase.java:114)
		at org.apache.catalina.core.ContainerBase.backgroundProcess(ContainerBase.java:1098)
		at org.apache.catalina.core.ContainerBase$ContainerBackgroundProcessor.processChildren(ContainerBase.java:1301)
		at org.apache.catalina.core.ContainerBase$ContainerBackgroundProcessor.processChildren(ContainerBase.java:1305)
		at org.apache.catalina.core.ContainerBase$ContainerBackgroundProcessor.run(ContainerBase.java:1283)
		at java.base/java.util.concurrent.Executors$RunnableAdapter.call(Executors.java:539)
		at java.base/java.util.concurrent.FutureTask.runAndReset(FutureTask.java:305)
		at java.base/java.util.concurrent.ScheduledThreadPoolExecutor$ScheduledFutureTask.run(ScheduledThreadPoolExecutor.java:305)
		at java.base/java.util.concurrent.ThreadPoolExecutor.runWorker(ThreadPoolExecutor.java:1136)
		at java.base/java.util.concurrent.ThreadPoolExecutor$Worker.run(ThreadPoolExecutor.java:635)
		at org.apache.tomcat.util.threads.TaskThread$WrappingRunnable.run(TaskThread.java:61)
		at java.base/java.lang.Thread.run(Thread.java:840)
	Caused by: java.lang.ClassNotFoundException: jakarta.servlet.http.HttpSessionListener
		at org.apache.catalina.loader.WebappClassLoaderBase.loadClass(WebappClassLoaderBase.java:1329)
		at org.apache.catalina.loader.WebappClassLoaderBase.loadClass(WebappClassLoaderBase.java:1141)
		... 38 more
15-Apr-2026 10:35:51.040 SEVERE [Catalina-utility-2] org.apache.catalina.core.StandardContext.listenerStart Skipped installing application listeners due to previous error(s)
15-Apr-2026 10:35:55.774 SEVERE [main] org.apache.catalina.core.StandardContext.listenerStart Error configuring application listener of class [jenkins.util.SystemProperties$Listener]
	java.lang.NoClassDefFoundError: jakarta/servlet/ServletContextListener
		at java.base/java.lang.ClassLoader.defineClass1(Native Method)
		at java.base/java.lang.ClassLoader.defineClass(ClassLoader.java:1017)
		at java.base/java.security.SecureClassLoader.defineClass(SecureClassLoader.java:150)
		at org.apache.catalina.loader.WebappClassLoaderBase.findClassInternal(WebappClassLoaderBase.java:2337)
		at org.apache.catalina.loader.WebappClassLoaderBase.findClass(WebappClassLoaderBase.java:810)
		at org.apache.catalina.loader.WebappClassLoaderBase.loadClass(WebappClassLoaderBase.java:1293)
		at org.apache.catalina.loader.WebappClassLoaderBase.loadClass(WebappClassLoaderBase.java:1141)
		at org.apache.catalina.core.DefaultInstanceManager.loadClass(DefaultInstanceManager.java:488)
		at org.apache.catalina.core.DefaultInstanceManager.loadClassMaybePrivileged(DefaultInstanceManager.java:470)
		at org.apache.catalina.core.DefaultInstanceManager.newInstance(DefaultInstanceManager.java:142)
		at org.apache.catalina.core.StandardContext.listenerStart(StandardContext.java:4389)
		at org.apache.catalina.core.StandardContext.startInternal(StandardContext.java:4914)
		at org.apache.catalina.util.LifecycleBase.start(LifecycleBase.java:171)
		at org.apache.catalina.core.ContainerBase.addChildInternal(ContainerBase.java:683)
		at org.apache.catalina.core.ContainerBase.addChild(ContainerBase.java:658)
		at org.apache.catalina.core.StandardHost.addChild(StandardHost.java:661)
		at org.apache.catalina.startup.HostConfig.deployWAR(HostConfig.java:1025)
		at org.apache.catalina.startup.HostConfig$DeployWar.run(HostConfig.java:1919)
		at java.base/java.util.concurrent.Executors$RunnableAdapter.call(Executors.java:539)
		at java.base/java.util.concurrent.FutureTask.run(FutureTask.java:264)
		at org.apache.tomcat.util.threads.InlineExecutorService.execute(InlineExecutorService.java:75)
		at java.base/java.util.concurrent.AbstractExecutorService.submit(AbstractExecutorService.java:123)
		at org.apache.catalina.startup.HostConfig.deployWARs(HostConfig.java:826)
		at org.apache.catalina.startup.HostConfig.deployApps(HostConfig.java:476)
		at org.apache.catalina.startup.HostConfig.start(HostConfig.java:1619)
		at org.apache.catalina.startup.HostConfig.lifecycleEvent(HostConfig.java:318)
		at org.apache.catalina.util.LifecycleBase.fireLifecycleEvent(LifecycleBase.java:114)
		at org.apache.catalina.util.LifecycleBase.setStateInternal(LifecycleBase.java:402)
		at org.apache.catalina.util.LifecycleBase.setState(LifecycleBase.java:345)
		at org.apache.catalina.core.ContainerBase.startInternal(ContainerBase.java:893)
		at org.apache.catalina.core.StandardHost.startInternal(StandardHost.java:794)
		at org.apache.catalina.util.LifecycleBase.start(LifecycleBase.java:171)
		at org.apache.catalina.core.ContainerBase$StartChild.call(ContainerBase.java:1332)
		at org.apache.catalina.core.ContainerBase$StartChild.call(ContainerBase.java:1322)
		at java.base/java.util.concurrent.FutureTask.run(FutureTask.java:264)
		at org.apache.tomcat.util.threads.InlineExecutorService.execute(InlineExecutorService.java:75)
		at java.base/java.util.concurrent.AbstractExecutorService.submit(AbstractExecutorService.java:145)
		at org.apache.catalina.core.ContainerBase.startInternal(ContainerBase.java:866)
		at org.apache.catalina.core.StandardEngine.startInternal(StandardEngine.java:248)
		at org.apache.catalina.util.LifecycleBase.start(LifecycleBase.java:171)
		at org.apache.catalina.core.StandardService.startInternal(StandardService.java:433)
		at org.apache.catalina.util.LifecycleBase.start(LifecycleBase.java:171)
		at org.apache.catalina.core.StandardServer.startInternal(StandardServer.java:921)
		at org.apache.catalina.util.LifecycleBase.start(LifecycleBase.java:171)
		at org.apache.catalina.startup.Catalina.start(Catalina.java:772)
		at java.base/jdk.internal.reflect.NativeMethodAccessorImpl.invoke0(Native Method)
		at java.base/jdk.internal.reflect.NativeMethodAccessorImpl.invoke(NativeMethodAccessorImpl.java:77)
		at java.base/jdk.internal.reflect.DelegatingMethodAccessorImpl.invoke(DelegatingMethodAccessorImpl.java:43)
		at java.base/java.lang.reflect.Method.invoke(Method.java:569)
		at org.apache.catalina.startup.Bootstrap.start(Bootstrap.java:347)
		at org.apache.catalina.startup.Bootstrap.main(Bootstrap.java:478)
	Caused by: java.lang.ClassNotFoundException: jakarta.servlet.ServletContextListener
		at org.apache.catalina.loader.WebappClassLoaderBase.loadClass(WebappClassLoaderBase.java:1329)
		at org.apache.catalina.loader.WebappClassLoaderBase.loadClass(WebappClassLoaderBase.java:1141)
		... 51 more
15-Apr-2026 10:35:55.779 SEVERE [main] org.apache.catalina.core.StandardContext.listenerStart Error configuring application listener of class [hudson.WebAppMain]
	java.lang.NoClassDefFoundError: jakarta/servlet/ServletContextListener
		at java.base/java.lang.ClassLoader.defineClass1(Native Method)
		at java.base/java.lang.ClassLoader.defineClass(ClassLoader.java:1017)
		at java.base/java.security.SecureClassLoader.defineClass(SecureClassLoader.java:150)
		at org.apache.catalina.loader.WebappClassLoaderBase.findClassInternal(WebappClassLoaderBase.java:2337)
		at org.apache.catalina.loader.WebappClassLoaderBase.findClass(WebappClassLoaderBase.java:810)
		at org.apache.catalina.loader.WebappClassLoaderBase.loadClass(WebappClassLoaderBase.java:1293)
		at org.apache.catalina.loader.WebappClassLoaderBase.loadClass(WebappClassLoaderBase.java:1141)
		at org.apache.catalina.core.DefaultInstanceManager.loadClass(DefaultInstanceManager.java:488)
		at org.apache.catalina.core.DefaultInstanceManager.loadClassMaybePrivileged(DefaultInstanceManager.java:470)
		at org.apache.catalina.core.DefaultInstanceManager.newInstance(DefaultInstanceManager.java:142)
		at org.apache.catalina.core.StandardContext.listenerStart(StandardContext.java:4389)
		at org.apache.catalina.core.StandardContext.startInternal(StandardContext.java:4914)
		at org.apache.catalina.util.LifecycleBase.start(LifecycleBase.java:171)
		at org.apache.catalina.core.ContainerBase.addChildInternal(ContainerBase.java:683)
		at org.apache.catalina.core.ContainerBase.addChild(ContainerBase.java:658)
		at org.apache.catalina.core.StandardHost.addChild(StandardHost.java:661)
		at org.apache.catalina.startup.HostConfig.deployWAR(HostConfig.java:1025)
		at org.apache.catalina.startup.HostConfig$DeployWar.run(HostConfig.java:1919)
		at java.base/java.util.concurrent.Executors$RunnableAdapter.call(Executors.java:539)
		at java.base/java.util.concurrent.FutureTask.run(FutureTask.java:264)
		at org.apache.tomcat.util.threads.InlineExecutorService.execute(InlineExecutorService.java:75)
		at java.base/java.util.concurrent.AbstractExecutorService.submit(AbstractExecutorService.java:123)
		at org.apache.catalina.startup.HostConfig.deployWARs(HostConfig.java:826)
		at org.apache.catalina.startup.HostConfig.deployApps(HostConfig.java:476)
		at org.apache.catalina.startup.HostConfig.start(HostConfig.java:1619)
		at org.apache.catalina.startup.HostConfig.lifecycleEvent(HostConfig.java:318)
		at org.apache.catalina.util.LifecycleBase.fireLifecycleEvent(LifecycleBase.java:114)
		at org.apache.catalina.util.LifecycleBase.setStateInternal(LifecycleBase.java:402)
		at org.apache.catalina.util.LifecycleBase.setState(LifecycleBase.java:345)
		at org.apache.catalina.core.ContainerBase.startInternal(ContainerBase.java:893)
		at org.apache.catalina.core.StandardHost.startInternal(StandardHost.java:794)
		at org.apache.catalina.util.LifecycleBase.start(LifecycleBase.java:171)
		at org.apache.catalina.core.ContainerBase$StartChild.call(ContainerBase.java:1332)
		at org.apache.catalina.core.ContainerBase$StartChild.call(ContainerBase.java:1322)
		at java.base/java.util.concurrent.FutureTask.run(FutureTask.java:264)
		at org.apache.tomcat.util.threads.InlineExecutorService.execute(InlineExecutorService.java:75)
		at java.base/java.util.concurrent.AbstractExecutorService.submit(AbstractExecutorService.java:145)
		at org.apache.catalina.core.ContainerBase.startInternal(ContainerBase.java:866)
		at org.apache.catalina.core.StandardEngine.startInternal(StandardEngine.java:248)
		at org.apache.catalina.util.LifecycleBase.start(LifecycleBase.java:171)
		at org.apache.catalina.core.StandardService.startInternal(StandardService.java:433)
		at org.apache.catalina.util.LifecycleBase.start(LifecycleBase.java:171)
		at org.apache.catalina.core.StandardServer.startInternal(StandardServer.java:921)
		at org.apache.catalina.util.LifecycleBase.start(LifecycleBase.java:171)
		at org.apache.catalina.startup.Catalina.start(Catalina.java:772)
		at java.base/jdk.internal.reflect.NativeMethodAccessorImpl.invoke0(Native Method)
		at java.base/jdk.internal.reflect.NativeMethodAccessorImpl.invoke(NativeMethodAccessorImpl.java:77)
		at java.base/jdk.internal.reflect.DelegatingMethodAccessorImpl.invoke(DelegatingMethodAccessorImpl.java:43)
		at java.base/java.lang.reflect.Method.invoke(Method.java:569)
		at org.apache.catalina.startup.Bootstrap.start(Bootstrap.java:347)
		at org.apache.catalina.startup.Bootstrap.main(Bootstrap.java:478)
	Caused by: java.lang.ClassNotFoundException: jakarta.servlet.ServletContextListener
		at org.apache.catalina.loader.WebappClassLoaderBase.loadClass(WebappClassLoaderBase.java:1329)
		at org.apache.catalina.loader.WebappClassLoaderBase.loadClass(WebappClassLoaderBase.java:1141)
		... 51 more
15-Apr-2026 10:35:55.783 SEVERE [main] org.apache.catalina.core.StandardContext.listenerStart Error configuring application listener of class [jenkins.JenkinsHttpSessionListener]
	java.lang.NoClassDefFoundError: jakarta/servlet/http/HttpSessionListener
		at java.base/java.lang.ClassLoader.defineClass1(Native Method)
		at java.base/java.lang.ClassLoader.defineClass(ClassLoader.java:1017)
		at java.base/java.security.SecureClassLoader.defineClass(SecureClassLoader.java:150)
		at org.apache.catalina.loader.WebappClassLoaderBase.findClassInternal(WebappClassLoaderBase.java:2337)
		at org.apache.catalina.loader.WebappClassLoaderBase.findClass(WebappClassLoaderBase.java:810)
		at org.apache.catalina.loader.WebappClassLoaderBase.loadClass(WebappClassLoaderBase.java:1293)
		at org.apache.catalina.loader.WebappClassLoaderBase.loadClass(WebappClassLoaderBase.java:1141)
		at org.apache.catalina.core.DefaultInstanceManager.loadClass(DefaultInstanceManager.java:488)
		at org.apache.catalina.core.DefaultInstanceManager.loadClassMaybePrivileged(DefaultInstanceManager.java:470)
		at org.apache.catalina.core.DefaultInstanceManager.newInstance(DefaultInstanceManager.java:142)
		at org.apache.catalina.core.StandardContext.listenerStart(StandardContext.java:4389)
		at org.apache.catalina.core.StandardContext.startInternal(StandardContext.java:4914)
		at org.apache.catalina.util.LifecycleBase.start(LifecycleBase.java:171)
		at org.apache.catalina.core.ContainerBase.addChildInternal(ContainerBase.java:683)
		at org.apache.catalina.core.ContainerBase.addChild(ContainerBase.java:658)
		at org.apache.catalina.core.StandardHost.addChild(StandardHost.java:661)
		at org.apache.catalina.startup.HostConfig.deployWAR(HostConfig.java:1025)
		at org.apache.catalina.startup.HostConfig$DeployWar.run(HostConfig.java:1919)
		at java.base/java.util.concurrent.Executors$RunnableAdapter.call(Executors.java:539)
		at java.base/java.util.concurrent.FutureTask.run(FutureTask.java:264)
		at org.apache.tomcat.util.threads.InlineExecutorService.execute(InlineExecutorService.java:75)
		at java.base/java.util.concurrent.AbstractExecutorService.submit(AbstractExecutorService.java:123)
		at org.apache.catalina.startup.HostConfig.deployWARs(HostConfig.java:826)
		at org.apache.catalina.startup.HostConfig.deployApps(HostConfig.java:476)
		at org.apache.catalina.startup.HostConfig.start(HostConfig.java:1619)
		at org.apache.catalina.startup.HostConfig.lifecycleEvent(HostConfig.java:318)
		at org.apache.catalina.util.LifecycleBase.fireLifecycleEvent(LifecycleBase.java:114)
		at org.apache.catalina.util.LifecycleBase.setStateInternal(LifecycleBase.java:402)
		at org.apache.catalina.util.LifecycleBase.setState(LifecycleBase.java:345)
		at org.apache.catalina.core.ContainerBase.startInternal(ContainerBase.java:893)
		at org.apache.catalina.core.StandardHost.startInternal(StandardHost.java:794)
		at org.apache.catalina.util.LifecycleBase.start(LifecycleBase.java:171)
		at org.apache.catalina.core.ContainerBase$StartChild.call(ContainerBase.java:1332)
		at org.apache.catalina.core.ContainerBase$StartChild.call(ContainerBase.java:1322)
		at java.base/java.util.concurrent.FutureTask.run(FutureTask.java:264)
		at org.apache.tomcat.util.threads.InlineExecutorService.execute(InlineExecutorService.java:75)
		at java.base/java.util.concurrent.AbstractExecutorService.submit(AbstractExecutorService.java:145)
		at org.apache.catalina.core.ContainerBase.startInternal(ContainerBase.java:866)
		at org.apache.catalina.core.StandardEngine.startInternal(StandardEngine.java:248)
		at org.apache.catalina.util.LifecycleBase.start(LifecycleBase.java:171)
		at org.apache.catalina.core.StandardService.startInternal(StandardService.java:433)
		at org.apache.catalina.util.LifecycleBase.start(LifecycleBase.java:171)
		at org.apache.catalina.core.StandardServer.startInternal(StandardServer.java:921)
		at org.apache.catalina.util.LifecycleBase.start(LifecycleBase.java:171)
		at org.apache.catalina.startup.Catalina.start(Catalina.java:772)
		at java.base/jdk.internal.reflect.NativeMethodAccessorImpl.invoke0(Native Method)
		at java.base/jdk.internal.reflect.NativeMethodAccessorImpl.invoke(NativeMethodAccessorImpl.java:77)
		at java.base/jdk.internal.reflect.DelegatingMethodAccessorImpl.invoke(DelegatingMethodAccessorImpl.java:43)
		at java.base/java.lang.reflect.Method.invoke(Method.java:569)
		at org.apache.catalina.startup.Bootstrap.start(Bootstrap.java:347)
		at org.apache.catalina.startup.Bootstrap.main(Bootstrap.java:478)
	Caused by: java.lang.ClassNotFoundException: jakarta.servlet.http.HttpSessionListener
		at org.apache.catalina.loader.WebappClassLoaderBase.loadClass(WebappClassLoaderBase.java:1329)
		at org.apache.catalina.loader.WebappClassLoaderBase.loadClass(WebappClassLoaderBase.java:1141)
		... 51 more
15-Apr-2026 10:35:55.783 SEVERE [main] org.apache.catalina.core.StandardContext.listenerStart Skipped installing application listeners due to previous error(s)
15-Apr-2026 10:36:07.421 INFO [main] org.apache.catalina.core.ApplicationContext.log No Spring WebApplicationInitializer types detected on classpath
15-Apr-2026 10:36:08.072 INFO [main] org.apache.catalina.core.ApplicationContext.log ContextListener: contextInitialized()
15-Apr-2026 10:36:08.073 INFO [main] org.apache.catalina.core.ApplicationContext.log SessionListener: contextInitialized()
15-Apr-2026 10:36:08.079 INFO [main] org.apache.catalina.core.ApplicationContext.log ContextListener: attributeAdded('StockTicker', 'async.Stockticker@e25aa2d')
15-Apr-2026 10:36:08.415 INFO [main] org.apache.catalina.core.ApplicationContext.log SessionListener: contextDestroyed()
15-Apr-2026 10:36:08.415 INFO [main] org.apache.catalina.core.ApplicationContext.log ContextListener: contextDestroyed()
15-Apr-2026 10:39:19.461 INFO [main] org.apache.catalina.core.ApplicationContext.log SessionListener: contextDestroyed()
15-Apr-2026 10:39:19.462 INFO [main] org.apache.catalina.core.ApplicationContext.log ContextListener: contextDestroyed()
15-Apr-2026 11:39:06.260 SEVERE [main] org.apache.catalina.core.StandardContext.listenerStart Error configuring application listener of class [jenkins.util.SystemProperties$Listener]
	java.lang.NoClassDefFoundError: jakarta/servlet/ServletContextListener
		at java.base/java.lang.ClassLoader.defineClass1(Native Method)
		at java.base/java.lang.ClassLoader.defineClass(ClassLoader.java:1017)
		at java.base/java.security.SecureClassLoader.defineClass(SecureClassLoader.java:150)
		at org.apache.catalina.loader.WebappClassLoaderBase.findClassInternal(WebappClassLoaderBase.java:2337)
		at org.apache.catalina.loader.WebappClassLoaderBase.findClass(WebappClassLoaderBase.java:810)
		at org.apache.catalina.loader.WebappClassLoaderBase.loadClass(WebappClassLoaderBase.java:1293)
		at org.apache.catalina.loader.WebappClassLoaderBase.loadClass(WebappClassLoaderBase.java:1141)
		at org.apache.catalina.core.DefaultInstanceManager.loadClass(DefaultInstanceManager.java:488)
		at org.apache.catalina.core.DefaultInstanceManager.loadClassMaybePrivileged(DefaultInstanceManager.java:470)
		at org.apache.catalina.core.DefaultInstanceManager.newInstance(DefaultInstanceManager.java:142)
		at org.apache.catalina.core.StandardContext.listenerStart(StandardContext.java:4389)
		at org.apache.catalina.core.StandardContext.startInternal(StandardContext.java:4914)
		at org.apache.catalina.util.LifecycleBase.start(LifecycleBase.java:171)
		at org.apache.catalina.core.ContainerBase.addChildInternal(ContainerBase.java:683)
		at org.apache.catalina.core.ContainerBase.addChild(ContainerBase.java:658)
		at org.apache.catalina.core.StandardHost.addChild(StandardHost.java:661)
		at org.apache.catalina.startup.HostConfig.deployWAR(HostConfig.java:1025)
		at org.apache.catalina.startup.HostConfig$DeployWar.run(HostConfig.java:1919)
		at java.base/java.util.concurrent.Executors$RunnableAdapter.call(Executors.java:539)
		at java.base/java.util.concurrent.FutureTask.run(FutureTask.java:264)
		at org.apache.tomcat.util.threads.InlineExecutorService.execute(InlineExecutorService.java:75)
		at java.base/java.util.concurrent.AbstractExecutorService.submit(AbstractExecutorService.java:123)
		at org.apache.catalina.startup.HostConfig.deployWARs(HostConfig.java:826)
		at org.apache.catalina.startup.HostConfig.deployApps(HostConfig.java:476)
		at org.apache.catalina.startup.HostConfig.start(HostConfig.java:1619)
		at org.apache.catalina.startup.HostConfig.lifecycleEvent(HostConfig.java:318)
		at org.apache.catalina.util.LifecycleBase.fireLifecycleEvent(LifecycleBase.java:114)
		at org.apache.catalina.util.LifecycleBase.setStateInternal(LifecycleBase.java:402)
		at org.apache.catalina.util.LifecycleBase.setState(LifecycleBase.java:345)
		at org.apache.catalina.core.ContainerBase.startInternal(ContainerBase.java:893)
		at org.apache.catalina.core.StandardHost.startInternal(StandardHost.java:794)
		at org.apache.catalina.util.LifecycleBase.start(LifecycleBase.java:171)
		at org.apache.catalina.core.ContainerBase$StartChild.call(ContainerBase.java:1332)
		at org.apache.catalina.core.ContainerBase$StartChild.call(ContainerBase.java:1322)
		at java.base/java.util.concurrent.FutureTask.run(FutureTask.java:264)
		at org.apache.tomcat.util.threads.InlineExecutorService.execute(InlineExecutorService.java:75)
		at java.base/java.util.concurrent.AbstractExecutorService.submit(AbstractExecutorService.java:145)
		at org.apache.catalina.core.ContainerBase.startInternal(ContainerBase.java:866)
		at org.apache.catalina.core.StandardEngine.startInternal(StandardEngine.java:248)
		at org.apache.catalina.util.LifecycleBase.start(LifecycleBase.java:171)
		at org.apache.catalina.core.StandardService.startInternal(StandardService.java:433)
		at org.apache.catalina.util.LifecycleBase.start(LifecycleBase.java:171)
		at org.apache.catalina.core.StandardServer.startInternal(StandardServer.java:921)
		at org.apache.catalina.util.LifecycleBase.start(LifecycleBase.java:171)
		at org.apache.catalina.startup.Catalina.start(Catalina.java:772)
		at java.base/jdk.internal.reflect.NativeMethodAccessorImpl.invoke0(Native Method)
		at java.base/jdk.internal.reflect.NativeMethodAccessorImpl.invoke(NativeMethodAccessorImpl.java:77)
		at java.base/jdk.internal.reflect.DelegatingMethodAccessorImpl.invoke(DelegatingMethodAccessorImpl.java:43)
		at java.base/java.lang.reflect.Method.invoke(Method.java:569)
		at org.apache.catalina.startup.Bootstrap.start(Bootstrap.java:347)
		at org.apache.catalina.startup.Bootstrap.main(Bootstrap.java:478)
	Caused by: java.lang.ClassNotFoundException: jakarta.servlet.ServletContextListener
		at org.apache.catalina.loader.WebappClassLoaderBase.loadClass(WebappClassLoaderBase.java:1329)
		at org.apache.catalina.loader.WebappClassLoaderBase.loadClass(WebappClassLoaderBase.java:1141)
		... 51 more
15-Apr-2026 11:39:06.269 SEVERE [main] org.apache.catalina.core.StandardContext.listenerStart Error configuring application listener of class [hudson.WebAppMain]
	java.lang.NoClassDefFoundError: jakarta/servlet/ServletContextListener
		at java.base/java.lang.ClassLoader.defineClass1(Native Method)
		at java.base/java.lang.ClassLoader.defineClass(ClassLoader.java:1017)
		at java.base/java.security.SecureClassLoader.defineClass(SecureClassLoader.java:150)
		at org.apache.catalina.loader.WebappClassLoaderBase.findClassInternal(WebappClassLoaderBase.java:2337)
		at org.apache.catalina.loader.WebappClassLoaderBase.findClass(WebappClassLoaderBase.java:810)
		at org.apache.catalina.loader.WebappClassLoaderBase.loadClass(WebappClassLoaderBase.java:1293)
		at org.apache.catalina.loader.WebappClassLoaderBase.loadClass(WebappClassLoaderBase.java:1141)
		at org.apache.catalina.core.DefaultInstanceManager.loadClass(DefaultInstanceManager.java:488)
		at org.apache.catalina.core.DefaultInstanceManager.loadClassMaybePrivileged(DefaultInstanceManager.java:470)
		at org.apache.catalina.core.DefaultInstanceManager.newInstance(DefaultInstanceManager.java:142)
		at org.apache.catalina.core.StandardContext.listenerStart(StandardContext.java:4389)
		at org.apache.catalina.core.StandardContext.startInternal(StandardContext.java:4914)
		at org.apache.catalina.util.LifecycleBase.start(LifecycleBase.java:171)
		at org.apache.catalina.core.ContainerBase.addChildInternal(ContainerBase.java:683)
		at org.apache.catalina.core.ContainerBase.addChild(ContainerBase.java:658)
		at org.apache.catalina.core.StandardHost.addChild(StandardHost.java:661)
		at org.apache.catalina.startup.HostConfig.deployWAR(HostConfig.java:1025)
		at org.apache.catalina.startup.HostConfig$DeployWar.run(HostConfig.java:1919)
		at java.base/java.util.concurrent.Executors$RunnableAdapter.call(Executors.java:539)
		at java.base/java.util.concurrent.FutureTask.run(FutureTask.java:264)
		at org.apache.tomcat.util.threads.InlineExecutorService.execute(InlineExecutorService.java:75)
		at java.base/java.util.concurrent.AbstractExecutorService.submit(AbstractExecutorService.java:123)
		at org.apache.catalina.startup.HostConfig.deployWARs(HostConfig.java:826)
		at org.apache.catalina.startup.HostConfig.deployApps(HostConfig.java:476)
		at org.apache.catalina.startup.HostConfig.start(HostConfig.java:1619)
		at org.apache.catalina.startup.HostConfig.lifecycleEvent(HostConfig.java:318)
		at org.apache.catalina.util.LifecycleBase.fireLifecycleEvent(LifecycleBase.java:114)
		at org.apache.catalina.util.LifecycleBase.setStateInternal(LifecycleBase.java:402)
		at org.apache.catalina.util.LifecycleBase.setState(LifecycleBase.java:345)
		at org.apache.catalina.core.ContainerBase.startInternal(ContainerBase.java:893)
		at org.apache.catalina.core.StandardHost.startInternal(StandardHost.java:794)
		at org.apache.catalina.util.LifecycleBase.start(LifecycleBase.java:171)
		at org.apache.catalina.core.ContainerBase$StartChild.call(ContainerBase.java:1332)
		at org.apache.catalina.core.ContainerBase$StartChild.call(ContainerBase.java:1322)
		at java.base/java.util.concurrent.FutureTask.run(FutureTask.java:264)
		at org.apache.tomcat.util.threads.InlineExecutorService.execute(InlineExecutorService.java:75)
		at java.base/java.util.concurrent.AbstractExecutorService.submit(AbstractExecutorService.java:145)
		at org.apache.catalina.core.ContainerBase.startInternal(ContainerBase.java:866)
		at org.apache.catalina.core.StandardEngine.startInternal(StandardEngine.java:248)
		at org.apache.catalina.util.LifecycleBase.start(LifecycleBase.java:171)
		at org.apache.catalina.core.StandardService.startInternal(StandardService.java:433)
		at org.apache.catalina.util.LifecycleBase.start(LifecycleBase.java:171)
		at org.apache.catalina.core.StandardServer.startInternal(StandardServer.java:921)
		at org.apache.catalina.util.LifecycleBase.start(LifecycleBase.java:171)
		at org.apache.catalina.startup.Catalina.start(Catalina.java:772)
		at java.base/jdk.internal.reflect.NativeMethodAccessorImpl.invoke0(Native Method)
		at java.base/jdk.internal.reflect.NativeMethodAccessorImpl.invoke(NativeMethodAccessorImpl.java:77)
		at java.base/jdk.internal.reflect.DelegatingMethodAccessorImpl.invoke(DelegatingMethodAccessorImpl.java:43)
		at java.base/java.lang.reflect.Method.invoke(Method.java:569)
		at org.apache.catalina.startup.Bootstrap.start(Bootstrap.java:347)
		at org.apache.catalina.startup.Bootstrap.main(Bootstrap.java:478)
	Caused by: java.lang.ClassNotFoundException: jakarta.servlet.ServletContextListener
		at org.apache.catalina.loader.WebappClassLoaderBase.loadClass(WebappClassLoaderBase.java:1329)
		at org.apache.catalina.loader.WebappClassLoaderBase.loadClass(WebappClassLoaderBase.java:1141)
		... 51 more
15-Apr-2026 11:39:06.278 SEVERE [main] org.apache.catalina.core.StandardContext.listenerStart Error configuring application listener of class [jenkins.JenkinsHttpSessionListener]
	java.lang.NoClassDefFoundError: jakarta/servlet/http/HttpSessionListener
		at java.base/java.lang.ClassLoader.defineClass1(Native Method)
		at java.base/java.lang.ClassLoader.defineClass(ClassLoader.java:1017)
		at java.base/java.security.SecureClassLoader.defineClass(SecureClassLoader.java:150)
		at org.apache.catalina.loader.WebappClassLoaderBase.findClassInternal(WebappClassLoaderBase.java:2337)
		at org.apache.catalina.loader.WebappClassLoaderBase.findClass(WebappClassLoaderBase.java:810)
		at org.apache.catalina.loader.WebappClassLoaderBase.loadClass(WebappClassLoaderBase.java:1293)
		at org.apache.catalina.loader.WebappClassLoaderBase.loadClass(WebappClassLoaderBase.java:1141)
		at org.apache.catalina.core.DefaultInstanceManager.loadClass(DefaultInstanceManager.java:488)
		at org.apache.catalina.core.DefaultInstanceManager.loadClassMaybePrivileged(DefaultInstanceManager.java:470)
		at org.apache.catalina.core.DefaultInstanceManager.newInstance(DefaultInstanceManager.java:142)
		at org.apache.catalina.core.StandardContext.listenerStart(StandardContext.java:4389)
		at org.apache.catalina.core.StandardContext.startInternal(StandardContext.java:4914)
		at org.apache.catalina.util.LifecycleBase.start(LifecycleBase.java:171)
		at org.apache.catalina.core.ContainerBase.addChildInternal(ContainerBase.java:683)
		at org.apache.catalina.core.ContainerBase.addChild(ContainerBase.java:658)
		at org.apache.catalina.core.StandardHost.addChild(StandardHost.java:661)
		at org.apache.catalina.startup.HostConfig.deployWAR(HostConfig.java:1025)
		at org.apache.catalina.startup.HostConfig$DeployWar.run(HostConfig.java:1919)
		at java.base/java.util.concurrent.Executors$RunnableAdapter.call(Executors.java:539)
		at java.base/java.util.concurrent.FutureTask.run(FutureTask.java:264)
		at org.apache.tomcat.util.threads.InlineExecutorService.execute(InlineExecutorService.java:75)
		at java.base/java.util.concurrent.AbstractExecutorService.submit(AbstractExecutorService.java:123)
		at org.apache.catalina.startup.HostConfig.deployWARs(HostConfig.java:826)
		at org.apache.catalina.startup.HostConfig.deployApps(HostConfig.java:476)
		at org.apache.catalina.startup.HostConfig.start(HostConfig.java:1619)
		at org.apache.catalina.startup.HostConfig.lifecycleEvent(HostConfig.java:318)
		at org.apache.catalina.util.LifecycleBase.fireLifecycleEvent(LifecycleBase.java:114)
		at org.apache.catalina.util.LifecycleBase.setStateInternal(LifecycleBase.java:402)
		at org.apache.catalina.util.LifecycleBase.setState(LifecycleBase.java:345)
		at org.apache.catalina.core.ContainerBase.startInternal(ContainerBase.java:893)
		at org.apache.catalina.core.StandardHost.startInternal(StandardHost.java:794)
		at org.apache.catalina.util.LifecycleBase.start(LifecycleBase.java:171)
		at org.apache.catalina.core.ContainerBase$StartChild.call(ContainerBase.java:1332)
		at org.apache.catalina.core.ContainerBase$StartChild.call(ContainerBase.java:1322)
		at java.base/java.util.concurrent.FutureTask.run(FutureTask.java:264)
		at org.apache.tomcat.util.threads.InlineExecutorService.execute(InlineExecutorService.java:75)
		at java.base/java.util.concurrent.AbstractExecutorService.submit(AbstractExecutorService.java:145)
		at org.apache.catalina.core.ContainerBase.startInternal(ContainerBase.java:866)
		at org.apache.catalina.core.StandardEngine.startInternal(StandardEngine.java:248)
		at org.apache.catalina.util.LifecycleBase.start(LifecycleBase.java:171)
		at org.apache.catalina.core.StandardService.startInternal(StandardService.java:433)
		at org.apache.catalina.util.LifecycleBase.start(LifecycleBase.java:171)
		at org.apache.catalina.core.StandardServer.startInternal(StandardServer.java:921)
		at org.apache.catalina.util.LifecycleBase.start(LifecycleBase.java:171)
		at org.apache.catalina.startup.Catalina.start(Catalina.java:772)
		at java.base/jdk.internal.reflect.NativeMethodAccessorImpl.invoke0(Native Method)
		at java.base/jdk.internal.reflect.NativeMethodAccessorImpl.invoke(NativeMethodAccessorImpl.java:77)
		at java.base/jdk.internal.reflect.DelegatingMethodAccessorImpl.invoke(DelegatingMethodAccessorImpl.java:43)
		at java.base/java.lang.reflect.Method.invoke(Method.java:569)
		at org.apache.catalina.startup.Bootstrap.start(Bootstrap.java:347)
		at org.apache.catalina.startup.Bootstrap.main(Bootstrap.java:478)
	Caused by: java.lang.ClassNotFoundException: jakarta.servlet.http.HttpSessionListener
		at org.apache.catalina.loader.WebappClassLoaderBase.loadClass(WebappClassLoaderBase.java:1329)
		at org.apache.catalina.loader.WebappClassLoaderBase.loadClass(WebappClassLoaderBase.java:1141)
		... 51 more
15-Apr-2026 11:39:06.280 SEVERE [main] org.apache.catalina.core.StandardContext.listenerStart Skipped installing application listeners due to previous error(s)
15-Apr-2026 11:39:20.934 INFO [main] org.apache.catalina.core.ApplicationContext.log No Spring WebApplicationInitializer types detected on classpath
15-Apr-2026 11:39:21.951 INFO [main] org.apache.catalina.core.ApplicationContext.log ContextListener: contextInitialized()
15-Apr-2026 11:39:21.952 INFO [main] org.apache.catalina.core.ApplicationContext.log SessionListener: contextInitialized()
15-Apr-2026 11:39:21.958 INFO [main] org.apache.catalina.core.ApplicationContext.log ContextListener: attributeAdded('StockTicker', 'async.Stockticker@5081426d')
15-Apr-2026 11:50:42.632 INFO [main] org.apache.catalina.core.ApplicationContext.log SessionListener: contextDestroyed()
15-Apr-2026 11:50:42.633 INFO [main] org.apache.catalina.core.ApplicationContext.log ContextListener: contextDestroyed()
15-Apr-2026 11:51:18.096 SEVERE [main] org.apache.catalina.core.StandardContext.listenerStart Error configuring application listener of class [jenkins.util.SystemProperties$Listener]
	java.lang.NoClassDefFoundError: jakarta/servlet/ServletContextListener
		at java.base/java.lang.ClassLoader.defineClass1(Native Method)
		at java.base/java.lang.ClassLoader.defineClass(ClassLoader.java:1017)
		at java.base/java.security.SecureClassLoader.defineClass(SecureClassLoader.java:150)
		at org.apache.catalina.loader.WebappClassLoaderBase.findClassInternal(WebappClassLoaderBase.java:2337)
		at org.apache.catalina.loader.WebappClassLoaderBase.findClass(WebappClassLoaderBase.java:810)
		at org.apache.catalina.loader.WebappClassLoaderBase.loadClass(WebappClassLoaderBase.java:1293)
		at org.apache.catalina.loader.WebappClassLoaderBase.loadClass(WebappClassLoaderBase.java:1141)
		at org.apache.catalina.core.DefaultInstanceManager.loadClass(DefaultInstanceManager.java:488)
		at org.apache.catalina.core.DefaultInstanceManager.loadClassMaybePrivileged(DefaultInstanceManager.java:470)
		at org.apache.catalina.core.DefaultInstanceManager.newInstance(DefaultInstanceManager.java:142)
		at org.apache.catalina.core.StandardContext.listenerStart(StandardContext.java:4389)
		at org.apache.catalina.core.StandardContext.startInternal(StandardContext.java:4914)
		at org.apache.catalina.util.LifecycleBase.start(LifecycleBase.java:171)
		at org.apache.catalina.core.ContainerBase.addChildInternal(ContainerBase.java:683)
		at org.apache.catalina.core.ContainerBase.addChild(ContainerBase.java:658)
		at org.apache.catalina.core.StandardHost.addChild(StandardHost.java:661)
		at org.apache.catalina.startup.HostConfig.deployWAR(HostConfig.java:1025)
		at org.apache.catalina.startup.HostConfig$DeployWar.run(HostConfig.java:1919)
		at java.base/java.util.concurrent.Executors$RunnableAdapter.call(Executors.java:539)
		at java.base/java.util.concurrent.FutureTask.run(FutureTask.java:264)
		at org.apache.tomcat.util.threads.InlineExecutorService.execute(InlineExecutorService.java:75)
		at java.base/java.util.concurrent.AbstractExecutorService.submit(AbstractExecutorService.java:123)
		at org.apache.catalina.startup.HostConfig.deployWARs(HostConfig.java:826)
		at org.apache.catalina.startup.HostConfig.deployApps(HostConfig.java:476)
		at org.apache.catalina.startup.HostConfig.start(HostConfig.java:1619)
		at org.apache.catalina.startup.HostConfig.lifecycleEvent(HostConfig.java:318)
		at org.apache.catalina.util.LifecycleBase.fireLifecycleEvent(LifecycleBase.java:114)
		at org.apache.catalina.util.LifecycleBase.setStateInternal(LifecycleBase.java:402)
		at org.apache.catalina.util.LifecycleBase.setState(LifecycleBase.java:345)
		at org.apache.catalina.core.ContainerBase.startInternal(ContainerBase.java:893)
		at org.apache.catalina.core.StandardHost.startInternal(StandardHost.java:794)
		at org.apache.catalina.util.LifecycleBase.start(LifecycleBase.java:171)
		at org.apache.catalina.core.ContainerBase$StartChild.call(ContainerBase.java:1332)
		at org.apache.catalina.core.ContainerBase$StartChild.call(ContainerBase.java:1322)
		at java.base/java.util.concurrent.FutureTask.run(FutureTask.java:264)
		at org.apache.tomcat.util.threads.InlineExecutorService.execute(InlineExecutorService.java:75)
		at java.base/java.util.concurrent.AbstractExecutorService.submit(AbstractExecutorService.java:145)
		at org.apache.catalina.core.ContainerBase.startInternal(ContainerBase.java:866)
		at org.apache.catalina.core.StandardEngine.startInternal(StandardEngine.java:248)
		at org.apache.catalina.util.LifecycleBase.start(LifecycleBase.java:171)
		at org.apache.catalina.core.StandardService.startInternal(StandardService.java:433)
		at org.apache.catalina.util.LifecycleBase.start(LifecycleBase.java:171)
		at org.apache.catalina.core.StandardServer.startInternal(StandardServer.java:921)
		at org.apache.catalina.util.LifecycleBase.start(LifecycleBase.java:171)
		at org.apache.catalina.startup.Catalina.start(Catalina.java:772)
		at java.base/jdk.internal.reflect.NativeMethodAccessorImpl.invoke0(Native Method)
		at java.base/jdk.internal.reflect.NativeMethodAccessorImpl.invoke(NativeMethodAccessorImpl.java:77)
		at java.base/jdk.internal.reflect.DelegatingMethodAccessorImpl.invoke(DelegatingMethodAccessorImpl.java:43)
		at java.base/java.lang.reflect.Method.invoke(Method.java:569)
		at org.apache.catalina.startup.Bootstrap.start(Bootstrap.java:347)
		at org.apache.catalina.startup.Bootstrap.main(Bootstrap.java:478)
	Caused by: java.lang.ClassNotFoundException: jakarta.servlet.ServletContextListener
		at org.apache.catalina.loader.WebappClassLoaderBase.loadClass(WebappClassLoaderBase.java:1329)
		at org.apache.catalina.loader.WebappClassLoaderBase.loadClass(WebappClassLoaderBase.java:1141)
		... 51 more
15-Apr-2026 11:51:18.100 SEVERE [main] org.apache.catalina.core.StandardContext.listenerStart Error configuring application listener of class [hudson.WebAppMain]
	java.lang.NoClassDefFoundError: jakarta/servlet/ServletContextListener
		at java.base/java.lang.ClassLoader.defineClass1(Native Method)
		at java.base/java.lang.ClassLoader.defineClass(ClassLoader.java:1017)
		at java.base/java.security.SecureClassLoader.defineClass(SecureClassLoader.java:150)
		at org.apache.catalina.loader.WebappClassLoaderBase.findClassInternal(WebappClassLoaderBase.java:2337)
		at org.apache.catalina.loader.WebappClassLoaderBase.findClass(WebappClassLoaderBase.java:810)
		at org.apache.catalina.loader.WebappClassLoaderBase.loadClass(WebappClassLoaderBase.java:1293)
		at org.apache.catalina.loader.WebappClassLoaderBase.loadClass(WebappClassLoaderBase.java:1141)
		at org.apache.catalina.core.DefaultInstanceManager.loadClass(DefaultInstanceManager.java:488)
		at org.apache.catalina.core.DefaultInstanceManager.loadClassMaybePrivileged(DefaultInstanceManager.java:470)
		at org.apache.catalina.core.DefaultInstanceManager.newInstance(DefaultInstanceManager.java:142)
		at org.apache.catalina.core.StandardContext.listenerStart(StandardContext.java:4389)
		at org.apache.catalina.core.StandardContext.startInternal(StandardContext.java:4914)
		at org.apache.catalina.util.LifecycleBase.start(LifecycleBase.java:171)
		at org.apache.catalina.core.ContainerBase.addChildInternal(ContainerBase.java:683)
		at org.apache.catalina.core.ContainerBase.addChild(ContainerBase.java:658)
		at org.apache.catalina.core.StandardHost.addChild(StandardHost.java:661)
		at org.apache.catalina.startup.HostConfig.deployWAR(HostConfig.java:1025)
		at org.apache.catalina.startup.HostConfig$DeployWar.run(HostConfig.java:1919)
		at java.base/java.util.concurrent.Executors$RunnableAdapter.call(Executors.java:539)
		at java.base/java.util.concurrent.FutureTask.run(FutureTask.java:264)
		at org.apache.tomcat.util.threads.InlineExecutorService.execute(InlineExecutorService.java:75)
		at java.base/java.util.concurrent.AbstractExecutorService.submit(AbstractExecutorService.java:123)
		at org.apache.catalina.startup.HostConfig.deployWARs(HostConfig.java:826)
		at org.apache.catalina.startup.HostConfig.deployApps(HostConfig.java:476)
		at org.apache.catalina.startup.HostConfig.start(HostConfig.java:1619)
		at org.apache.catalina.startup.HostConfig.lifecycleEvent(HostConfig.java:318)
		at org.apache.catalina.util.LifecycleBase.fireLifecycleEvent(LifecycleBase.java:114)
		at org.apache.catalina.util.LifecycleBase.setStateInternal(LifecycleBase.java:402)
		at org.apache.catalina.util.LifecycleBase.setState(LifecycleBase.java:345)
		at org.apache.catalina.core.ContainerBase.startInternal(ContainerBase.java:893)
		at org.apache.catalina.core.StandardHost.startInternal(StandardHost.java:794)
		at org.apache.catalina.util.LifecycleBase.start(LifecycleBase.java:171)
		at org.apache.catalina.core.ContainerBase$StartChild.call(ContainerBase.java:1332)
		at org.apache.catalina.core.ContainerBase$StartChild.call(ContainerBase.java:1322)
		at java.base/java.util.concurrent.FutureTask.run(FutureTask.java:264)
		at org.apache.tomcat.util.threads.InlineExecutorService.execute(InlineExecutorService.java:75)
		at java.base/java.util.concurrent.AbstractExecutorService.submit(AbstractExecutorService.java:145)
		at org.apache.catalina.core.ContainerBase.startInternal(ContainerBase.java:866)
		at org.apache.catalina.core.StandardEngine.startInternal(StandardEngine.java:248)
		at org.apache.catalina.util.LifecycleBase.start(LifecycleBase.java:171)
		at org.apache.catalina.core.StandardService.startInternal(StandardService.java:433)
		at org.apache.catalina.util.LifecycleBase.start(LifecycleBase.java:171)
		at org.apache.catalina.core.StandardServer.startInternal(StandardServer.java:921)
		at org.apache.catalina.util.LifecycleBase.start(LifecycleBase.java:171)
		at org.apache.catalina.startup.Catalina.start(Catalina.java:772)
		at java.base/jdk.internal.reflect.NativeMethodAccessorImpl.invoke0(Native Method)
		at java.base/jdk.internal.reflect.NativeMethodAccessorImpl.invoke(NativeMethodAccessorImpl.java:77)
		at java.base/jdk.internal.reflect.DelegatingMethodAccessorImpl.invoke(DelegatingMethodAccessorImpl.java:43)
		at java.base/java.lang.reflect.Method.invoke(Method.java:569)
		at org.apache.catalina.startup.Bootstrap.start(Bootstrap.java:347)
		at org.apache.catalina.startup.Bootstrap.main(Bootstrap.java:478)
	Caused by: java.lang.ClassNotFoundException: jakarta.servlet.ServletContextListener
		at org.apache.catalina.loader.WebappClassLoaderBase.loadClass(WebappClassLoaderBase.java:1329)
		at org.apache.catalina.loader.WebappClassLoaderBase.loadClass(WebappClassLoaderBase.java:1141)
		... 51 more
15-Apr-2026 11:51:18.104 SEVERE [main] org.apache.catalina.core.StandardContext.listenerStart Error configuring application listener of class [jenkins.JenkinsHttpSessionListener]
	java.lang.NoClassDefFoundError: jakarta/servlet/http/HttpSessionListener
		at java.base/java.lang.ClassLoader.defineClass1(Native Method)
		at java.base/java.lang.ClassLoader.defineClass(ClassLoader.java:1017)
		at java.base/java.security.SecureClassLoader.defineClass(SecureClassLoader.java:150)
		at org.apache.catalina.loader.WebappClassLoaderBase.findClassInternal(WebappClassLoaderBase.java:2337)
		at org.apache.catalina.loader.WebappClassLoaderBase.findClass(WebappClassLoaderBase.java:810)
		at org.apache.catalina.loader.WebappClassLoaderBase.loadClass(WebappClassLoaderBase.java:1293)
		at org.apache.catalina.loader.WebappClassLoaderBase.loadClass(WebappClassLoaderBase.java:1141)
		at org.apache.catalina.core.DefaultInstanceManager.loadClass(DefaultInstanceManager.java:488)
		at org.apache.catalina.core.DefaultInstanceManager.loadClassMaybePrivileged(DefaultInstanceManager.java:470)
		at org.apache.catalina.core.DefaultInstanceManager.newInstance(DefaultInstanceManager.java:142)
		at org.apache.catalina.core.StandardContext.listenerStart(StandardContext.java:4389)
		at org.apache.catalina.core.StandardContext.startInternal(StandardContext.java:4914)
		at org.apache.catalina.util.LifecycleBase.start(LifecycleBase.java:171)
		at org.apache.catalina.core.ContainerBase.addChildInternal(ContainerBase.java:683)
		at org.apache.catalina.core.ContainerBase.addChild(ContainerBase.java:658)
		at org.apache.catalina.core.StandardHost.addChild(StandardHost.java:661)
		at org.apache.catalina.startup.HostConfig.deployWAR(HostConfig.java:1025)
		at org.apache.catalina.startup.HostConfig$DeployWar.run(HostConfig.java:1919)
		at java.base/java.util.concurrent.Executors$RunnableAdapter.call(Executors.java:539)
		at java.base/java.util.concurrent.FutureTask.run(FutureTask.java:264)
		at org.apache.tomcat.util.threads.InlineExecutorService.execute(InlineExecutorService.java:75)
		at java.base/java.util.concurrent.AbstractExecutorService.submit(AbstractExecutorService.java:123)
		at org.apache.catalina.startup.HostConfig.deployWARs(HostConfig.java:826)
		at org.apache.catalina.startup.HostConfig.deployApps(HostConfig.java:476)
		at org.apache.catalina.startup.HostConfig.start(HostConfig.java:1619)
		at org.apache.catalina.startup.HostConfig.lifecycleEvent(HostConfig.java:318)
		at org.apache.catalina.util.LifecycleBase.fireLifecycleEvent(LifecycleBase.java:114)
		at org.apache.catalina.util.LifecycleBase.setStateInternal(LifecycleBase.java:402)
		at org.apache.catalina.util.LifecycleBase.setState(LifecycleBase.java:345)
		at org.apache.catalina.core.ContainerBase.startInternal(ContainerBase.java:893)
		at org.apache.catalina.core.StandardHost.startInternal(StandardHost.java:794)
		at org.apache.catalina.util.LifecycleBase.start(LifecycleBase.java:171)
		at org.apache.catalina.core.ContainerBase$StartChild.call(ContainerBase.java:1332)
		at org.apache.catalina.core.ContainerBase$StartChild.call(ContainerBase.java:1322)
		at java.base/java.util.concurrent.FutureTask.run(FutureTask.java:264)
		at org.apache.tomcat.util.threads.InlineExecutorService.execute(InlineExecutorService.java:75)
		at java.base/java.util.concurrent.AbstractExecutorService.submit(AbstractExecutorService.java:145)
		at org.apache.catalina.core.ContainerBase.startInternal(ContainerBase.java:866)
		at org.apache.catalina.core.StandardEngine.startInternal(StandardEngine.java:248)
		at org.apache.catalina.util.LifecycleBase.start(LifecycleBase.java:171)
		at org.apache.catalina.core.StandardService.startInternal(StandardService.java:433)
		at org.apache.catalina.util.LifecycleBase.start(LifecycleBase.java:171)
		at org.apache.catalina.core.StandardServer.startInternal(StandardServer.java:921)
		at org.apache.catalina.util.LifecycleBase.start(LifecycleBase.java:171)
		at org.apache.catalina.startup.Catalina.start(Catalina.java:772)
		at java.base/jdk.internal.reflect.NativeMethodAccessorImpl.invoke0(Native Method)
		at java.base/jdk.internal.reflect.NativeMethodAccessorImpl.invoke(NativeMethodAccessorImpl.java:77)
		at java.base/jdk.internal.reflect.DelegatingMethodAccessorImpl.invoke(DelegatingMethodAccessorImpl.java:43)
		at java.base/java.lang.reflect.Method.invoke(Method.java:569)
		at org.apache.catalina.startup.Bootstrap.start(Bootstrap.java:347)
		at org.apache.catalina.startup.Bootstrap.main(Bootstrap.java:478)
	Caused by: java.lang.ClassNotFoundException: jakarta.servlet.http.HttpSessionListener
		at org.apache.catalina.loader.WebappClassLoaderBase.loadClass(WebappClassLoaderBase.java:1329)
		at org.apache.catalina.loader.WebappClassLoaderBase.loadClass(WebappClassLoaderBase.java:1141)
		... 51 more
15-Apr-2026 11:51:18.105 SEVERE [main] org.apache.catalina.core.StandardContext.listenerStart Skipped installing application listeners due to previous error(s)
15-Apr-2026 11:51:32.144 INFO [main] org.apache.catalina.core.ApplicationContext.log No Spring WebApplicationInitializer types detected on classpath
15-Apr-2026 11:51:32.790 INFO [main] org.apache.catalina.core.ApplicationContext.log ContextListener: contextInitialized()
15-Apr-2026 11:51:32.791 INFO [main] org.apache.catalina.core.ApplicationContext.log SessionListener: contextInitialized()
15-Apr-2026 11:51:32.796 INFO [main] org.apache.catalina.core.ApplicationContext.log ContextListener: attributeAdded('StockTicker', 'async.Stockticker@5081426d')
15-Apr-2026 11:53:30.312 INFO [main] org.apache.catalina.core.ApplicationContext.log SessionListener: contextDestroyed()
15-Apr-2026 11:53:30.312 INFO [main] org.apache.catalina.core.ApplicationContext.log ContextListener: contextDestroyed()
15-Apr-2026 11:59:42.719 SEVERE [main] org.apache.catalina.core.StandardContext.listenerStart Error configuring application listener of class [jenkins.util.SystemProperties$Listener]
	java.lang.NoClassDefFoundError: jakarta/servlet/ServletContextListener
		at java.base/java.lang.ClassLoader.defineClass1(Native Method)
		at java.base/java.lang.ClassLoader.defineClass(ClassLoader.java:1017)
		at java.base/java.security.SecureClassLoader.defineClass(SecureClassLoader.java:150)
		at org.apache.catalina.loader.WebappClassLoaderBase.findClassInternal(WebappClassLoaderBase.java:2337)
		at org.apache.catalina.loader.WebappClassLoaderBase.findClass(WebappClassLoaderBase.java:810)
		at org.apache.catalina.loader.WebappClassLoaderBase.loadClass(WebappClassLoaderBase.java:1293)
		at org.apache.catalina.loader.WebappClassLoaderBase.loadClass(WebappClassLoaderBase.java:1141)
		at org.apache.catalina.core.DefaultInstanceManager.loadClass(DefaultInstanceManager.java:488)
		at org.apache.catalina.core.DefaultInstanceManager.loadClassMaybePrivileged(DefaultInstanceManager.java:470)
		at org.apache.catalina.core.DefaultInstanceManager.newInstance(DefaultInstanceManager.java:142)
		at org.apache.catalina.core.StandardContext.listenerStart(StandardContext.java:4389)
		at org.apache.catalina.core.StandardContext.startInternal(StandardContext.java:4914)
		at org.apache.catalina.util.LifecycleBase.start(LifecycleBase.java:171)
		at org.apache.catalina.core.ContainerBase.addChildInternal(ContainerBase.java:683)
		at org.apache.catalina.core.ContainerBase.addChild(ContainerBase.java:658)
		at org.apache.catalina.core.StandardHost.addChild(StandardHost.java:661)
		at org.apache.catalina.startup.HostConfig.deployWAR(HostConfig.java:1025)
		at org.apache.catalina.startup.HostConfig$DeployWar.run(HostConfig.java:1919)
		at java.base/java.util.concurrent.Executors$RunnableAdapter.call(Executors.java:539)
		at java.base/java.util.concurrent.FutureTask.run(FutureTask.java:264)
		at org.apache.tomcat.util.threads.InlineExecutorService.execute(InlineExecutorService.java:75)
		at java.base/java.util.concurrent.AbstractExecutorService.submit(AbstractExecutorService.java:123)
		at org.apache.catalina.startup.HostConfig.deployWARs(HostConfig.java:826)
		at org.apache.catalina.startup.HostConfig.deployApps(HostConfig.java:476)
		at org.apache.catalina.startup.HostConfig.start(HostConfig.java:1619)
		at org.apache.catalina.startup.HostConfig.lifecycleEvent(HostConfig.java:318)
		at org.apache.catalina.util.LifecycleBase.fireLifecycleEvent(LifecycleBase.java:114)
		at org.apache.catalina.util.LifecycleBase.setStateInternal(LifecycleBase.java:402)
		at org.apache.catalina.util.LifecycleBase.setState(LifecycleBase.java:345)
		at org.apache.catalina.core.ContainerBase.startInternal(ContainerBase.java:893)
		at org.apache.catalina.core.StandardHost.startInternal(StandardHost.java:794)
		at org.apache.catalina.util.LifecycleBase.start(LifecycleBase.java:171)
		at org.apache.catalina.core.ContainerBase$StartChild.call(ContainerBase.java:1332)
		at org.apache.catalina.core.ContainerBase$StartChild.call(ContainerBase.java:1322)
		at java.base/java.util.concurrent.FutureTask.run(FutureTask.java:264)
		at org.apache.tomcat.util.threads.InlineExecutorService.execute(InlineExecutorService.java:75)
		at java.base/java.util.concurrent.AbstractExecutorService.submit(AbstractExecutorService.java:145)
		at org.apache.catalina.core.ContainerBase.startInternal(ContainerBase.java:866)
		at org.apache.catalina.core.StandardEngine.startInternal(StandardEngine.java:248)
		at org.apache.catalina.util.LifecycleBase.start(LifecycleBase.java:171)
		at org.apache.catalina.core.StandardService.startInternal(StandardService.java:433)
		at org.apache.catalina.util.LifecycleBase.start(LifecycleBase.java:171)
		at org.apache.catalina.core.StandardServer.startInternal(StandardServer.java:921)
		at org.apache.catalina.util.LifecycleBase.start(LifecycleBase.java:171)
		at org.apache.catalina.startup.Catalina.start(Catalina.java:772)
		at java.base/jdk.internal.reflect.NativeMethodAccessorImpl.invoke0(Native Method)
		at java.base/jdk.internal.reflect.NativeMethodAccessorImpl.invoke(NativeMethodAccessorImpl.java:77)
		at java.base/jdk.internal.reflect.DelegatingMethodAccessorImpl.invoke(DelegatingMethodAccessorImpl.java:43)
		at java.base/java.lang.reflect.Method.invoke(Method.java:569)
		at org.apache.catalina.startup.Bootstrap.start(Bootstrap.java:347)
		at org.apache.catalina.startup.Bootstrap.main(Bootstrap.java:478)
	Caused by: java.lang.ClassNotFoundException: jakarta.servlet.ServletContextListener
		at org.apache.catalina.loader.WebappClassLoaderBase.loadClass(WebappClassLoaderBase.java:1329)
		at org.apache.catalina.loader.WebappClassLoaderBase.loadClass(WebappClassLoaderBase.java:1141)
		... 51 more
15-Apr-2026 11:59:42.725 SEVERE [main] org.apache.catalina.core.StandardContext.listenerStart Error configuring application listener of class [hudson.WebAppMain]
	java.lang.NoClassDefFoundError: jakarta/servlet/ServletContextListener
		at java.base/java.lang.ClassLoader.defineClass1(Native Method)
		at java.base/java.lang.ClassLoader.defineClass(ClassLoader.java:1017)
		at java.base/java.security.SecureClassLoader.defineClass(SecureClassLoader.java:150)
		at org.apache.catalina.loader.WebappClassLoaderBase.findClassInternal(WebappClassLoaderBase.java:2337)
		at org.apache.catalina.loader.WebappClassLoaderBase.findClass(WebappClassLoaderBase.java:810)
		at org.apache.catalina.loader.WebappClassLoaderBase.loadClass(WebappClassLoaderBase.java:1293)
		at org.apache.catalina.loader.WebappClassLoaderBase.loadClass(WebappClassLoaderBase.java:1141)
		at org.apache.catalina.core.DefaultInstanceManager.loadClass(DefaultInstanceManager.java:488)
		at org.apache.catalina.core.DefaultInstanceManager.loadClassMaybePrivileged(DefaultInstanceManager.java:470)
		at org.apache.catalina.core.DefaultInstanceManager.newInstance(DefaultInstanceManager.java:142)
		at org.apache.catalina.core.StandardContext.listenerStart(StandardContext.java:4389)
		at org.apache.catalina.core.StandardContext.startInternal(StandardContext.java:4914)
		at org.apache.catalina.util.LifecycleBase.start(LifecycleBase.java:171)
		at org.apache.catalina.core.ContainerBase.addChildInternal(ContainerBase.java:683)
		at org.apache.catalina.core.ContainerBase.addChild(ContainerBase.java:658)
		at org.apache.catalina.core.StandardHost.addChild(StandardHost.java:661)
		at org.apache.catalina.startup.HostConfig.deployWAR(HostConfig.java:1025)
		at org.apache.catalina.startup.HostConfig$DeployWar.run(HostConfig.java:1919)
		at java.base/java.util.concurrent.Executors$RunnableAdapter.call(Executors.java:539)
		at java.base/java.util.concurrent.FutureTask.run(FutureTask.java:264)
		at org.apache.tomcat.util.threads.InlineExecutorService.execute(InlineExecutorService.java:75)
		at java.base/java.util.concurrent.AbstractExecutorService.submit(AbstractExecutorService.java:123)
		at org.apache.catalina.startup.HostConfig.deployWARs(HostConfig.java:826)
		at org.apache.catalina.startup.HostConfig.deployApps(HostConfig.java:476)
		at org.apache.catalina.startup.HostConfig.start(HostConfig.java:1619)
		at org.apache.catalina.startup.HostConfig.lifecycleEvent(HostConfig.java:318)
		at org.apache.catalina.util.LifecycleBase.fireLifecycleEvent(LifecycleBase.java:114)
		at org.apache.catalina.util.LifecycleBase.setStateInternal(LifecycleBase.java:402)
		at org.apache.catalina.util.LifecycleBase.setState(LifecycleBase.java:345)
		at org.apache.catalina.core.ContainerBase.startInternal(ContainerBase.java:893)
		at org.apache.catalina.core.StandardHost.startInternal(StandardHost.java:794)
		at org.apache.catalina.util.LifecycleBase.start(LifecycleBase.java:171)
		at org.apache.catalina.core.ContainerBase$StartChild.call(ContainerBase.java:1332)
		at org.apache.catalina.core.ContainerBase$StartChild.call(ContainerBase.java:1322)
		at java.base/java.util.concurrent.FutureTask.run(FutureTask.java:264)
		at org.apache.tomcat.util.threads.InlineExecutorService.execute(InlineExecutorService.java:75)
		at java.base/java.util.concurrent.AbstractExecutorService.submit(AbstractExecutorService.java:145)
		at org.apache.catalina.core.ContainerBase.startInternal(ContainerBase.java:866)
		at org.apache.catalina.core.StandardEngine.startInternal(StandardEngine.java:248)
		at org.apache.catalina.util.LifecycleBase.start(LifecycleBase.java:171)
		at org.apache.catalina.core.StandardService.startInternal(StandardService.java:433)
		at org.apache.catalina.util.LifecycleBase.start(LifecycleBase.java:171)
		at org.apache.catalina.core.StandardServer.startInternal(StandardServer.java:921)
		at org.apache.catalina.util.LifecycleBase.start(LifecycleBase.java:171)
		at org.apache.catalina.startup.Catalina.start(Catalina.java:772)
		at java.base/jdk.internal.reflect.NativeMethodAccessorImpl.invoke0(Native Method)
		at java.base/jdk.internal.reflect.NativeMethodAccessorImpl.invoke(NativeMethodAccessorImpl.java:77)
		at java.base/jdk.internal.reflect.DelegatingMethodAccessorImpl.invoke(DelegatingMethodAccessorImpl.java:43)
		at java.base/java.lang.reflect.Method.invoke(Method.java:569)
		at org.apache.catalina.startup.Bootstrap.start(Bootstrap.java:347)
		at org.apache.catalina.startup.Bootstrap.main(Bootstrap.java:478)
	Caused by: java.lang.ClassNotFoundException: jakarta.servlet.ServletContextListener
		at org.apache.catalina.loader.WebappClassLoaderBase.loadClass(WebappClassLoaderBase.java:1329)
		at org.apache.catalina.loader.WebappClassLoaderBase.loadClass(WebappClassLoaderBase.java:1141)
		... 51 more
15-Apr-2026 11:59:42.727 SEVERE [main] org.apache.catalina.core.StandardContext.listenerStart Error configuring application listener of class [jenkins.JenkinsHttpSessionListener]
	java.lang.NoClassDefFoundError: jakarta/servlet/http/HttpSessionListener
		at java.base/java.lang.ClassLoader.defineClass1(Native Method)
		at java.base/java.lang.ClassLoader.defineClass(ClassLoader.java:1017)
		at java.base/java.security.SecureClassLoader.defineClass(SecureClassLoader.java:150)
		at org.apache.catalina.loader.WebappClassLoaderBase.findClassInternal(WebappClassLoaderBase.java:2337)
		at org.apache.catalina.loader.WebappClassLoaderBase.findClass(WebappClassLoaderBase.java:810)
		at org.apache.catalina.loader.WebappClassLoaderBase.loadClass(WebappClassLoaderBase.java:1293)
		at org.apache.catalina.loader.WebappClassLoaderBase.loadClass(WebappClassLoaderBase.java:1141)
		at org.apache.catalina.core.DefaultInstanceManager.loadClass(DefaultInstanceManager.java:488)
		at org.apache.catalina.core.DefaultInstanceManager.loadClassMaybePrivileged(DefaultInstanceManager.java:470)
		at org.apache.catalina.core.DefaultInstanceManager.newInstance(DefaultInstanceManager.java:142)
		at org.apache.catalina.core.StandardContext.listenerStart(StandardContext.java:4389)
		at org.apache.catalina.core.StandardContext.startInternal(StandardContext.java:4914)
		at org.apache.catalina.util.LifecycleBase.start(LifecycleBase.java:171)
		at org.apache.catalina.core.ContainerBase.addChildInternal(ContainerBase.java:683)
		at org.apache.catalina.core.ContainerBase.addChild(ContainerBase.java:658)
		at org.apache.catalina.core.StandardHost.addChild(StandardHost.java:661)
		at org.apache.catalina.startup.HostConfig.deployWAR(HostConfig.java:1025)
		at org.apache.catalina.startup.HostConfig$DeployWar.run(HostConfig.java:1919)
		at java.base/java.util.concurrent.Executors$RunnableAdapter.call(Executors.java:539)
		at java.base/java.util.concurrent.FutureTask.run(FutureTask.java:264)
		at org.apache.tomcat.util.threads.InlineExecutorService.execute(InlineExecutorService.java:75)
		at java.base/java.util.concurrent.AbstractExecutorService.submit(AbstractExecutorService.java:123)
		at org.apache.catalina.startup.HostConfig.deployWARs(HostConfig.java:826)
		at org.apache.catalina.startup.HostConfig.deployApps(HostConfig.java:476)
		at org.apache.catalina.startup.HostConfig.start(HostConfig.java:1619)
		at org.apache.catalina.startup.HostConfig.lifecycleEvent(HostConfig.java:318)
		at org.apache.catalina.util.LifecycleBase.fireLifecycleEvent(LifecycleBase.java:114)
		at org.apache.catalina.util.LifecycleBase.setStateInternal(LifecycleBase.java:402)
		at org.apache.catalina.util.LifecycleBase.setState(LifecycleBase.java:345)
		at org.apache.catalina.core.ContainerBase.startInternal(ContainerBase.java:893)
		at org.apache.catalina.core.StandardHost.startInternal(StandardHost.java:794)
		at org.apache.catalina.util.LifecycleBase.start(LifecycleBase.java:171)
		at org.apache.catalina.core.ContainerBase$StartChild.call(ContainerBase.java:1332)
		at org.apache.catalina.core.ContainerBase$StartChild.call(ContainerBase.java:1322)
		at java.base/java.util.concurrent.FutureTask.run(FutureTask.java:264)
		at org.apache.tomcat.util.threads.InlineExecutorService.execute(InlineExecutorService.java:75)
		at java.base/java.util.concurrent.AbstractExecutorService.submit(AbstractExecutorService.java:145)
		at org.apache.catalina.core.ContainerBase.startInternal(ContainerBase.java:866)
		at org.apache.catalina.core.StandardEngine.startInternal(StandardEngine.java:248)
		at org.apache.catalina.util.LifecycleBase.start(LifecycleBase.java:171)
		at org.apache.catalina.core.StandardService.startInternal(StandardService.java:433)
		at org.apache.catalina.util.LifecycleBase.start(LifecycleBase.java:171)
		at org.apache.catalina.core.StandardServer.startInternal(StandardServer.java:921)
		at org.apache.catalina.util.LifecycleBase.start(LifecycleBase.java:171)
		at org.apache.catalina.startup.Catalina.start(Catalina.java:772)
		at java.base/jdk.internal.reflect.NativeMethodAccessorImpl.invoke0(Native Method)
		at java.base/jdk.internal.reflect.NativeMethodAccessorImpl.invoke(NativeMethodAccessorImpl.java:77)
		at java.base/jdk.internal.reflect.DelegatingMethodAccessorImpl.invoke(DelegatingMethodAccessorImpl.java:43)
		at java.base/java.lang.reflect.Method.invoke(Method.java:569)
		at org.apache.catalina.startup.Bootstrap.start(Bootstrap.java:347)
		at org.apache.catalina.startup.Bootstrap.main(Bootstrap.java:478)
	Caused by: java.lang.ClassNotFoundException: jakarta.servlet.http.HttpSessionListener
		at org.apache.catalina.loader.WebappClassLoaderBase.loadClass(WebappClassLoaderBase.java:1329)
		at org.apache.catalina.loader.WebappClassLoaderBase.loadClass(WebappClassLoaderBase.java:1141)
		... 51 more
15-Apr-2026 11:59:42.727 SEVERE [main] org.apache.catalina.core.StandardContext.listenerStart Skipped installing application listeners due to previous error(s)
15-Apr-2026 12:00:04.317 INFO [main] org.apache.catalina.core.ApplicationContext.log No Spring WebApplicationInitializer types detected on classpath
15-Apr-2026 12:00:05.544 INFO [main] org.apache.catalina.core.ApplicationContext.log ContextListener: contextInitialized()
15-Apr-2026 12:00:05.544 INFO [main] org.apache.catalina.core.ApplicationContext.log SessionListener: contextInitialized()
15-Apr-2026 12:00:05.548 INFO [main] org.apache.catalina.core.ApplicationContext.log ContextListener: attributeAdded('StockTicker', 'async.Stockticker@500d8768')
15-Apr-2026 12:01:02.772 INFO [main] org.apache.catalina.core.ApplicationContext.log SessionListener: contextDestroyed()
15-Apr-2026 12:01:02.772 INFO [main] org.apache.catalina.core.ApplicationContext.log ContextListener: contextDestroyed()
